"slug","title","archivePath","sourcePath","sourceBytes","archiveBytes","sourceSha256","archiveSha256","transformations"
"14th-point-the-architecture","14th Point The Architecture","pages/14th-point-the-architecture.md","/v5ma.github.io/wiki/content/14th-point-the-architecture.md","295","295","020c48800072423bc1c0b28d6f32bc06844f3b5441a4ae23b8340555e03b4070","020c48800072423bc1c0b28d6f32bc06844f3b5441a4ae23b8340555e03b4070",""
"3-medical-imaging-technologies-2018","3 Medical Imaging Technologies 2018","pages/3-medical-imaging-technologies-2018.md","/v5ma.github.io/wiki/content/3-medical-imaging-technologies-2018.md","9034","9034","19228d8c0838b6819b9579742e42c29b19246411e14441cfe8447dd9f0777f01","19228d8c0838b6819b9579742e42c29b19246411e14441cfe8447dd9f0777f01",""
"3d-cross-hair-cnn","3D Cross Hair Cnn","pages/3d-cross-hair-cnn.md","/v5ma.github.io/wiki/content/3d-cross-hair-cnn.md","2202","2202","8981c85db22ed675b05da1c99cc66d7d50678858a8fe474ed1f8fc4cd887072b","8981c85db22ed675b05da1c99cc66d7d50678858a8fe474ed1f8fc4cd887072b",""
"3d-cross-hair-cnns-2018","3d Cross Hair Cnns 2018","pages/3d-cross-hair-cnns-2018.md","/v5ma.github.io/wiki/content/3d-cross-hair-cnns-2018.md","1968","748","9c845310e7fb17202c8cb2ff26f5a4344aa1d8074fd39f380d46ae685cd6d18c","ddbad51c48742487c6d156f3657959e891e8d8d3720cf47fa39ac75bfbcf50b9","routeBlocksRemoved:1"
"3d-neural-network-brain","The Brain as a Three-Dimensional Neural Network","pages/3d-neural-network-brain.md","/v5ma.github.io/wiki/content/3d-neural-network-brain.md","10835","10835","9488b5d687a6ab317264f15a0d30c6d92922ccfd7799ba8fed701e9c9fe41e4a","9488b5d687a6ab317264f15a0d30c6d92922ccfd7799ba8fed701e9c9fe41e4a",""
"3d-protein-receptor","3D Receptor Structure, Cellular State, and Pattern Detection","pages/3d-protein-receptor.md","/v5ma.github.io/wiki/content/3d-protein-receptor.md","11174","11174","75571b78c0076da171d496019c08a5b2e025b6849536498ca05d7efa5cff99aa","75571b78c0076da171d496019c08a5b2e025b6849536498ca05d7efa5cff99aa",""
"3d-semantic-segmentation","3D Semantic Segmentation","pages/3d-semantic-segmentation.md","/v5ma.github.io/wiki/content/3d-semantic-segmentation.md","16717","16717","86f7c54b76dddc2ac1472a9622b05cf908016c1b06da4da81966920f2e1bfc63","86f7c54b76dddc2ac1472a9622b05cf908016c1b06da4da81966920f2e1bfc63",""
"a0018z","A0018z","pages/a0018z.md","/v5ma.github.io/wiki/content/a0018z.md","9948","9948","53de8f022aef2daa7cea6abed0bd5d473de62d15379c722498773e86b7748cba","53de8f022aef2daa7cea6abed0bd5d473de62d15379c722498773e86b7748cba",""
"a0041z-branch-map-dendritic-geometry-physics-fork","a0041z Branch Map: Dendritic Geometry, Multimodal Fields, and the Physics Fork","pages/a0041z-branch-map-dendritic-geometry-physics-fork.md","/v5ma.github.io/wiki/content/a0041z-branch-map-dendritic-geometry-physics-fork.md","4668","4653","03d59ff93281b8cafeb9d39ba2220ed0b468bcb49122846bdd78adec029b5a81","3a0a366d089749de711b28011e1610c0d5fc07fef4aa494ab664aee506be41d5","localPathsWithheld:1"
"a0251z-a0351z","A0251z A0351z","pages/a0251z-a0351z.md","/v5ma.github.io/wiki/content/a0251z-a0351z.md","1170","529","2d02d8c2f080f5d0af56e14519e32a1bc730bcb57dbda78ad88137090e5fcce0","279cd96d9f012412b4ca6fa7cd71f3a1228aeaa4c9dccf011610743f37fe3e58","routeBlocksRemoved:1"
"acausal-pattern","Acausal Pattern","pages/acausal-pattern.md","/v5ma.github.io/wiki/content/acausal-pattern.md","8908","8908","ff8c855c48ad867b0060e8950b2be1dddaaaed13dd52722106ea9558e112a4c3","ff8c855c48ad867b0060e8950b2be1dddaaaed13dd52722106ea9558e112a4c3",""
"acetylcholine","Acetylcholine: Receptor-Specific Modulation of Brain State, Routing, and Memory","pages/acetylcholine.md","/v5ma.github.io/wiki/content/acetylcholine.md","15831","15831","2e09a99c035438277208e3ca8d5d96f5d618a746e949e95d47eea03421ad0fd8","2e09a99c035438277208e3ca8d5d96f5d618a746e949e95d47eea03421ad0fd8",""
"action-potential-duration","Action Potential Duration","pages/action-potential-duration.md","/v5ma.github.io/wiki/content/action-potential-duration.md","14964","14964","20af92c3c8f865c25252192e9772af65d9f0a78e0a77cd6d082dbc50df9ee8a6","20af92c3c8f865c25252192e9772af65d9f0a78e0a77cd6d082dbc50df9ee8a6",""
"action-potential-magnetic-phase-field","Action-Potential Magnetic Field","pages/action-potential-magnetic-phase-field.md","/v5ma.github.io/wiki/content/action-potential-magnetic-phase-field.md","12133","12133","b78347ad480519c1157406b9f7ca6fa215438c9d4d8d71d4f482e597e8a08c34","b78347ad480519c1157406b9f7ca6fa215438c9d4d8d71d4f482e597e8a08c34",""
"action-potential-magnitude-via-duration","Action-Potential Magnitude Via Duration","pages/action-potential-magnitude-via-duration.md","/v5ma.github.io/wiki/content/action-potential-magnitude-via-duration.md","16497","16497","9c937d707ae2a8c3abf6a33f49e0eb3f2199704fd8d7c1bd8c5913a36e95c402","9c937d707ae2a8c3abf6a33f49e0eb3f2199704fd8d7c1bd8c5913a36e95c402",""
"action-potential-magnitude","Action-Potential Magnitude","pages/action-potential-magnitude.md","/v5ma.github.io/wiki/content/action-potential-magnitude.md","16658","16658","d69b1ba8d620c5023cba9585355a1be90260e458f86d2d92e3d9a2b29baa9291","d69b1ba8d620c5023cba9585355a1be90260e458f86d2d92e3d9a2b29baa9291",""
"action-potential-mitochondrial-reinforcement-hypothesis","Action-Potential/Mitochondrial Reinforcement Hypothesis","pages/action-potential-mitochondrial-reinforcement-hypothesis.md","/v5ma.github.io/wiki/content/action-potential-mitochondrial-reinforcement-hypothesis.md","2965","2965","58a294de5ef75e90f77b9b1d5d26ee383d587cddcf9544064e83a4fef5ca3c13","58a294de5ef75e90f77b9b1d5d26ee383d587cddcf9544064e83a4fef5ca3c13",""
"action-potential-phase-space","Action-Potential Phase Space","pages/action-potential-phase-space.md","/v5ma.github.io/wiki/content/action-potential-phase-space.md","13668","13668","30badce664d3f3b3b02a3670aacc4406bda6924da3a8eef0261283b29d349d9a","30badce664d3f3b3b02a3670aacc4406bda6924da3a8eef0261283b29d349d9a",""
"action-potential-topology","Action-Potential Topology","pages/action-potential-topology.md","/v5ma.github.io/wiki/content/action-potential-topology.md","14490","14490","a2b088664cb511fd0a7a734efe2a2798ac81aa1c0e12bafdb6d4b34c13bcc64a","a2b088664cb511fd0a7a734efe2a2798ac81aa1c0e12bafdb6d4b34c13bcc64a",""
"action-potential-waveform-encoding","Action-Potential Waveform Encoding","pages/action-potential-waveform-encoding.md","/v5ma.github.io/wiki/content/action-potential-waveform-encoding.md","11730","11730","b13140fcdf9077fd5c3f3e9769612b3f96302bf13a162ff91000e1d9ba9f76b7","b13140fcdf9077fd5c3f3e9769612b3f96302bf13a162ff91000e1d9ba9f76b7",""
"action-potential-waveform","Action Potential Waveform","pages/action-potential-waveform.md","/v5ma.github.io/wiki/content/action-potential-waveform.md","14750","14750","1af4f7ad74cebb9712b819e74b6ef7503d0f5dcf864fd65bb52c9dc59617f5de","1af4f7ad74cebb9712b819e74b6ef7503d0f5dcf864fd65bb52c9dc59617f5de",""
"action-potential","Action Potential","pages/action-potential.md","/v5ma.github.io/wiki/content/action-potential.md","13008","13008","ee88c3a58bf31bacbe0af3bb30ee64745410474dcc0c5968b672a538c5eaa753","ee88c3a58bf31bacbe0af3bb30ee64745410474dcc0c5968b672a538c5eaa753",""
"actions","Actions","pages/actions.md","/v5ma.github.io/wiki/content/actions.md","9379","9379","d18ccd4b0f2b0ef471fbcebe7be9d909458a493d3bda62f9e2da9aa7fd5bea90","d18ccd4b0f2b0ef471fbcebe7be9d909458a493d3bda62f9e2da9aa7fd5bea90",""
"active-inference","Active Inference","pages/active-inference.md","/v5ma.github.io/wiki/content/active-inference.md","16642","16642","a67258d7439b3f2d6c319f36a9b3f5e4d9fcb23c299d2f16083bd3e59f330a94","a67258d7439b3f2d6c319f36a9b3f5e4d9fcb23c299d2f16083bd3e59f330a94",""
"adaptive-multimodal-bci-command-decoding","Adaptive Multimodal BCI Command Decoding","pages/adaptive-multimodal-bci-command-decoding.md","/v5ma.github.io/wiki/content/adaptive-multimodal-bci-command-decoding.md","9174","9174","643d54853bd5b0a5c32c25d7ad3187b473b2c20d193ec7b4c8426cc30933245f","643d54853bd5b0a5c32c25d7ad3187b473b2c20d193ec7b4c8426cc30933245f",""
"adaptive-resonance-theory-napot-comparison","Adaptive Resonance Theory Napot Comparison","pages/adaptive-resonance-theory-napot-comparison.md","/v5ma.github.io/wiki/content/adaptive-resonance-theory-napot-comparison.md","3441","3441","e26d191afc186644c7b8a2bcd8c7fcb941279d8b99bb524a32a330bc952d2862","e26d191afc186644c7b8a2bcd8c7fcb941279d8b99bb524a32a330bc952d2862",""
"adaptive-resonance-theory-san-comparison","Adaptive Resonance Theory San Comparison","pages/adaptive-resonance-theory-san-comparison.md","/v5ma.github.io/wiki/content/adaptive-resonance-theory-san-comparison.md","2760","2760","f1855df6720ecf0f91f9507cc484886a5f37d967cad29e3d3b2da5181873f691","f1855df6720ecf0f91f9507cc484886a5f37d967cad29e3d3b2da5181873f691",""
"adaptive-resonance-theory","Adaptive Resonance Theory","pages/adaptive-resonance-theory.md","/v5ma.github.io/wiki/content/adaptive-resonance-theory.md","14221","14221","00c55980deed937e068edfebba2d623cb782d9676f30cdc0d42afb3b1a8ed94c","00c55980deed937e068edfebba2d623cb782d9676f30cdc0d42afb3b1a8ed94c",""
"adderall-dopamine-dynamics","Adderall Dopamine Dynamics","pages/adderall-dopamine-dynamics.md","/v5ma.github.io/wiki/content/adderall-dopamine-dynamics.md","2097","2097","c40fed36e1c268cbba34883a62629444bb5e34b6206ee8dbb5ba6fb1f4030a11","c40fed36e1c268cbba34883a62629444bb5e34b6206ee8dbb5ba6fb1f4030a11",""
"addressing-criticism-humans-metal-robots-2018","Addressing Criticism Humans Metal Robots 2018","pages/addressing-criticism-humans-metal-robots-2018.md","/v5ma.github.io/wiki/content/addressing-criticism-humans-metal-robots-2018.md","10887","10887","f2822a1183a3df6831fedf83b0d8959c811142a0dfac42d0f0234a98d28828e1","f2822a1183a3df6831fedf83b0d8959c811142a0dfac42d0f0234a98d28828e1",""
"adelic-foundations-sit","Adelic Foundations Sit","pages/adelic-foundations-sit.md","/v5ma.github.io/wiki/content/adelic-foundations-sit.md","423","423","62c463fb21e5a8885f515bf05983674077fdcebefcd301fe2de4c75deacca6f6","62c463fb21e5a8885f515bf05983674077fdcebefcd301fe2de4c75deacca6f6",""
"adelic-foundations-super-information-theory","Adelic Foundations Super Information Theory","pages/adelic-foundations-super-information-theory.md","/v5ma.github.io/wiki/content/adelic-foundations-super-information-theory.md","2699","2699","7de100665e60f92d053e08fa206ddb65c0773c42039ca98359ab2a263ce59f07","7de100665e60f92d053e08fa206ddb65c0773c42039ca98359ab2a263ce59f07",""
"adjacent-possible-consciousness","Adjacent Possible Consciousness","pages/adjacent-possible-consciousness.md","/v5ma.github.io/wiki/content/adjacent-possible-consciousness.md","3060","3060","4e51dba644cea28a8518bd42a978d196cf9584abfca4fcdeb646bb4453781e9b","4e51dba644cea28a8518bd42a978d196cf9584abfca4fcdeb646bb4453781e9b",""
"advaita-vedanta","Advaita Vedanta","pages/advaita-vedanta.md","/v5ma.github.io/wiki/content/advaita-vedanta.md","6069","6069","89f610ff3357fac3436da46587d9b898a5a80ba8715525a88f4e6468f0ab7de9","89f610ff3357fac3436da46587d9b898a5a80ba8715525a88f4e6468f0ab7de9",""
"affective-computing","Affective Computing","pages/affective-computing.md","/v5ma.github.io/wiki/content/affective-computing.md","6507","6507","2ac3682ce3e9673001c4296cb0c97513805dfcf35cb63283a48108b34d1b0616","2ac3682ce3e9673001c4296cb0c97513805dfcf35cb63283a48108b34d1b0616",""
"age-mbn-algorithmic-genealogy-engine","Age Mbn Algorithmic Genealogy Engine","pages/age-mbn-algorithmic-genealogy-engine.md","/v5ma.github.io/wiki/content/age-mbn-algorithmic-genealogy-engine.md","7993","7993","a1593347ce32d166cec4f9dc2911b3b9d1596f4ad1b175b4207dbfc0dc26238c","a1593347ce32d166cec4f9dc2911b3b9d1596f4ad1b175b4207dbfc0dc26238c",""
"agency-valuation-action-feedback","Agency, Valuation, Action Selection, and Returned Consequence","pages/agency-valuation-action-feedback.md","/v5ma.github.io/wiki/content/agency-valuation-action-feedback.md","22095","22095","c2749fc992a941e82f7e8c443b688d1dd608942ec8c1f615a648fc09a3ac37d9","c2749fc992a941e82f7e8c443b688d1dd608942ec8c1f615a648fc09a3ac37d9",""
"agent-al-material","Agent Al Material","pages/agent-al-material.md","/v5ma.github.io/wiki/content/agent-al-material.md","2451","2451","1147df45d652b143f5ad6445947eaa684ad170679f9231503dfb7e25fd2e8642","1147df45d652b143f5ad6445947eaa684ad170679f9231503dfb7e25fd2e8642",""
"agent-phase-sync-feedback-loop","Agent Phase Sync Feedback Loop","pages/agent-phase-sync-feedback-loop.md","/v5ma.github.io/wiki/content/agent-phase-sync-feedback-loop.md","5799","5799","e23bbf99c0a81a1bd0118ebb2a19d98e15c5fa969ae3af685973a309bf4d66f5","e23bbf99c0a81a1bd0118ebb2a19d98e15c5fa969ae3af685973a309bf4d66f5",""
"agental-morality","Agental Morality","pages/agental-morality.md","/v5ma.github.io/wiki/content/agental-morality.md","2744","2744","6b6014699b818bb9ee2bea4b679f7c84f0def350a745762a8790e0b385d1f859","6b6014699b818bb9ee2bea4b679f7c84f0def350a745762a8790e0b385d1f859",""
"agentic-brain","Agentic Brain","pages/agentic-brain.md","/v5ma.github.io/wiki/content/agentic-brain.md","9889","9889","4b6ae3ec9d078f190c611c20021f0113b2d81db7263ccf4dd78d9bb68cad2419","4b6ae3ec9d078f190c611c20021f0113b2d81db7263ccf4dd78d9bb68cad2419",""
"agentic-general-intelligence","Agentic General Intelligence","pages/agentic-general-intelligence.md","/v5ma.github.io/wiki/content/agentic-general-intelligence.md","1968","1968","985329ccd37e6f8ca531e51c74177ada879d85ef108467b13b244facf96f40ba","985329ccd37e6f8ca531e51c74177ada879d85ef108467b13b244facf96f40ba",""
"agentic-viewpoint","Agentic Viewpoint","pages/agentic-viewpoint.md","/v5ma.github.io/wiki/content/agentic-viewpoint.md","9725","9725","1876355cd38737e06647f8faa8e752d15ccb24dddd6cb7cf3317d193909668e9","1876355cd38737e06647f8faa8e752d15ccb24dddd6cb7cf3317d193909668e9",""
"agentic-viewpoints","Agentic Viewpoints","pages/agentic-viewpoints.md","/v5ma.github.io/wiki/content/agentic-viewpoints.md","3018","3018","90dd7b65d367812f96a2df201aa4b6289bc2070990b34b7aabe8fd02e10e72af","90dd7b65d367812f96a2df201aa4b6289bc2070990b34b7aabe8fd02e10e72af",""
"ai-creator-rights-fair-use-platforms","Ai Creator Rights Fair Use Platforms","pages/ai-creator-rights-fair-use-platforms.md","/v5ma.github.io/wiki/content/ai-creator-rights-fair-use-platforms.md","1850","1850","c224ef98411e3dd6b5797fad14c43cbeef0b12da21e916edfe4e0f3ce2a3cfc8","c224ef98411e3dd6b5797fad14c43cbeef0b12da21e916edfe4e0f3ce2a3cfc8",""
"ai-sensory-grounding","AI Sensory Grounding","pages/ai-sensory-grounding.md","/v5ma.github.io/wiki/content/ai-sensory-grounding.md","11275","11275","73be9abd6175ce9e11ecbe2ce7e930c52b6e6ca7f0c4d45a98eda8b491b5708b","73be9abd6175ce9e11ecbe2ce7e930c52b6e6ca7f0c4d45a98eda8b491b5708b",""
"alpha-synuclein-synaptic-silencing","Alpha Synuclein Synaptic Silencing","pages/alpha-synuclein-synaptic-silencing.md","/v5ma.github.io/wiki/content/alpha-synuclein-synaptic-silencing.md","2565","2565","8ecb2e396735b455be84c78896568f9a245549af8d8beb180b0fbb23d5861f38","8ecb2e396735b455be84c78896568f9a245549af8d8beb180b0fbb23d5861f38",""
"alpha-wave-sensory-suppression","Alpha Wave Sensory Suppression","pages/alpha-wave-sensory-suppression.md","/v5ma.github.io/wiki/content/alpha-wave-sensory-suppression.md","11715","11715","8d185ac344309c34c56e1f535ab6eb39bd555500fd031c31628939d2dd9d2e99","8d185ac344309c34c56e1f535ab6eb39bd555500fd031c31628939d2dd9d2e99",""
"alternating-transmission-protocol-cellular-handshakes","Alternating Transmission Protocol and Cellular Handshakes","pages/alternating-transmission-protocol-cellular-handshakes.md","/v5ma.github.io/wiki/content/alternating-transmission-protocol-cellular-handshakes.md","3091","3091","1f0393785e5ed9dc77a8d5ccf65cf3990a00225c6fec3bb93bd58c0cdebd2f5d","1f0393785e5ed9dc77a8d5ccf65cf3990a00225c6fec3bb93bd58c0cdebd2f5d",""
"amygdala","Amygdala","pages/amygdala.md","/v5ma.github.io/wiki/content/amygdala.md","14531","14531","554610d235f53620ce4ad1650b0182910b627b78552ab4a3639dc42d28ceabef","554610d235f53620ce4ad1650b0182910b627b78552ab4a3639dc42d28ceabef",""
"apd","APD - Action Potential Duration","pages/apd.md","/v5ma.github.io/wiki/content/apd.md","8954","8954","88668c1371dc085f95e28e323b74ed6a5bb50ff1939243a5411e01633a6dba0c","88668c1371dc085f95e28e323b74ed6a5bb50ff1939243a5411e01633a6dba0c",""
"apical-dendrite","Apical Dendrite","pages/apical-dendrite.md","/v5ma.github.io/wiki/content/apical-dendrite.md","8855","8855","dda5fd1302b27f2dae1c417703f9fe3e218c7020f6b4349c74057488418cccd4","dda5fd1302b27f2dae1c417703f9fe3e218c7020f6b4349c74057488418cccd4",""
"apical-dendrites","Apical Dendrites","pages/apical-dendrites.md","/v5ma.github.io/wiki/content/apical-dendrites.md","11353","11353","be3d2522978f4122e234a526a2fe5ec695a07b0ecd86a7ea0501ee15e9312d25","be3d2522978f4122e234a526a2fe5ec695a07b0ecd86a7ea0501ee15e9312d25",""
"apical-pyramidal-neurons","Apical Pyramidal Neurons","pages/apical-pyramidal-neurons.md","/v5ma.github.io/wiki/content/apical-pyramidal-neurons.md","11467","11467","f97412f0617e363476bcca47f132ba131cbf8a6b3e57a1b6cab863b55f7dabd5","f97412f0617e363476bcca47f132ba131cbf8a6b3e57a1b6cab863b55f7dabd5",""
"appendices-newton","Appendices Newton","pages/appendices-newton.md","/v5ma.github.io/wiki/content/appendices-newton.md","4141","4141","ed21677aad790f4fdbce384861cb457b3accc3186b4db6c1d6aa5a72f5c440a3","ed21677aad790f4fdbce384861cb457b3accc3186b4db6c1d6aa5a72f5c440a3",""
"artificial-cortex","Artificial Cortex","pages/artificial-cortex.md","/v5ma.github.io/wiki/content/artificial-cortex.md","15045","15045","4d8cc64a04f6ffa40b0a0a9bcb878de0caf200aa89f18ed09a0d34dd1af55e76","4d8cc64a04f6ffa40b0a0a9bcb878de0caf200aa89f18ed09a0d34dd1af55e76",""
"artificial-general-intelligence","Artificial General Intelligence","pages/artificial-general-intelligence.md","/v5ma.github.io/wiki/content/artificial-general-intelligence.md","4474","4474","88cb9933f32afb28680ec22e0b02e5f8bf18a2f695dc9f26d5f3a8956b88be13","88cb9933f32afb28680ec22e0b02e5f8bf18a2f695dc9f26d5f3a8956b88be13",""
"artificial-intelligence","Artificial Intelligence","pages/artificial-intelligence.md","/v5ma.github.io/wiki/content/artificial-intelligence.md","5475","5475","2a5cd0a6e2d5ed4ca5586da304fd6e0b87481f36c0da9d717b7bc95efbb59978","2a5cd0a6e2d5ed4ca5586da304fd6e0b87481f36c0da9d717b7bc95efbb59978",""
"artificial-morality","Artificial Morality","pages/artificial-morality.md","/v5ma.github.io/wiki/content/artificial-morality.md","10300","10300","d180e24ce6019a821c71efecdb4920e7acf20e08476ffcd256704ba8791c9869","d180e24ce6019a821c71efecdb4920e7acf20e08476ffcd256704ba8791c9869",""
"artificial-neurology-states-stages-development","Artificial Neurology: States, Stages, and Development","pages/artificial-neurology-states-stages-development.md","/v5ma.github.io/wiki/content/artificial-neurology-states-stages-development.md","6073","6073","7b3ac8f099e43f1d8feb198ffb635c8300578d5e93aa5be7c5de822037c623b1","7b3ac8f099e43f1d8feb198ffb635c8300578d5e93aa5be7c5de822037c623b1",""
"artificial-neurology","Artificial Neurology","pages/artificial-neurology.md","/v5ma.github.io/wiki/content/artificial-neurology.md","15467","15467","a97b2b6850b09a777fa9f05e0a303b5e03c952583cabd491929d26e706011454","a97b2b6850b09a777fa9f05e0a303b5e03c952583cabd491929d26e706011454",""
"artificial-perception-via-thalamic-stimulation","Artificial Perception via Thalamic Stimulation","pages/artificial-perception-via-thalamic-stimulation.md","/v5ma.github.io/wiki/content/artificial-perception-via-thalamic-stimulation.md","4639","4639","3505ce0cb6fb9f2730fafafd93ea138322cd04f4a28bbb3df6e578a01d40d603","3505ce0cb6fb9f2730fafafd93ea138322cd04f4a28bbb3df6e578a01d40d603",""
"artificial-perception","Artificial Perception","pages/artificial-perception.md","/v5ma.github.io/wiki/content/artificial-perception.md","17408","17408","5367814a4ee29c50865063a54e968541f9dac26f1dcac5a98320ebedd0bbdf44","5367814a4ee29c50865063a54e968541f9dac26f1dcac5a98320ebedd0bbdf44",""
"artificial-souls","Artificial Souls","pages/artificial-souls.md","/v5ma.github.io/wiki/content/artificial-souls.md","8719","8719","616a4e6991dddffc9b742ccd895398bf3f8d4a726ccc307ba97c2ed8a542c87b","616a4e6991dddffc9b742ccd895398bf3f8d4a726ccc307ba97c2ed8a542c87b",""
"artificial-telepathy-via-oscillatory-synchrony","Artificial Telepathy Via Oscillatory Synchrony","pages/artificial-telepathy-via-oscillatory-synchrony.md","/v5ma.github.io/wiki/content/artificial-telepathy-via-oscillatory-synchrony.md","9566","9566","f6ba4a26c1b70251e2894878ed722c26f9ac6a6c1040e21cc6b4375370ac3c55","f6ba4a26c1b70251e2894878ed722c26f9ac6a6c1040e21cc6b4375370ac3c55",""
"artificial-telepathy","Artificial Telepathy","pages/artificial-telepathy.md","/v5ma.github.io/wiki/content/artificial-telepathy.md","11393","11393","689826f45acc9fcef6f3caa183186280d1391e70fdda590166d7d22fe2a2308e","689826f45acc9fcef6f3caa183186280d1391e70fdda590166d7d22fe2a2308e",""
"astrocyte-cognition","Astrocyte Cognition","pages/astrocyte-cognition.md","/v5ma.github.io/wiki/content/astrocyte-cognition.md","7437","7437","d12ec56023e974fcb85d9ce52d1e745df265cffc083ee275857c25417ed19163","d12ec56023e974fcb85d9ce52d1e745df265cffc083ee275857c25417ed19163",""
"astrocytes","Astrocytes","pages/astrocytes.md","/v5ma.github.io/wiki/content/astrocytes.md","629","629","85a3e02d695bc6d5c7bbe7eb960344e5a8e78dd515101c5816a5fa8fac87027a","85a3e02d695bc6d5c7bbe7eb960344e5a8e78dd515101c5816a5fa8fac87027a",""
"atomic-cyclone-gravity-model","Atomic Cyclone Gravity Model","pages/atomic-cyclone-gravity-model.md","/v5ma.github.io/wiki/content/atomic-cyclone-gravity-model.md","3037","3037","069d3d501548a06cd3363cb5ec40e2a584ff9c0661c28c50162eb3608c2c9380","069d3d501548a06cd3363cb5ec40e2a584ff9c0661c28c50162eb3608c2c9380",""
"atp","ATP","pages/atp.md","/v5ma.github.io/wiki/content/atp.md","11569","11569","bd0d6a843a2048698c8177d26086d1ab8b489e34843b2aa8c88ae75dc183b2c3","bd0d6a843a2048698c8177d26086d1ab8b489e34843b2aa8c88ae75dc183b2c3",""
"attention-awareness-consciousness-triad","Attention, Awareness, and Consciousness","pages/attention-awareness-consciousness-triad.md","/v5ma.github.io/wiki/content/attention-awareness-consciousness-triad.md","9786","9786","876fed06d7ca614ee2937fe80924b62c921e5b9c071ea7a5fb717bb3a5289078","876fed06d7ca614ee2937fe80924b62c921e5b9c071ea7a5fb717bb3a5289078",""
"attention-hallucination-self-model-dissolution","Attentional Selection, Hallucination, and Self-Model Dissolution","pages/attention-hallucination-self-model-dissolution.md","/v5ma.github.io/wiki/content/attention-hallucination-self-model-dissolution.md","12198","12198","92c2d4ee6735151e5d6c51fdaf2e264a033f6f102253b6de1582d6b21601ed96","92c2d4ee6735151e5d6c51fdaf2e264a033f6f102253b6de1582d6b21601ed96",""
"attention-schema-holographic","Attention Schema Holographic","pages/attention-schema-holographic.md","/v5ma.github.io/wiki/content/attention-schema-holographic.md","8001","8001","47ec81bb6f6ab16366a743a5d6a374c0e0decd76879aba34c776242d1b873051","47ec81bb6f6ab16366a743a5d6a374c0e0decd76879aba34c776242d1b873051",""
"attention-schema-reinterpretation","Attention Schema Reinterpretation","pages/attention-schema-reinterpretation.md","/v5ma.github.io/wiki/content/attention-schema-reinterpretation.md","7110","7110","703a401295a95f8ba99242a7265441433130f7c3f6f892a6c177bcbe6f2fe962","703a401295a95f8ba99242a7265441433130f7c3f6f892a6c177bcbe6f2fe962",""
"attention-schema-theory","Attention Schema Theory and the SAN Comparison","pages/attention-schema-theory.md","/v5ma.github.io/wiki/content/attention-schema-theory.md","9427","9427","286ba2a7ed363f1c210a7a3765e100dc01a771dbd9d311c3224c03539c688aab","286ba2a7ed363f1c210a7a3765e100dc01a771dbd9d311c3224c03539c688aab",""
"attention-schema","Attention Schema","pages/attention-schema.md","/v5ma.github.io/wiki/content/attention-schema.md","12524","12524","50684614d8bc7c739ebc785c15ef118167f337c3dd41d7ad32111c809f38039a","50684614d8bc7c739ebc785c15ef118167f337c3dd41d7ad32111c809f38039a",""
"attention","Attention as Distributed Selection","pages/attention.md","/v5ma.github.io/wiki/content/attention.md","10446","10446","18ffcc0902e80eff0d2568e6bc6d217080709081671ef4149b60bd3ee1d34e89","18ffcc0902e80eff0d2568e6bc6d217080709081671ef4149b60bd3ee1d34e89",""
"attractor-loop","Attractor Loop","pages/attractor-loop.md","/v5ma.github.io/wiki/content/attractor-loop.md","8270","8270","bef84b9d3015f08e7066cfee64daa04fe7753ba85fe5460cf5d40316d92bb321","bef84b9d3015f08e7066cfee64daa04fe7753ba85fe5460cf5d40316d92bb321",""
"attractor-memory","Attractor Memory","pages/attractor-memory.md","/v5ma.github.io/wiki/content/attractor-memory.md","5604","4936","30a781226281ac8a56538704d9e6bec9850066a41ca442a4ac16e60144a73dca","cd438d205ebb1090de553361b85cb9c27bf035307c7967132a90b74711d31acd","routeBlocksRemoved:1"
"attractor","Attractor","pages/attractor.md","/v5ma.github.io/wiki/content/attractor.md","10747","10747","3550308363a08dfc7f0cb688b2f3709d4e4792ae0bce1863c7e6725b8d1eef1d","3550308363a08dfc7f0cb688b2f3709d4e4792ae0bce1863c7e6725b8d1eef1d",""
"auditory-cortex","Auditory Cortex","pages/auditory-cortex.md","/v5ma.github.io/wiki/content/auditory-cortex.md","14148","14148","47e386b8754ae9395cd1f80c99ccb4bd3fec16ccfe759b42f36b356c5da5b3a5","47e386b8754ae9395cd1f80c99ccb4bd3fec16ccfe759b42f36b356c5da5b3a5",""
"auditory-gating-spring-camp","Auditory Gating Spring Camp","pages/auditory-gating-spring-camp.md","/v5ma.github.io/wiki/content/auditory-gating-spring-camp.md","3266","3266","732b0f1133d53b55cc3fd3e45d03fc318665f542a998e441eaae6b92ad44984f","732b0f1133d53b55cc3fd3e45d03fc318665f542a998e441eaae6b92ad44984f",""
"augmented-reality-bci","Augmented Reality BCI","pages/augmented-reality-bci.md","/v5ma.github.io/wiki/content/augmented-reality-bci.md","10388","10388","7c2d3593b42ea7bf6fd97b835952160e508616e980aa8e9493e37d604e17ac38","7c2d3593b42ea7bf6fd97b835952160e508616e980aa8e9493e37d604e17ac38",""
"augmented-reality","Augmented Reality","pages/augmented-reality.md","/v5ma.github.io/wiki/content/augmented-reality.md","16646","16646","35a7aa865f81c04f659c5b7bd70e2dd3737231ee7751807ce68e6513a6bd16e3","35a7aa865f81c04f659c5b7bd70e2dd3737231ee7751807ce68e6513a6bd16e3",""
"autogenous-associative-memory-retrieval","Autogenous Associative Memory and Reconstructive Retrieval","pages/autogenous-associative-memory-retrieval.md","/v5ma.github.io/wiki/content/autogenous-associative-memory-retrieval.md","3313","3313","2dce25af73d1efe759274985d611469b33de939248ade96bd840020fb16135a7","2dce25af73d1efe759274985d611469b33de939248ade96bd840020fb16135a7",""
"awareness-as-predictive-myth","Awareness As Predictive Myth","pages/awareness-as-predictive-myth.md","/v5ma.github.io/wiki/content/awareness-as-predictive-myth.md","2698","2698","9a9da6811543be13ba6d10f2c8a581fb27e127ca32ee3834f48c789bb4c45e89","9a9da6811543be13ba6d10f2c8a581fb27e127ca32ee3834f48c789bb4c45e89",""
"b0311y-agi-neuroscience-clubhouse-discussion","B0311Y Agi Neuroscience Clubhouse Discussion","pages/b0311y-agi-neuroscience-clubhouse-discussion.md","/v5ma.github.io/wiki/content/b0311y-agi-neuroscience-clubhouse-discussion.md","2210","2210","a164355d3caa20711381ee2917a845e9b680d69ec7f80eeade22ee9aa48a1acb","a164355d3caa20711381ee2917a845e9b680d69ec7f80eeade22ee9aa48a1acb",""
"background-awareness","Background Awareness","pages/background-awareness.md","/v5ma.github.io/wiki/content/background-awareness.md","6200","6200","c59fde19a528fe46290543f958ddbd84ae023991948cf84420e71210b897c84d","c59fde19a528fe46290543f958ddbd84ae023991948cf84420e71210b897c84d",""
"backpropagation","Backpropagation","pages/backpropagation.md","/v5ma.github.io/wiki/content/backpropagation.md","13584","13584","fddaa2d612c4eb37f83468222392f15792a586e829a3d3126888325347d85fba","fddaa2d612c4eb37f83468222392f15792a586e829a3d3126888325347d85fba",""
"bad-points-universe","Bad Points Universe","pages/bad-points-universe.md","/v5ma.github.io/wiki/content/bad-points-universe.md","2642","2642","c10da476b07145f01aa2f91a1e6d06cf929e12550008c641e3fa0b835e566029","c10da476b07145f01aa2f91a1e6d06cf929e12550008c641e3fa0b835e566029",""
"baez-compositional-markov","Baez Compositional Markov","pages/baez-compositional-markov.md","/v5ma.github.io/wiki/content/baez-compositional-markov.md","9582","9582","236d5162cacba0d7425e5ba68fe336c800f6cb9a16ac069393234188f62f2504","236d5162cacba0d7425e5ba68fe336c800f6cb9a16ac069393234188f62f2504",""
"bci-delivery-mechanisms","Bci Delivery Mechanisms","pages/bci-delivery-mechanisms.md","/v5ma.github.io/wiki/content/bci-delivery-mechanisms.md","7454","7454","53379bd9bb5f1bed4e5a43e070026b40bc1f2657f1c767b0c6c3807506c318e4","53379bd9bb5f1bed4e5a43e070026b40bc1f2657f1c767b0c6c3807506c318e4",""
"bci-ethics","Bci Ethics","pages/bci-ethics.md","/v5ma.github.io/wiki/content/bci-ethics.md","7020","7020","7e7e00c8425c43482b1cae22336a60bda49f42e61351d5a0b07934a0dd7cc1d8","7e7e00c8425c43482b1cae22336a60bda49f42e61351d5a0b07934a0dd7cc1d8",""
"bci-expanded-sensory-range","Bci Expanded Sensory Range","pages/bci-expanded-sensory-range.md","/v5ma.github.io/wiki/content/bci-expanded-sensory-range.md","2882","2882","b8927a369b8fe123048338abef0b97012ae59aade1faad79d8e98c26bbef3749","b8927a369b8fe123048338abef0b97012ae59aade1faad79d8e98c26bbef3749",""
"bci-history","Bci History","pages/bci-history.md","/v5ma.github.io/wiki/content/bci-history.md","7300","7300","a8e5a39bb0e6b0a20be29ea16e89203a9e7baf94c4b421f11df1318fc0bf9201","a8e5a39bb0e6b0a20be29ea16e89203a9e7baf94c4b421f11df1318fc0bf9201",""
"bci-industry-landscape","Bci Industry Landscape","pages/bci-industry-landscape.md","/v5ma.github.io/wiki/content/bci-industry-landscape.md","2178","2178","f6593683d704fa46a25a96eeb19f669c7e3a23424f2e05635d2f5cace8c73097","f6593683d704fa46a25a96eeb19f669c7e3a23424f2e05635d2f5cace8c73097",""
"bci-instrument-atlas","BCI Instrument Atlas: From Neo Mind Cycle to NerveGear","pages/bci-instrument-atlas.md","/v5ma.github.io/wiki/content/bci-instrument-atlas.md","18006","17920","c069a13318956ec6132335a2634e6308933b3f69e045f486b93a305bca97d000","0999b3624cc6fe3ac47efdd49158502340646bdab5cb9a4ef95a567823bc5524","localPathsWithheld:2"
"bci-science-fiction-references","Bci Science Fiction References","pages/bci-science-fiction-references.md","/v5ma.github.io/wiki/content/bci-science-fiction-references.md","1887","1887","9d7b31c73718c2ce75924aa3da35ebbfbdda853b8dfacc6e523b2ce2dd376db9","9d7b31c73718c2ce75924aa3da35ebbfbdda853b8dfacc6e523b2ce2dd376db9",""
"bci","Bci","pages/bci.md","/v5ma.github.io/wiki/content/bci.md","14639","14639","0552b886d07914235679683258daabe1265743829697474c85ae033eb83167b5","0552b886d07914235679683258daabe1265743829697474c85ae033eb83167b5",""
"belief-as-spatiotemporal-sequence","Belief As Spatiotemporal Sequence","pages/belief-as-spatiotemporal-sequence.md","/v5ma.github.io/wiki/content/belief-as-spatiotemporal-sequence.md","2862","2862","b4ba02e208712d3277737da0fd363d651279c9fb0b5f32ac7a33d6d323444162","b4ba02e208712d3277737da0fd363d651279c9fb0b5f32ac7a33d6d323444162",""
"beliefs-as-tempo-spatial-sequences","Beliefs As Tempo Spatial Sequences","pages/beliefs-as-tempo-spatial-sequences.md","/v5ma.github.io/wiki/content/beliefs-as-tempo-spatial-sequences.md","2853","2853","391342493e55bc172eb3fb3e008a2f5663d160d9cb4c1dcfdf50a8f4ba7a2a04","391342493e55bc172eb3fb3e008a2f5663d160d9cb4c1dcfdf50a8f4ba7a2a04",""
"bell-inequality","Bell Inequality","pages/bell-inequality.md","/v5ma.github.io/wiki/content/bell-inequality.md","9921","9921","a6876fdc147791d1853f17b280d00c5a0b9c480a1084a71a2f18ee2ea8ef23cc","a6876fdc147791d1853f17b280d00c5a0b9c480a1084a71a2f18ee2ea8ef23cc",""
"ben-thomas-connectome-dialogue-2012","Ben Thomas Connectome Dialogue 2012","pages/ben-thomas-connectome-dialogue-2012.md","/v5ma.github.io/wiki/content/ben-thomas-connectome-dialogue-2012.md","3947","3947","a222d009195877414bc32a25e7b626df86b831b45dcb6be7a018db82e6666486","a222d009195877414bc32a25e7b626df86b831b45dcb6be7a018db82e6666486",""
"beta-wave-cognitive-output","Beta Wave Cognitive Output","pages/beta-wave-cognitive-output.md","/v5ma.github.io/wiki/content/beta-wave-cognitive-output.md","4544","4544","5e4a84031518f4ca233ba256ff76241662d2a8d211adce931a0c59aaf5e63ff1","5e4a84031518f4ca233ba256ff76241662d2a8d211adce931a0c59aaf5e63ff1",""
"binary-cosmology-particles-waves","Binary Cosmology Particles Waves","pages/binary-cosmology-particles-waves.md","/v5ma.github.io/wiki/content/binary-cosmology-particles-waves.md","3222","3222","7497ac82f1e3551bb400b33ab354a36fb645af42e0a21415c9bd34af53883146","7497ac82f1e3551bb400b33ab354a36fb645af42e0a21415c9bd34af53883146",""
"bioelectronics","Bioelectronics","pages/bioelectronics.md","/v5ma.github.io/wiki/content/bioelectronics.md","7103","7103","8b3a26ecea595e4ddd4ec2173b198835ee8f3db69ab66eae774cf16245ff4a15","8b3a26ecea595e4ddd4ec2173b198835ee8f3db69ab66eae774cf16245ff4a15",""
"biological-computation-response","SAN and Biological Computation","pages/biological-computation-response.md","/v5ma.github.io/wiki/content/biological-computation-response.md","774","774","f9f9b5af29e72a83e39aa19b87e1b5b7e5272dc1fd38a5a9a3deb3fed3442ffd","f9f9b5af29e72a83e39aa19b87e1b5b7e5272dc1fd38a5a9a3deb3fed3442ffd",""
"biological-computation","Biological Computation","pages/biological-computation.md","/v5ma.github.io/wiki/content/biological-computation.md","5116","5116","3789533209548036566f0bc033a00ee2b67b8adf1a645fb74231074eca51e5e8","3789533209548036566f0bc033a00ee2b67b8adf1a645fb74231074eca51e5e8",""
"biological-oscillating-tomography","Biological Oscillating Tomography","pages/biological-oscillating-tomography.md","/v5ma.github.io/wiki/content/biological-oscillating-tomography.md","7139","7139","2735f50003304e3af59300e0335f6f72c12077e50413a9ee033d8330fa888547","2735f50003304e3af59300e0335f6f72c12077e50413a9ee033d8330fa888547",""
"biomagnetic-memory-storage","Biomagnetic Memory Storage","pages/biomagnetic-memory-storage.md","/v5ma.github.io/wiki/content/biomagnetic-memory-storage.md","2817","2817","c657aeabb1f6141a96edf86fa20b29bf935b9843f7c45b3c31f592eef6450ad4","c657aeabb1f6141a96edf86fa20b29bf935b9843f7c45b3c31f592eef6450ad4",""
"bistable-synaptic-plasticity","Behavioral-Timescale Synaptic Plasticity (BTSP)","pages/bistable-synaptic-plasticity.md","/v5ma.github.io/wiki/content/bistable-synaptic-plasticity.md","6666","6666","4fb3faf4c25fe614ba84744707570670832f2364940026f79afd16e144f49d16","4fb3faf4c25fe614ba84744707570670832f2364940026f79afd16e144f49d16",""
"black-hole-temporal-well","Black Hole Temporal Well","pages/black-hole-temporal-well.md","/v5ma.github.io/wiki/content/black-hole-temporal-well.md","3083","3083","d62410256c52b767ae2bca4cb7cbd019bd4587b4917a79a88057e2e775052a63","d62410256c52b767ae2bca4cb7cbd019bd4587b4917a79a88057e2e775052a63",""
"body-as-chemical-neural-network","Body As Chemical Neural Network","pages/body-as-chemical-neural-network.md","/v5ma.github.io/wiki/content/body-as-chemical-neural-network.md","4130","4130","2750683306c0985773c62be10f130b24099a839d57db32c98b7f91ca2fc27936","2750683306c0985773c62be10f130b24099a839d57db32c98b7f91ca2fc27936",""
"body-in-world-geometry-spatiotemporal-sequence","Body-In-World Geometry And Spatiotemporal Sequence","pages/body-in-world-geometry-spatiotemporal-sequence.md","/v5ma.github.io/wiki/content/body-in-world-geometry-spatiotemporal-sequence.md","7219","7219","8bb592b8ac79cc8f8591290dba12515f5efc8699d105aca2c3b06b3e16be60bd","8bb592b8ac79cc8f8591290dba12515f5efc8699d105aca2c3b06b3e16be60bd",""
"body-model-as-control-surface","Body Model as Control Surface","pages/body-model-as-control-surface.md","/v5ma.github.io/wiki/content/body-model-as-control-surface.md","10561","10561","55e58d375e284268b76b40965e1bfe777f9c04994eafd3da0379420474f769e8","55e58d375e284268b76b40965e1bfe777f9c04994eafd3da0379420474f769e8",""
"body-ownership-statistical-matching","Body Ownership as Multisensory Causal Inference","pages/body-ownership-statistical-matching.md","/v5ma.github.io/wiki/content/body-ownership-statistical-matching.md","8231","8231","ee25a6223e6bb5b91600d12d510c804ada93b6b9be6d7dc84c5c3882b7ccbb9e","ee25a6223e6bb5b91600d12d510c804ada93b6b9be6d7dc84c5c3882b7ccbb9e",""
"bose-einstein-condensate","Bose Einstein Condensate","pages/bose-einstein-condensate.md","/v5ma.github.io/wiki/content/bose-einstein-condensate.md","2696","2696","3b7d13827af1dda68158192b66ada205691a13aba57d4d03e53a40a0823c6209","3b7d13827af1dda68158192b66ada205691a13aba57d4d03e53a40a0823c6209",""
"bot-biological-oscillatory-tomography","Bot Biological Oscillatory Tomography","pages/bot-biological-oscillatory-tomography.md","/v5ma.github.io/wiki/content/bot-biological-oscillatory-tomography.md","6111","6111","d7f8a7d0d9a0e972f825d054cc24b215103285b11d88094a0e28dbd000cda784","d7f8a7d0d9a0e972f825d054cc24b215103285b11d88094a0e28dbd000cda784",""
"brain-as-dissipative-system","Brain As Dissipative System","pages/brain-as-dissipative-system.md","/v5ma.github.io/wiki/content/brain-as-dissipative-system.md","2498","2498","8b973cb8a0a60ae2697a12a4c5a7246b9c6d13d8ba8f6c6d1c6fd4e998700a3f","8b973cb8a0a60ae2697a12a4c5a7246b9c6d13d8ba8f6c6d1c6fd4e998700a3f",""
"brain-as-fractal-of-modules","Brain As Fractal Of Modules","pages/brain-as-fractal-of-modules.md","/v5ma.github.io/wiki/content/brain-as-fractal-of-modules.md","4897","4897","03750540e6442fd834712a6c8764cc2462072504c6c5b2e5c0244a1f61444e7b","03750540e6442fd834712a6c8764cc2462072504c6c5b2e5c0244a1f61444e7b",""
"brain-as-hard-drive-vrma-2017","Brain As Hard Drive Vrma 2017","pages/brain-as-hard-drive-vrma-2017.md","/v5ma.github.io/wiki/content/brain-as-hard-drive-vrma-2017.md","4655","4655","4bc5ad4704178b1d37aedac795c26111535c219cf829fd0b94d7f2246950b232","4bc5ad4704178b1d37aedac795c26111535c219cf829fd0b94d7f2246950b232",""
"brain-as-hard-drive","Brain As Hard Drive","pages/brain-as-hard-drive.md","/v5ma.github.io/wiki/content/brain-as-hard-drive.md","2683","2683","4d24af52068f0749153bdb997ac93fb5b4cdde124c85f8b590bb6bfe37411b23","4d24af52068f0749153bdb997ac93fb5b4cdde124c85f8b590bb6bfe37411b23",""
"brain-as-memory-prediction-machine","Brain As Memory Prediction Machine","pages/brain-as-memory-prediction-machine.md","/v5ma.github.io/wiki/content/brain-as-memory-prediction-machine.md","4189","4189","625764098b1ff3448feafd006166d62d0c943859c67f721c469a1e5736928862","625764098b1ff3448feafd006166d62d0c943859c67f721c469a1e5736928862",""
"brain-as-queryable-network","Brain As Queryable Network","pages/brain-as-queryable-network.md","/v5ma.github.io/wiki/content/brain-as-queryable-network.md","2556","2556","3719e650321ec8c26af7c0c254affe6aaa144f2e12b587d0a0b1b1e0b62aafd3","3719e650321ec8c26af7c0c254affe6aaa144f2e12b587d0a0b1b1e0b62aafd3",""
"brain-as-rendering-engine","Brain as a Rendering Engine","pages/brain-as-rendering-engine.md","/v5ma.github.io/wiki/content/brain-as-rendering-engine.md","13308","13308","5dedb88b89dab1cf0080ac2cf312a8c0beae90c7eab16da81a8216e1fc1e3803","5dedb88b89dab1cf0080ac2cf312a8c0beae90c7eab16da81a8216e1fc1e3803",""
"brain-as-self-watching-movie","Brain As Self Watching Movie","pages/brain-as-self-watching-movie.md","/v5ma.github.io/wiki/content/brain-as-self-watching-movie.md","4013","4013","9a83ca5c67ff154f1f01a4397b939709e972066d86ce73eb3e0e5cc7c4ec16b5","9a83ca5c67ff154f1f01a4397b939709e972066d86ce73eb3e0e5cc7c4ec16b5",""
"brain-as-sensory-processor","Brain As Sensory Processor","pages/brain-as-sensory-processor.md","/v5ma.github.io/wiki/content/brain-as-sensory-processor.md","2930","2930","def9381f59f7b7ab7089d31145d64dda9b30d2d84b9bf026d1d2085ef57b42ad","def9381f59f7b7ab7089d31145d64dda9b30d2d84b9bf026d1d2085ef57b42ad",""
"brain-as-spectral-graph","Brain As Spectral Graph","pages/brain-as-spectral-graph.md","/v5ma.github.io/wiki/content/brain-as-spectral-graph.md","3241","3241","32e9593f1a7e8e2901d9570da2e45282d9deacff3b48fc4f227f501d5dae53f8","32e9593f1a7e8e2901d9570da2e45282d9deacff3b48fc4f227f501d5dae53f8",""
"brain-complexity","Brain Complexity","pages/brain-complexity.md","/v5ma.github.io/wiki/content/brain-complexity.md","7142","7142","c546e795fc6435492c6ef558507a4296c68fa9abbd1d67c34bf3cd6c2a24fdbd","c546e795fc6435492c6ef558507a4296c68fa9abbd1d67c34bf3cd6c2a24fdbd",""
"brain-computer-interface-neural-readwrite","Brain-Computer Interface Neural Read/Write","pages/brain-computer-interface-neural-readwrite.md","/v5ma.github.io/wiki/content/brain-computer-interface-neural-readwrite.md","12196","12196","b61079ebd1b7b8cfd6793067e094d2bb18c8a69cee96500a1911779637f7acae","b61079ebd1b7b8cfd6793067e094d2bb18c8a69cee96500a1911779637f7acae",""
"brain-computer-interface","Brain-Computer Interface","pages/brain-computer-interface.md","/v5ma.github.io/wiki/content/brain-computer-interface.md","9440","9440","61e76f8e20a2b3e59d7c69fed4a7f7e4dd1374bf82b7e9e6de1a6c2a2981dcc1","61e76f8e20a2b3e59d7c69fed4a7f7e4dd1374bf82b7e9e6de1a6c2a2981dcc1",""
"brain-computer-interfaces","Brain-Computer Interfaces","pages/brain-computer-interfaces.md","/v5ma.github.io/wiki/content/brain-computer-interfaces.md","13033","13033","f1d387dd446b4b6f5682eec179e1f6b941781d2b5666af4aec1d6fab3233ca0a","f1d387dd446b4b6f5682eec179e1f6b941781d2b5666af4aec1d6fab3233ca0a",""
"brain-cosmos-complexity-inversion","Brain Cosmos Complexity Inversion","pages/brain-cosmos-complexity-inversion.md","/v5ma.github.io/wiki/content/brain-cosmos-complexity-inversion.md","2308","2308","5300b4d3bab2e5d727dbf2f8f10402b309a7f4d6d9beebcb777e11b3985bf1d5","5300b4d3bab2e5d727dbf2f8f10402b309a7f4d6d9beebcb777e11b3985bf1d5",""
"brain-data-structure-query","Brain Data Structure Query","pages/brain-data-structure-query.md","/v5ma.github.io/wiki/content/brain-data-structure-query.md","1836","1836","3d940828cebbb17f9fc82c0db98d26655fe327e1f403c7100a1225ac76321cce","3d940828cebbb17f9fc82c0db98d26655fe327e1f403c7100a1225ac76321cce",""
"brain-grid-theory","Brain Grid Theory","pages/brain-grid-theory.md","/v5ma.github.io/wiki/content/brain-grid-theory.md","10855","10855","6adebf68b9fa15034ad023523a302c114cdc0973c13a2129be3c7acfd217cc22","6adebf68b9fa15034ad023523a302c114cdc0973c13a2129be3c7acfd217cc22",""
"brain-interface-bci-map","Brain.Interface - BCI Industry Map","pages/brain-interface-bci-map.md","/v5ma.github.io/wiki/content/brain-interface-bci-map.md","3432","3432","13c3ed07ef5d365701cdf8e342c79ca4559bdb06741ce3a41e87207bedd19ae9","13c3ed07ef5d365701cdf8e342c79ca4559bdb06741ce3a41e87207bedd19ae9",""
"brain-interface-paper","Brain Interface Paper","pages/brain-interface-paper.md","/v5ma.github.io/wiki/content/brain-interface-paper.md","3509","3509","ece314b339f3f6b10c3d47f0def2e483353ea390a05f7458741255014d1eed39","ece314b339f3f6b10c3d47f0def2e483353ea390a05f7458741255014d1eed39",""
"brain-machine-interface","Brain Machine Interface","pages/brain-machine-interface.md","/v5ma.github.io/wiki/content/brain-machine-interface.md","7557","7557","52a1b389e8f239e3db095d4c9457b66f5b3d607408e7af020f6c47a4ed747b58","52a1b389e8f239e3db095d4c9457b66f5b3d607408e7af020f6c47a4ed747b58",""
"brain-metal-robot-thesis","Brain Metal Robot Thesis","pages/brain-metal-robot-thesis.md","/v5ma.github.io/wiki/content/brain-metal-robot-thesis.md","2923","2923","3bb8d07fa4b4abfef3b1e5fc1c140429d595adf0d0434cd3bec8a14c91fd5742","3bb8d07fa4b4abfef3b1e5fc1c140429d595adf0d0434cd3bec8a14c91fd5742",""
"brain-networking-protocol","Brain Networking Protocol","pages/brain-networking-protocol.md","/v5ma.github.io/wiki/content/brain-networking-protocol.md","4668","4668","117c33da61ef8e07eb517e5a38f81798d9e71876e7c65c4c604f34ed3829a611","117c33da61ef8e07eb517e5a38f81798d9e71876e7c65c4c604f34ed3829a611",""
"brain-optimization","Brain Optimization","pages/brain-optimization.md","/v5ma.github.io/wiki/content/brain-optimization.md","8541","8541","277a2d6fe48efdd08a0b340e2fdfada5991f1a2c363781dbc8aeedca8ef49a58","277a2d6fe48efdd08a0b340e2fdfada5991f1a2c363781dbc8aeedca8ef49a58",""
"brain-plasticity","Brain Plasticity","pages/brain-plasticity.md","/v5ma.github.io/wiki/content/brain-plasticity.md","14805","14805","e8a57fa1f547f811567bcddaf3bd987070bd7348fc8c5b6542a53439772e1b9d","e8a57fa1f547f811567bcddaf3bd987070bd7348fc8c5b6542a53439772e1b9d",""
"brain-rhythms-in-cognition","Brain Rhythms In Cognition","pages/brain-rhythms-in-cognition.md","/v5ma.github.io/wiki/content/brain-rhythms-in-cognition.md","4884","4884","210fb9a99e54df310b8bdc527406523ef9a8909f836feb123dd917a512ec5238","210fb9a99e54df310b8bdc527406523ef9a8909f836feb123dd917a512ec5238",""
"brain-rhythms","Brain Rhythms","pages/brain-rhythms.md","/v5ma.github.io/wiki/content/brain-rhythms.md","7706","7706","226202644e7987c46713989e58e93723d8a3eed67a2b9cc31bca87ecc585866f","226202644e7987c46713989e58e93723d8a3eed67a2b9cc31bca87ecc585866f",""
"brain-self-organized-criticality","Brain Self Organized Criticality","pages/brain-self-organized-criticality.md","/v5ma.github.io/wiki/content/brain-self-organized-criticality.md","4483","4483","e84eb0f2151b14d50a3d288c87f7521d3879187f90d110844b043743d1785c4b","e84eb0f2151b14d50a3d288c87f7521d3879187f90d110844b043743d1785c4b",""
"brain-state","Brain State","pages/brain-state.md","/v5ma.github.io/wiki/content/brain-state.md","7074","7074","c3082494829b2445992fe47efa45c0ad85fe0e14609222ce1134e04489ba0031","c3082494829b2445992fe47efa45c0ad85fe0e14609222ce1134e04489ba0031",""
"brain-tcp-udp-analogy","Brain TCP/UDP Analogy","pages/brain-tcp-udp-analogy.md","/v5ma.github.io/wiki/content/brain-tcp-udp-analogy.md","3209","3209","c31948bf48216667b85755f4e6eab096db26c2f52038e0c22ea71ca3db65e0ea","c31948bf48216667b85755f4e6eab096db26c2f52038e0c22ea71ca3db65e0ea",""
"brain-to-brain-eeg-synchronization","Brain To Brain Eeg Synchronization","pages/brain-to-brain-eeg-synchronization.md","/v5ma.github.io/wiki/content/brain-to-brain-eeg-synchronization.md","2418","2418","d3c63ff9a4207e554f177f3b678658dd744d1aa2383fdb0a39e8d11db5b86eb3","d3c63ff9a4207e554f177f3b678658dd744d1aa2383fdb0a39e8d11db5b86eb3",""
"braingate","BrainGate","pages/braingate.md","/v5ma.github.io/wiki/content/braingate.md","8900","8232","5889089cadc63b5dc678a8cf8cfde49adaf71b5c882b3c13ccfee5cc50965ff9","82b445781dc1c2f297a117cb5ace85868bc5a6866accf51278f1439b9525fc3d","routeBlocksRemoved:1"
"brainwave-driven-photic-stimulation","Brainwave Driven Photic Stimulation","pages/brainwave-driven-photic-stimulation.md","/v5ma.github.io/wiki/content/brainwave-driven-photic-stimulation.md","2443","2443","12d3f0bcf1e3bcfee777d30c6157a843d52db6d993bd313db336c24292a8a714","12d3f0bcf1e3bcfee777d30c6157a843d52db6d993bd313db336c24292a8a714",""
"brainwave-entrainment","Brainwave Entrainment","pages/brainwave-entrainment.md","/v5ma.github.io/wiki/content/brainwave-entrainment.md","3417","3417","97da50d89efb64d9cf8e7deb3123cd0ea9c5a78db38c25445c6463b92dc826a7","97da50d89efb64d9cf8e7deb3123cd0ea9c5a78db38c25445c6463b92dc826a7",""
"brainwave-vortex-attractor","Brainwave Vortex Attractor","pages/brainwave-vortex-attractor.md","/v5ma.github.io/wiki/content/brainwave-vortex-attractor.md","3071","3071","21fec84ce20156a3883dea4a584804ad5250cac6c37f4b14905dafebf7607171","21fec84ce20156a3883dea4a584804ad5250cac6c37f4b14905dafebf7607171",""
"brainwave","Brainwave","pages/brainwave.md","/v5ma.github.io/wiki/content/brainwave.md","11894","11894","e2360cbe40697dbbb9ee74d3c5b46bea1921c86c116fa648d5d5e107639b230b","e2360cbe40697dbbb9ee74d3c5b46bea1921c86c116fa648d5d5e107639b230b",""
"brainwaves","Brainwaves","pages/brainwaves.md","/v5ma.github.io/wiki/content/brainwaves.md","15879","15879","9ba49bf8b7b0db94edbbd40eb9634267eff49460e42f1b8a641efb4467393244","9ba49bf8b7b0db94edbbd40eb9634267eff49460e42f1b8a641efb4467393244",""
"brandon-jones-webxr-2018","Brandon Jones Webxr 2018","pages/brandon-jones-webxr-2018.md","/v5ma.github.io/wiki/content/brandon-jones-webxr-2018.md","3789","3789","76b500b71d033b3ea4e36c5a2aacc3605959ed5e8c85cf4254cc91ad1c85c63a","76b500b71d033b3ea4e36c5a2aacc3605959ed5e8c85cf4254cc91ad1c85c63a",""
"bridging-molecular-mechanisms","Bridging Molecular Mechanisms","pages/bridging-molecular-mechanisms.md","/v5ma.github.io/wiki/content/bridging-molecular-mechanisms.md","8915","8915","b3ec14a049d4a96dc132a31925dba4c5b127aeeb925dad44f7a4bc60dedfd569","b3ec14a049d4a96dc132a31925dba4c5b127aeeb925dad44f7a4bc60dedfd569",""
"broccoli-shared-recognition-artificial-perception","Broccoli, Shared Recognition, and Artificial Perception","pages/broccoli-shared-recognition-artificial-perception.md","/v5ma.github.io/wiki/content/broccoli-shared-recognition-artificial-perception.md","16657","16657","3bd6d4d8a9b9468e9527f5ff3905c9a9a68c10ec9a199e4ee7fc79f37531f5e9","3bd6d4d8a9b9468e9527f5ff3905c9a9a68c10ec9a199e4ee7fc79f37531f5e9",""
"building-sentient-beings","Building Sentient Beings","pages/building-sentient-beings.md","/v5ma.github.io/wiki/content/building-sentient-beings.md","2146","2146","e36dc1c93445621b8075f9c9a6e47b88f7556de0d3fbd954f0c2ca99d6997c79","e36dc1c93445621b8075f9c9a6e47b88f7556de0d3fbd954f0c2ca99d6997c79",""
"burst-event","Burst Event","pages/burst-event.md","/v5ma.github.io/wiki/content/burst-event.md","5300","5300","d77efec58b1a039ee100ce707ec50a497564b2887447a1a103e0cad99d8dbf1e","d77efec58b1a039ee100ce707ec50a497564b2887447a1a103e0cad99d8dbf1e",""
"burstlet-information-hypothesis","Burstlet Information Hypothesis","pages/burstlet-information-hypothesis.md","/v5ma.github.io/wiki/content/burstlet-information-hypothesis.md","2544","2544","4ac77446d8988ade376988b9f1e71772aa17d529c20cb380b39c179e3be08739","4ac77446d8988ade376988b9f1e71772aa17d529c20cb380b39c179e3be08739",""
"burstlets","Burstlets","pages/burstlets.md","/v5ma.github.io/wiki/content/burstlets.md","2322","2322","c73b2f9d5ade55942808b7233809e68d397909b6014610b95af25bd2891ea103","c73b2f9d5ade55942808b7233809e68d397909b6014610b95af25bd2891ea103",""
"buzsaki-brain-inside-out","Buzsaki Brain Inside Out","pages/buzsaki-brain-inside-out.md","/v5ma.github.io/wiki/content/buzsaki-brain-inside-out.md","4194","4194","405d57e01b79225e74dd0afd72212378c4ed303c7756ee7df0e797965d8d13f3","405d57e01b79225e74dd0afd72212378c4ed303c7756ee7df0e797965d8d13f3",""
"camkii-activity-transfer","Camkii Activity Transfer","pages/camkii-activity-transfer.md","/v5ma.github.io/wiki/content/camkii-activity-transfer.md","8001","8001","c42ed90320d6b425687bc293375e60b75f664a13cae76d12cf406a6913640160","c42ed90320d6b425687bc293375e60b75f664a13cae76d12cf406a6913640160",""
"camkii-microtubule-ltp","CaMKII, Microtubules, and LTP","pages/camkii-microtubule-ltp.md","/v5ma.github.io/wiki/content/camkii-microtubule-ltp.md","5499","5499","030ee66572bf35f49c1c329998da429ff493fca5cd37ab9c7876cef05ee34525","030ee66572bf35f49c1c329998da429ff493fca5cd37ab9c7876cef05ee34525",""
"camkii","Camkii","pages/camkii.md","/v5ma.github.io/wiki/content/camkii.md","7481","7481","4e298e8062e9f00f3c63ab3a5dbb1ff8db4c8b700fde63175a2fd7afc1c545b4","4e298e8062e9f00f3c63ab3a5dbb1ff8db4c8b700fde63175a2fd7afc1c545b4",""
"camp-neural-phase-modulation","Camp Neural Phase Modulation","pages/camp-neural-phase-modulation.md","/v5ma.github.io/wiki/content/camp-neural-phase-modulation.md","3076","3076","157905180a0453d909e441fcd8496111b91e1afc77ab5d1ed454cec01100c6ea","157905180a0453d909e441fcd8496111b91e1afc77ab5d1ed454cec01100c6ea",""
"canvas-is-the-receiver","The Canvas Is Also the Receiver","pages/canvas-is-the-receiver.md","/v5ma.github.io/wiki/content/canvas-is-the-receiver.md","7813","7813","9d2606afe3fbb25bedbceb65a8bd8f4b7dcc37cd17ac48d3cb652d010e50d389","9d2606afe3fbb25bedbceb65a8bd8f4b7dcc37cd17ac48d3cb652d010e50d389",""
"carmack-oculus-connect-4","Carmack Oculus Connect 4","pages/carmack-oculus-connect-4.md","/v5ma.github.io/wiki/content/carmack-oculus-connect-4.md","1520","1520","33711368a1a14ae813be285f55da51c732683b28add6b43909b455e9eb273a34","33711368a1a14ae813be285f55da51c732683b28add6b43909b455e9eb273a34",""
"cascade-array-perspective-source-family-map","Cascade Source-Family and Filename-Drift Map","pages/cascade-array-perspective-source-family-map.md","/v5ma.github.io/wiki/content/cascade-array-perspective-source-family-map.md","2457","2457","0d0e77f4c50e262b0c019d6ce29d8fe133619bcbfe70849a40018a72bfb0c56c","0d0e77f4c50e262b0c019d6ce29d8fe133619bcbfe70849a40018a72bfb0c56c",""
"cascaded-array-perspective-transformation","Cascaded Array Perspective Transformation","pages/cascaded-array-perspective-transformation.md","/v5ma.github.io/wiki/content/cascaded-array-perspective-transformation.md","7943","7943","7afc0cadf4d27871b66ad3c63e0bc65af45d1436cc8e51a3848842346fdf78bb","7afc0cadf4d27871b66ad3c63e0bc65af45d1436cc8e51a3848842346fdf78bb",""
"category-theory-biological-state-transitions","Category Theory Biological State Transitions","pages/category-theory-biological-state-transitions.md","/v5ma.github.io/wiki/content/category-theory-biological-state-transitions.md","2650","2650","7366d2a1044def09b12bb06487831b198bc591577afcfa859b76b73c7800f4a2","7366d2a1044def09b12bb06487831b198bc591577afcfa859b76b73c7800f4a2",""
"category-theory-neuroscience","Category Theory Neuroscience","pages/category-theory-neuroscience.md","/v5ma.github.io/wiki/content/category-theory-neuroscience.md","4595","4595","844fbe5b5cbf5c1d77e9df1e4f0909e134007f967a2911ddbce10ea1d85bb197","844fbe5b5cbf5c1d77e9df1e4f0909e134007f967a2911ddbce10ea1d85bb197",""
"category-theory-petri-net-hybrid","Category Theory Petri Net Hybrid","pages/category-theory-petri-net-hybrid.md","/v5ma.github.io/wiki/content/category-theory-petri-net-hybrid.md","3176","3176","f5ff9322d574d5345ad7abe5689c8309a10b6d5ea056cfb5105844bc9752f794","f5ff9322d574d5345ad7abe5689c8309a10b6d5ea056cfb5105844bc9752f794",""
"category-theory","Category Theory","pages/category-theory.md","/v5ma.github.io/wiki/content/category-theory.md","8936","8936","ea80af3f0e15d28630d71af1c82bff76f72391ddb68a3755bc0b839737964c0f","ea80af3f0e15d28630d71af1c82bff76f72391ddb68a3755bc0b839737964c0f",""
"causal-fermion-systems","Causal Fermion Systems","pages/causal-fermion-systems.md","/v5ma.github.io/wiki/content/causal-fermion-systems.md","3683","3683","70de69e191de562bc83ce08566b7fd06fc4bc3b56e025dc977c4bd2674e0c12c","70de69e191de562bc83ce08566b7fd06fc4bc3b56e025dc977c4bd2674e0c12c",""
"cell-as-chemical-neural-network","Cell As Chemical Neural Network","pages/cell-as-chemical-neural-network.md","/v5ma.github.io/wiki/content/cell-as-chemical-neural-network.md","3403","3403","048655351c06b369ddf94e07eaac15a9e6e8af60127d24562158e8dd29449cd2","048655351c06b369ddf94e07eaac15a9e6e8af60127d24562158e8dd29449cd2",""
"cells-as-pattern-recognition-devices","Cells As Pattern Recognition Devices","pages/cells-as-pattern-recognition-devices.md","/v5ma.github.io/wiki/content/cells-as-pattern-recognition-devices.md","2806","2806","22ea9acafa16d3d7383605c03626ab08691895f79dee816c2e6faefc1a54a70e","22ea9acafa16d3d7383605c03626ab08691895f79dee816c2e6faefc1a54a70e",""
"cellular-coincident-detection","Cellular Coincident Detection","pages/cellular-coincident-detection.md","/v5ma.github.io/wiki/content/cellular-coincident-detection.md","2346","2346","a3e041608c0212f31ffd953084b0269f97731653d5fbb893b41f17f8955c169e","a3e041608c0212f31ffd953084b0269f97731653d5fbb893b41f17f8955c169e",""
"cellular-communication-graph-neural-network","Cellular Communication and Graph Models","pages/cellular-communication-graph-neural-network.md","/v5ma.github.io/wiki/content/cellular-communication-graph-neural-network.md","3725","3725","3f96463589e5a11a805ee0497da85d4bf4f1bbdd22c7cdf91b0139fa95a908b7","3f96463589e5a11a805ee0497da85d4bf4f1bbdd22c7cdf91b0139fa95a908b7",""
"cellular-memory","Cellular Memory","pages/cellular-memory.md","/v5ma.github.io/wiki/content/cellular-memory.md","13007","13007","5643a5865526ad0f77ae6e1009e8076e7baa4cf8db951afef23939f40d624847","5643a5865526ad0f77ae6e1009e8076e7baa4cf8db951afef23939f40d624847",""
"cellular-oscillating-tomography","Cellular Oscillating Tomography","pages/cellular-oscillating-tomography.md","/v5ma.github.io/wiki/content/cellular-oscillating-tomography.md","11272","11272","070390d4e7823b647fdaa1f800fccefaba9b5413037a9f8b47d171cab152f490","070390d4e7823b647fdaa1f800fccefaba9b5413037a9f8b47d171cab152f490",""
"cellular-oscillatory-tomography","Cellular Oscillatory Tomography","pages/cellular-oscillatory-tomography.md","/v5ma.github.io/wiki/content/cellular-oscillatory-tomography.md","6180","6180","3315b826d0a33261002f2a2e8189b1d7e601ce2cd4c65730ad4ec2097abd5eb2","3315b826d0a33261002f2a2e8189b1d7e601ce2cd4c65730ad4ec2097abd5eb2",""
"cerebellar-embodied-prediction-conscious-participation","Cerebellar Embodied Prediction and Conscious Participation","pages/cerebellar-embodied-prediction-conscious-participation.md","/v5ma.github.io/wiki/content/cerebellar-embodied-prediction-conscious-participation.md","5240","5240","d62b08d152d8aefc8c4e65f421137d3c55c4aac1e86a3ec5023f132fa73fbfdf","d62b08d152d8aefc8c4e65f421137d3c55c4aac1e86a3ec5023f132fa73fbfdf",""
"chemical-synapse","Chemical Synapse","pages/chemical-synapse.md","/v5ma.github.io/wiki/content/chemical-synapse.md","14964","14964","6ca415f7dbe58d131ceab48ee61b50e546b3661356bb12afbeff71d4edbf69a6","6ca415f7dbe58d131ceab48ee61b50e546b3661356bb12afbeff71d4edbf69a6",""
"chicken-cloud-neomindcycle-2012","Chicken Cloud Neomindcycle 2012","pages/chicken-cloud-neomindcycle-2012.md","/v5ma.github.io/wiki/content/chicken-cloud-neomindcycle-2012.md","3364","3364","0f32e930bd915b291de8333287cc6d12345dee749bbf1ceba59ce459134adb56","0f32e930bd915b291de8333287cc6d12345dee749bbf1ceba59ce459134adb56",""
"chickenman-social-contract-identity-2012","Chickenman Social Contract Identity 2012","pages/chickenman-social-contract-identity-2012.md","/v5ma.github.io/wiki/content/chickenman-social-contract-identity-2012.md","4029","4029","e9a4576274b43899a851a1c592cc01022302da62e80016e1ddb457ce2264784e","e9a4576274b43899a851a1c592cc01022302da62e80016e1ddb457ce2264784e",""
"chiribella-wilson-higher-order-processes","Chiribella Wilson Higher Order Processes","pages/chiribella-wilson-higher-order-processes.md","/v5ma.github.io/wiki/content/chiribella-wilson-higher-order-processes.md","2652","2652","b19a8854668aa9860973020e2638ffa4fae065e62611886f959c7c6000df9853","b19a8854668aa9860973020e2638ffa4fae065e62611886f959c7c6000df9853",""
"choice","Choice","pages/choice.md","/v5ma.github.io/wiki/content/choice.md","6271","6271","6f72a2baa741bf16316bb3fdf161bc1fde4b7e69d4e844c8a3b79ad4ff9d6974","6f72a2baa741bf16316bb3fdf161bc1fde4b7e69d4e844c8a3b79ad4ff9d6974",""
"circuit-driven-neural-reinstatement-error-correction","Circuit-Driven Neural Reinstatement and Error Correction","pages/circuit-driven-neural-reinstatement-error-correction.md","/v5ma.github.io/wiki/content/circuit-driven-neural-reinstatement-error-correction.md","2678","2678","5b994c314d0e5bc1a617c44a4e4d7b6fc3ba302d091e3e13b13077b1f3758d6a","5b994c314d0e5bc1a617c44a4e4d7b6fc3ba302d091e3e13b13077b1f3758d6a",""
"clinical-bci-applications","Clinical Bci Applications","pages/clinical-bci-applications.md","/v5ma.github.io/wiki/content/clinical-bci-applications.md","3670","3670","3577f362bad408c4a31310c07244f3c75284927e161271dce0f4d0040476aa12","3577f362bad408c4a31310c07244f3c75284927e161271dce0f4d0040476aa12",""
"cognitive-liberty","Cognitive Liberty","pages/cognitive-liberty.md","/v5ma.github.io/wiki/content/cognitive-liberty.md","10109","10109","75ffe78eafca07a1b1119c2ca78a187c9653963266d7e0600c446e13249be17e","75ffe78eafca07a1b1119c2ca78a187c9653963266d7e0600c446e13249be17e",""
"cognitive-map","Cognitive Maps","pages/cognitive-map.md","/v5ma.github.io/wiki/content/cognitive-map.md","12803","12803","fec770e0baefd1b12869ed714fa56b20d5bc6c5c7d3aaff1af997bf93be2468b","fec770e0baefd1b12869ed714fa56b20d5bc6c5c7d3aaff1af997bf93be2468b",""
"cognitive-privacy-xr-bci","Cognitive Privacy Xr Bci","pages/cognitive-privacy-xr-bci.md","/v5ma.github.io/wiki/content/cognitive-privacy-xr-bci.md","1958","1958","f1361593aca58fc9350f877c210a64a2c0302aae8ad70b7bb73f6bda91306d9c","f1361593aca58fc9350f877c210a64a2c0302aae8ad70b7bb73f6bda91306d9c",""
"cognitive-states-and-stages","Cognitive States And Stages","pages/cognitive-states-and-stages.md","/v5ma.github.io/wiki/content/cognitive-states-and-stages.md","2438","2438","5108957c7e49511f0ae8d36a6c6adeb9b0e310f5b02d145a3fff718ce86eb7ef","5108957c7e49511f0ae8d36a6c6adeb9b0e310f5b02d145a3fff718ce86eb7ef",""
"coherence-conservation-law","Coherence Conservation Law","pages/coherence-conservation-law.md","/v5ma.github.io/wiki/content/coherence-conservation-law.md","3048","3048","31fe380c29e15cba5b7a77adf2cb1050eb74d812b2ce10dd74c3d0c5cad6bc0c","31fe380c29e15cba5b7a77adf2cb1050eb74d812b2ce10dd74c3d0c5cad6bc0c",""
"coherence-dispersion-sculpting-hypothesis","Coherence-Dispersion Sculpting Hypothesis","pages/coherence-dispersion-sculpting-hypothesis.md","/v5ma.github.io/wiki/content/coherence-dispersion-sculpting-hypothesis.md","16425","16425","8823ab95d927f1579cf8f24a7d27d21e2a965fbfbb334eabb8709e365faa6831","8823ab95d927f1579cf8f24a7d27d21e2a965fbfbb334eabb8709e365faa6831",""
"coherence-field","Coherence Field","pages/coherence-field.md","/v5ma.github.io/wiki/content/coherence-field.md","6347","6347","a65a7283736a9a77ab4d553ea0b551aeb014695cddf0bebada4b51ee5b401688","a65a7283736a9a77ab4d553ea0b551aeb014695cddf0bebada4b51ee5b401688",""
"coherence-gated-yang-mills-gap","Coherence Gated Yang Mills Gap","pages/coherence-gated-yang-mills-gap.md","/v5ma.github.io/wiki/content/coherence-gated-yang-mills-gap.md","3013","3013","a2fb9843f62441d5c7ff07d58ab7aec0e88b71f33bc60d3e2f1fd86416d69850","a2fb9843f62441d5c7ff07d58ab7aec0e88b71f33bc60d3e2f1fd86416d69850",""
"coincidence-as-a-bit","Coincidence as a Bit","pages/coincidence-as-a-bit.md","/v5ma.github.io/wiki/content/coincidence-as-a-bit.md","11450","11450","69236cf15584af03afe8a918eebc4e0f54604c5fd857c82e90b49f60af7ad1a9","69236cf15584af03afe8a918eebc4e0f54604c5fd857c82e90b49f60af7ad1a9",""
"coincidence-detection-neural-bit","Coincidence Detection and the SAN Neural Bit","pages/coincidence-detection-neural-bit.md","/v5ma.github.io/wiki/content/coincidence-detection-neural-bit.md","11529","11529","6cda4b97dc3cdfeb49672c2258889633cf92c822d1c9fb4b32f4ca94255ef0f8","6cda4b97dc3cdfeb49672c2258889633cf92c822d1c9fb4b32f4ca94255ef0f8",""
"coincidence-detection","Coincidence Detection: From Synapses to SAN Arrays","pages/coincidence-detection.md","/v5ma.github.io/wiki/content/coincidence-detection.md","12305","12305","9e87cd68d7faaba223775075dcae8ef6a5e13775d53b315cf645c0e7decbfd26","9e87cd68d7faaba223775075dcae8ef6a5e13775d53b315cf645c0e7decbfd26",""
"coincidence-pattern-neural-bit","Coincidence Pattern Neural Bit","pages/coincidence-pattern-neural-bit.md","/v5ma.github.io/wiki/content/coincidence-pattern-neural-bit.md","11936","11936","909cef835e739a908caa676bcbab26fc1fda1d4e71c1f948b0f8f9a0bdb9ea08","909cef835e739a908caa676bcbab26fc1fda1d4e71c1f948b0f8f9a0bdb9ea08",""
"coincidence-pattern-neural-information","Coincidence Pattern Neural Information","pages/coincidence-pattern-neural-information.md","/v5ma.github.io/wiki/content/coincidence-pattern-neural-information.md","3529","3529","34b382b029c8c2c2a363181f6c4c3ac3e84575c04bf3a0e9a376decd61400bd1","34b382b029c8c2c2a363181f6c4c3ac3e84575c04bf3a0e9a376decd61400bd1",""
"coincidence-to-structure-activity-directed-spinogenesis","Coincidence Becomes Geometry: Activity-Directed Spine Formation","pages/coincidence-to-structure-activity-directed-spinogenesis.md","/v5ma.github.io/wiki/content/coincidence-to-structure-activity-directed-spinogenesis.md","6675","6675","f5530f839a1791c75938f1136adec2d4ad3e76b26a8b0a17352c1413f67b5180","f5530f839a1791c75938f1136adec2d4ad3e76b26a8b0a17352c1413f67b5180",""
"coincident-detection","Coincident Detection","pages/coincident-detection.md","/v5ma.github.io/wiki/content/coincident-detection.md","6263","6263","a112033445385c9d501954834a104535279567384b5142e7c5f2cdb28579fcba","a112033445385c9d501954834a104535279567384b5142e7c5f2cdb28579fcba",""
"color-as-phase-field-contrast","Color As Phase Field Contrast","pages/color-as-phase-field-contrast.md","/v5ma.github.io/wiki/content/color-as-phase-field-contrast.md","3088","3088","8bea7622474e242442534362649c74c835ab290fd5e76ce6d1da2b3d093f6508","8bea7622474e242442534362649c74c835ab290fd5e76ce6d1da2b3d093f6508",""
"color-perception-phase-field","Color Perception Phase Field","pages/color-perception-phase-field.md","/v5ma.github.io/wiki/content/color-perception-phase-field.md","4099","4099","ed5f3bfdcddb54cbc2c21ce422b1f7e4b00b099e982745b87a1a3a6cb1f23ee4","ed5f3bfdcddb54cbc2c21ce422b1f7e4b00b099e982745b87a1a3a6cb1f23ee4",""
"columnar-organization","Columnar Organization","pages/columnar-organization.md","/v5ma.github.io/wiki/content/columnar-organization.md","4896","4896","0aca9efda0a2f7d67cc8791a6e4760ea791209beba7fbc1419ceff95eb2c6112","0aca9efda0a2f7d67cc8791a6e4760ea791209beba7fbc1419ceff95eb2c6112",""
"comparison-evidence-is-not-biological-validation","Comparison Evidence Is Not Biological Validation","pages/comparison-evidence-is-not-biological-validation.md","/v5ma.github.io/wiki/content/comparison-evidence-is-not-biological-validation.md","8741","8741","fa98e5fd78ac0fe0fc84f6214edb58b1ad9da70b9d80c4b9ba93e1e002c8366a","fa98e5fd78ac0fe0fc84f6214edb58b1ad9da70b9d80c4b9ba93e1e002c8366a",""
"competitive-neural-pattern-dominance","Competitive Neural Pattern Dominance","pages/competitive-neural-pattern-dominance.md","/v5ma.github.io/wiki/content/competitive-neural-pattern-dominance.md","3145","3145","b6a4c74f53958308a9c940a33decd2aaeb12ec45701af84046918094b0b09d24","b6a4c74f53958308a9c940a33decd2aaeb12ec45701af84046918094b0b09d24",""
"computational-neuroscience","Computational Neuroscience","pages/computational-neuroscience.md","/v5ma.github.io/wiki/content/computational-neuroscience.md","8207","8207","42d4701884cb0918cca7b006e9cfac243df50a65a01947b5ee5a0a01a4e32af8","42d4701884cb0918cca7b006e9cfac243df50a65a01947b5ee5a0a01a4e32af8",""
"computational-phase-synchronization","Computational Phase Synchronization","pages/computational-phase-synchronization.md","/v5ma.github.io/wiki/content/computational-phase-synchronization.md","2895","2895","fdf86b5d07bef7dec487515dbcf9f985e547856f6b68e7c1890381a002f1ea07","fdf86b5d07bef7dec487515dbcf9f985e547856f6b68e7c1890381a002f1ea07",""
"computational-proof-of-god","Computational Proof Of God","pages/computational-proof-of-god.md","/v5ma.github.io/wiki/content/computational-proof-of-god.md","4561","4561","e95554e80501dde04ac04cee3200f6ba6d83fa44c646e945a874b5865529e246","e95554e80501dde04ac04cee3200f6ba6d83fa44c646e945a874b5865529e246",""
"concepts","Concepts","pages/concepts.md","/v5ma.github.io/wiki/content/concepts.md","10764","10764","a72d4f2bddda1b7bc19e3d239cf1c1472d44fdcea96e99a91332f5410bc04952","a72d4f2bddda1b7bc19e3d239cf1c1472d44fdcea96e99a91332f5410bc04952",""
"concurrent-soliton-consciousness-channels","Concurrent Soliton Consciousness Channels","pages/concurrent-soliton-consciousness-channels.md","/v5ma.github.io/wiki/content/concurrent-soliton-consciousness-channels.md","3166","3166","2e41837d1bccec834eacec1d67a26f93a2f56ff5302f54c0d6483a6aea42b9ac","2e41837d1bccec834eacec1d67a26f93a2f56ff5302f54c0d6483a6aea42b9ac",""
"confidence-in-neural-pattern","Confidence In Neural Pattern","pages/confidence-in-neural-pattern.md","/v5ma.github.io/wiki/content/confidence-in-neural-pattern.md","5271","5271","1e7ee3cffb6fe700e14c2aa0c9a5b70a358fb1a5041534ababa1da999a3df2b9","1e7ee3cffb6fe700e14c2aa0c9a5b70a358fb1a5041534ababa1da999a3df2b9",""
"configuration-space","Configuration Space","pages/configuration-space.md","/v5ma.github.io/wiki/content/configuration-space.md","7612","7612","41385df9ad9a90fca50aadb54557c01307076276bc84fd912c44ff17df42e030","41385df9ad9a90fca50aadb54557c01307076276bc84fd912c44ff17df42e030",""
"connectome","Connectome","pages/connectome.md","/v5ma.github.io/wiki/content/connectome.md","6520","6520","971b2fe48b64a14b32c84d786c75b8a5ef23289b8722a454aaddb44c8e5a5fba","971b2fe48b64a14b32c84d786c75b8a5ef23289b8722a454aaddb44c8e5a5fba",""
"conscious-access","Conscious Access","pages/conscious-access.md","/v5ma.github.io/wiki/content/conscious-access.md","3612","3612","23b68a7c8619309c9e9aafb297534d08f73ed5a79182b9552baf94f560e58ed4","23b68a7c8619309c9e9aafb297534d08f73ed5a79182b9552baf94f560e58ed4",""
"conscious-awareness","Conscious Awareness","pages/conscious-awareness.md","/v5ma.github.io/wiki/content/conscious-awareness.md","3328","3328","219ca39270fe83318deb44406eaf73ef4d61d9f00aaca409f33c42ac7c9e7bab","219ca39270fe83318deb44406eaf73ef4d61d9f00aaca409f33c42ac7c9e7bab",""
"conscious-episode-diachronic-self-continuity","Conscious Episodes and the Continuity of a Person","pages/conscious-episode-diachronic-self-continuity.md","/v5ma.github.io/wiki/content/conscious-episode-diachronic-self-continuity.md","8118","8118","12d0bef7b50b920cbc61fe2ce6acf6d77e14851f6ae75d7df19158bf6558be8d","12d0bef7b50b920cbc61fe2ce6acf6d77e14851f6ae75d7df19158bf6558be8d",""
"conscious-neural-networks","Conscious Neural Networks","pages/conscious-neural-networks.md","/v5ma.github.io/wiki/content/conscious-neural-networks.md","4709","4709","66a73229778c7a7ad4489ed4427ab3b7900ed16dafc0ecbb4324b8e69d8f91aa","66a73229778c7a7ad4489ed4427ab3b7900ed16dafc0ecbb4324b8e69d8f91aa",""
"conscious-robot","Conscious Robot","pages/conscious-robot.md","/v5ma.github.io/wiki/content/conscious-robot.md","4879","4879","7ae627a43dc68513281485adc570b1a6baa9451e48c15e39ee43824fff09510d","7ae627a43dc68513281485adc570b1a6baa9451e48c15e39ee43824fff09510d",""
"conscious-state-perturbation-tomography","Conscious-State Perturbation Tomography","pages/conscious-state-perturbation-tomography.md","/v5ma.github.io/wiki/content/conscious-state-perturbation-tomography.md","3138","3138","92757c8b4b414a5c8671211e7aa0cc7d7c3a129ca12c7b57fb3cba21fb8a0a68","92757c8b4b414a5c8671211e7aa0cc7d7c3a129ca12c7b57fb3cba21fb8a0a68",""
"consciousness-as-dissipative-self-organizing-system","Consciousness As Dissipative Self Organizing System","pages/consciousness-as-dissipative-self-organizing-system.md","/v5ma.github.io/wiki/content/consciousness-as-dissipative-self-organizing-system.md","3057","3057","c27f0b0dc015b3062a726897d545dcfec7b107f5f68d305b384c8ecde975c483","c27f0b0dc015b3062a726897d545dcfec7b107f5f68d305b384c8ecde975c483",""
"consciousness-as-frames","Consciousness as Frames","pages/consciousness-as-frames.md","/v5ma.github.io/wiki/content/consciousness-as-frames.md","3093","3093","f68e5751336151c333931f98da40cb839d897f165da28d2a28328deea724c8e0","f68e5751336151c333931f98da40cb839d897f165da28d2a28328deea724c8e0",""
"consciousness-as-high-bandwidth-choice-mechanism","Consciousness As High Bandwidth Choice Mechanism","pages/consciousness-as-high-bandwidth-choice-mechanism.md","/v5ma.github.io/wiki/content/consciousness-as-high-bandwidth-choice-mechanism.md","3410","3410","5f10b320c5b80be7f96f9120db7d2a3422a9ced57ee52c1ea10ec2752ac9e298","5f10b320c5b80be7f96f9120db7d2a3422a9ced57ee52c1ea10ec2752ac9e298",""
"consciousness-as-information","Consciousness as Information","pages/consciousness-as-information.md","/v5ma.github.io/wiki/content/consciousness-as-information.md","3515","3515","dbba2b441996ece68ee3ac1eb7e27119770d72c5b4076414ecd3684f847e93fd","dbba2b441996ece68ee3ac1eb7e27119770d72c5b4076414ecd3684f847e93fd",""
"consciousness-as-neurofeedback-loops","Consciousness as Feedback Loops","pages/consciousness-as-neurofeedback-loops.md","/v5ma.github.io/wiki/content/consciousness-as-neurofeedback-loops.md","3506","3506","00523fc028af0bb41afffdb1bbab9d634a2c7e89e4ad196cce35faf92584cc96","00523fc028af0bb41afffdb1bbab9d634a2c7e89e4ad196cce35faf92584cc96",""
"consciousness-as-neurofeedback","Consciousness As Neurofeedback","pages/consciousness-as-neurofeedback.md","/v5ma.github.io/wiki/content/consciousness-as-neurofeedback.md","3880","3880","c548d50f2b7e12680027c6dc2fb1ecc3f77771da1c9993de9546f67f4380d23c","c548d50f2b7e12680027c6dc2fb1ecc3f77771da1c9993de9546f67f4380d23c",""
"consciousness-as-oscillatory-feedback-loop","Consciousness as an Oscillatory Feedback Loop","pages/consciousness-as-oscillatory-feedback-loop.md","/v5ma.github.io/wiki/content/consciousness-as-oscillatory-feedback-loop.md","3289","3289","4cd4e10e4801a6ed59973b365fac7265a61ec9febd8cf6ef9caa28264432aa3f","4cd4e10e4801a6ed59973b365fac7265a61ec9febd8cf6ef9caa28264432aa3f",""
"consciousness-as-persistent-rendering","Consciousness as Persistent Rendering","pages/consciousness-as-persistent-rendering.md","/v5ma.github.io/wiki/content/consciousness-as-persistent-rendering.md","3509","3509","ecf9c6722e8821a0b4e99fd8021d1aca1fabdd0bdcbacd1ba15901537fab1b64","ecf9c6722e8821a0b4e99fd8021d1aca1fabdd0bdcbacd1ba15901537fab1b64",""
"consciousness-as-prediction-determinism","Consciousness as Prediction and Determinism","pages/consciousness-as-prediction-determinism.md","/v5ma.github.io/wiki/content/consciousness-as-prediction-determinism.md","4402","4402","1e7388fac08257dcc83b19f88b56d8b0279753e9968fd76c9162ab8c6a3c47cb","1e7388fac08257dcc83b19f88b56d8b0279753e9968fd76c9162ab8c6a3c47cb",""
"consciousness-as-temporally-active-loop","Consciousness As Temporally Active Loop","pages/consciousness-as-temporally-active-loop.md","/v5ma.github.io/wiki/content/consciousness-as-temporally-active-loop.md","2867","2867","bf65458f74cdd49418656e603bf5980b9f0fc117f355db55c49e9f8f349a04f6","bf65458f74cdd49418656e603bf5980b9f0fc117f355db55c49e9f8f349a04f6",""
"consciousness-canvas-wave-differential","Consciousness Canvas and Wave Differentials","pages/consciousness-canvas-wave-differential.md","/v5ma.github.io/wiki/content/consciousness-canvas-wave-differential.md","2186","2186","6157851bc8fc1b55859422c6d98bda8e75ae2571124ef7aa2b369e2f7f8ed84a","6157851bc8fc1b55859422c6d98bda8e75ae2571124ef7aa2b369e2f7f8ed84a",""
"consciousness-claim-and-evidence-ladder","Consciousness Claim and Evidence Ladder","pages/consciousness-claim-and-evidence-ladder.md","/v5ma.github.io/wiki/content/consciousness-claim-and-evidence-ladder.md","7903","7903","2bd1c3723d587df01f725b50c72f25da57689ee0760d53717c3fe51a56d4d7aa","2bd1c3723d587df01f725b50c72f25da57689ee0760d53717c3fe51a56d4d7aa",""
"consciousness-energy-wave-differences","Consciousness Energy Wave Differences","pages/consciousness-energy-wave-differences.md","/v5ma.github.io/wiki/content/consciousness-energy-wave-differences.md","2639","2639","31d3dd4e35bfb4806e806d298c081d8fc7bdb0450eea6a182963df5d29652eab","31d3dd4e35bfb4806e806d298c081d8fc7bdb0450eea6a182963df5d29652eab",""
"consciousness-multimodal-rendering-loop","Consciousness as a Multimodal Rendering Loop","pages/consciousness-multimodal-rendering-loop.md","/v5ma.github.io/wiki/content/consciousness-multimodal-rendering-loop.md","3337","3337","de1785b98791c751bc2bfb1d01b7e6a3eb12023d17c1a5842345b69ac3fd6d43","de1785b98791c751bc2bfb1d01b7e6a3eb12023d17c1a5842345b69ac3fd6d43",""
"consciousness-persistent-rendering","Consciousness Persistent Rendering","pages/consciousness-persistent-rendering.md","/v5ma.github.io/wiki/content/consciousness-persistent-rendering.md","3465","3465","88e35367519b6a7270b17d46ffdf889c25786006370bed6bfcdb900db772d1c4","88e35367519b6a7270b17d46ffdf889c25786006370bed6bfcdb900db772d1c4",""
"consciousness-puzzle-pieces","Consciousness Puzzle Pieces","pages/consciousness-puzzle-pieces.md","/v5ma.github.io/wiki/content/consciousness-puzzle-pieces.md","5029","5029","3f653961d8cf806542f909c36394604678a3783d96cd012fa38f51f0624366ec","3f653961d8cf806542f909c36394604678a3783d96cd012fa38f51f0624366ec",""
"consciousness-wave-magnification","Consciousness Wave Magnification","pages/consciousness-wave-magnification.md","/v5ma.github.io/wiki/content/consciousness-wave-magnification.md","2753","2753","5d99e4e4a24a43b7d0759d9fc2ad0e052c76c52c5cdb41c41a554b063beb08a6","5d99e4e4a24a43b7d0759d9fc2ad0e052c76c52c5cdb41c41a554b063beb08a6",""
"consciousness","Consciousness","pages/consciousness.md","/v5ma.github.io/wiki/content/consciousness.md","4457","4457","8c3d41352e3cc92a0740d12f75e712ca136cd282f1b389f369b92ac9ec5cd37c","8c3d41352e3cc92a0740d12f75e712ca136cd282f1b389f369b92ac9ec5cd37c",""
"consideration-sandwich","Consideration Sandwich","pages/consideration-sandwich.md","/v5ma.github.io/wiki/content/consideration-sandwich.md","1793","1793","57b247a9da515172363d9b796848d9efedb0d1a4232e6f2da732d08dedb37b4b","57b247a9da515172363d9b796848d9efedb0d1a4232e6f2da732d08dedb37b4b",""
"contentless-observer","Contentless Observer","pages/contentless-observer.md","/v5ma.github.io/wiki/content/contentless-observer.md","4910","4910","a1787c1b3a0595dc7eeb2c4278a1cbb8461e249d7589249b33fad5aa5cdc47b4","a1787c1b3a0595dc7eeb2c4278a1cbb8461e249d7589249b33fad5aa5cdc47b4",""
"contextual-symmetry","Contextual Symmetry","pages/contextual-symmetry.md","/v5ma.github.io/wiki/content/contextual-symmetry.md","3315","3315","fe7ca145c71119d15f80397464cce7f09e21f2e908b64e55915aceac8754bf85","fe7ca145c71119d15f80397464cce7f09e21f2e908b64e55915aceac8754bf85",""
"contextualized-spike-receiver-relative-transformation","Contextualized Spikes and Receiver-Relative Transformation","pages/contextualized-spike-receiver-relative-transformation.md","/v5ma.github.io/wiki/content/contextualized-spike-receiver-relative-transformation.md","5709","5709","93032866c3981e1d3f8276ae403d78f659383d92a903d6e7f2f80e30829b389c","93032866c3981e1d3f8276ae403d78f659383d92a903d6e7f2f80e30829b389c",""
"continuous-dynamics-discrete-neural-information","Continuous Dynamics and Discrete Neural Information","pages/continuous-dynamics-discrete-neural-information.md","/v5ma.github.io/wiki/content/continuous-dynamics-discrete-neural-information.md","4810","4810","d1368e6e4bf7d19409a7263bbebcef8f37a4d02691e2b18891d57ba1b2aff6a9","d1368e6e4bf7d19409a7263bbebcef8f37a4d02691e2b18891d57ba1b2aff6a9",""
"continuous-neural-rendering","Continuous Neural Rendering","pages/continuous-neural-rendering.md","/v5ma.github.io/wiki/content/continuous-neural-rendering.md","3673","3673","4fe3eaad0901e4d0d7c82246a11e7f1656e6d2d202b100e2ab9c0c6e8e03f058","4fe3eaad0901e4d0d7c82246a11e7f1656e6d2d202b100e2ab9c0c6e8e03f058",""
"convergent-playback","Convergent Playback","pages/convergent-playback.md","/v5ma.github.io/wiki/content/convergent-playback.md","3560","3560","bf2f8f85ce72e28f7eb401a3a0a88b930892ac44e96b40dad2bdb8a773aebc37","bf2f8f85ce72e28f7eb401a3a0a88b930892ac44e96b40dad2bdb8a773aebc37",""
"convolutional-neural-networks","Convolutional Neural Networks","pages/convolutional-neural-networks.md","/v5ma.github.io/wiki/content/convolutional-neural-networks.md","6856","6856","a58e516e31f8da05f0a3d4d4eba06eb3dead672c2a481c8a1096366df4995606","a58e516e31f8da05f0a3d4d4eba06eb3dead672c2a481c8a1096366df4995606",""
"copyright-argument-jurisdiction-strategy","Copyright Argument Jurisdiction Strategy","pages/copyright-argument-jurisdiction-strategy.md","/v5ma.github.io/wiki/content/copyright-argument-jurisdiction-strategy.md","5412","5412","d386597c1a9c8bb487a5b42a27b860d2c72271bba3a26ccd3ce801e3bbcfd50b","d386597c1a9c8bb487a5b42a27b860d2c72271bba3a26ccd3ce801e3bbcfd50b",""
"cortex","Cortex","pages/cortex.md","/v5ma.github.io/wiki/content/cortex.md","21215","21215","920d4211da5facf07b03b5d1a37a6336e2b47b451d5b1a370ab82166400ee2e6","920d4211da5facf07b03b5d1a37a6336e2b47b451d5b1a370ab82166400ee2e6",""
"cortical-cell-recycling","Cortical Cell Recycling","pages/cortical-cell-recycling.md","/v5ma.github.io/wiki/content/cortical-cell-recycling.md","2909","2909","b8825a7819c9fcd3eb7eaf944a40bea21a4cc25ab955ee144d60a2b4af17a3fa","b8825a7819c9fcd3eb7eaf944a40bea21a4cc25ab955ee144d60a2b4af17a3fa",""
"cortical-circuit-development-category-theory","Cortical Circuit Development Category Theory","pages/cortical-circuit-development-category-theory.md","/v5ma.github.io/wiki/content/cortical-circuit-development-category-theory.md","2802","2802","68a90f54714570e04aa8ef58d9264ed30c9ea89206a672f3e9fd5e50585ac160","68a90f54714570e04aa8ef58d9264ed30c9ea89206a672f3e9fd5e50585ac160",""
"cortical-column-as-display","Cortical Column as Display","pages/cortical-column-as-display.md","/v5ma.github.io/wiki/content/cortical-column-as-display.md","2509","2509","0ec69c1ad0cbab692e34967af4bddbb8b83ca01e8019de5a3064787d0ca09360","0ec69c1ad0cbab692e34967af4bddbb8b83ca01e8019de5a3064787d0ca09360",""
"cortical-column-manifolds","Cortical Column Manifolds","pages/cortical-column-manifolds.md","/v5ma.github.io/wiki/content/cortical-column-manifolds.md","6432","6432","61c2c3789274ecca40ccda7a360ed66118dd9ccc0dfde2971f009efee4482920","61c2c3789274ecca40ccda7a360ed66118dd9ccc0dfde2971f009efee4482920",""
"cortical-column-network-node","Cortical Column Network Node","pages/cortical-column-network-node.md","/v5ma.github.io/wiki/content/cortical-column-network-node.md","5837","5837","8beee39bd5b2bcf2bb57c2408845c2f00039a3efc7839db907a39341785438f9","8beee39bd5b2bcf2bb57c2408845c2f00039a3efc7839db907a39341785438f9",""
"cortical-column-oscillatory-collaboration","Cortical Column Oscillatory Collaboration","pages/cortical-column-oscillatory-collaboration.md","/v5ma.github.io/wiki/content/cortical-column-oscillatory-collaboration.md","2818","2818","2e982ef1df641abf54f77c5306eec12ff7f7e647a72e52af6a055c01162ab6f5","2e982ef1df641abf54f77c5306eec12ff7f7e647a72e52af6a055c01162ab6f5",""
"cortical-column-oscillatory-synchronization","Cortical Column Oscillatory Synchronization","pages/cortical-column-oscillatory-synchronization.md","/v5ma.github.io/wiki/content/cortical-column-oscillatory-synchronization.md","2823","2823","280d498b96578ac95e9d60d38a6f2fd7bdd36a40374db002b03a3d26a95ff682","280d498b96578ac95e9d60d38a6f2fd7bdd36a40374db002b03a3d26a95ff682",""
"cortical-column-oscillatory-transmission","Cortical Column Oscillatory Transmission","pages/cortical-column-oscillatory-transmission.md","/v5ma.github.io/wiki/content/cortical-column-oscillatory-transmission.md","3110","3110","80a600a5722c849cd895af096b1969979dfd92b1d562605aea1051941c912253","80a600a5722c849cd895af096b1969979dfd92b1d562605aea1051941c912253",""
"cortical-column-signal-projection","Cortical Column Signal Projection","pages/cortical-column-signal-projection.md","/v5ma.github.io/wiki/content/cortical-column-signal-projection.md","3329","3329","13a153fedfee81c7116eb923b9b9c5fbac646ec37fae951d1319adf8ab8c720d","13a153fedfee81c7116eb923b9b9c5fbac646ec37fae951d1319adf8ab8c720d",""
"cortical-column-voting","Cortical Column Voting","pages/cortical-column-voting.md","/v5ma.github.io/wiki/content/cortical-column-voting.md","3274","3274","09341a3e6d47fcd89ac1557f57037e12383638a2d0d1ddcf5f051eebb60f5574","09341a3e6d47fcd89ac1557f57037e12383638a2d0d1ddcf5f051eebb60f5574",""
"cortical-column","Cortical Column: A Mesoscopic Study Unit in SAN","pages/cortical-column.md","/v5ma.github.io/wiki/content/cortical-column.md","14649","14649","5496a76ff1140028329b834c9946ec72e20affe4a28df28c50df74ce13221850","5496a76ff1140028329b834c9946ec72e20affe4a28df28c50df74ce13221850",""
"cortical-columns-reference-frames","Cortical Columns and Reference Frames","pages/cortical-columns-reference-frames.md","/v5ma.github.io/wiki/content/cortical-columns-reference-frames.md","14900","14900","09be7be9b7d184f976df42b24c3fcd0ee4528b152b8a8f16a1e5751ca7a2423e","09be7be9b7d184f976df42b24c3fcd0ee4528b152b8a8f16a1e5751ca7a2423e",""
"cortical-columns","Cortical Columns: From Local Populations to Distributed Coordination","pages/cortical-columns.md","/v5ma.github.io/wiki/content/cortical-columns.md","12516","12516","f2bdad798418facf851c3dfa2feb75f1e6d7471f9f03b4800c80ee0ef269b544","f2bdad798418facf851c3dfa2feb75f1e6d7471f9f03b4800c80ee0ef269b544",""
"cortical-plasticity","Cortical Plasticity","pages/cortical-plasticity.md","/v5ma.github.io/wiki/content/cortical-plasticity.md","7590","7590","296c7b1a9e68be6555c1a985a7d4b8b6ec935433d4afc7372ea1e62584852e07","296c7b1a9e68be6555c1a985a7d4b8b6ec935433d4afc7372ea1e62584852e07",""
"cortical-small-world-topology","Cortical Small World Topology","pages/cortical-small-world-topology.md","/v5ma.github.io/wiki/content/cortical-small-world-topology.md","2452","2452","64a6c92a6f369a9a1feab2ad4f93719337008c400f906cc94eb3f6921a0bbb30","64a6c92a6f369a9a1feab2ad4f93719337008c400f906cc94eb3f6921a0bbb30",""
"cortical-traveling-waves-san-submission","Cortical Traveling Waves San Submission","pages/cortical-traveling-waves-san-submission.md","/v5ma.github.io/wiki/content/cortical-traveling-waves-san-submission.md","2057","2057","3dfb18851bbbe2f890d666ce03d55a06293d1cf18d64251b03f47092f4757073","3dfb18851bbbe2f890d666ce03d55a06293d1cf18d64251b03f47092f4757073",""
"cortical-traveling-waves","Cortical Traveling Waves","pages/cortical-traveling-waves.md","/v5ma.github.io/wiki/content/cortical-traveling-waves.md","11609","11609","7fe2d5a0ddf6bf790ed7e0e1e0468fe3bb1077391b1d1edbcf7eae4e91d4f644","7fe2d5a0ddf6bf790ed7e0e1e0468fe3bb1077391b1d1edbcf7eae4e91d4f644",""
"cosmos-brain-finite-state-machine","Cosmos Brain Finite State Machine","pages/cosmos-brain-finite-state-machine.md","/v5ma.github.io/wiki/content/cosmos-brain-finite-state-machine.md","1795","1795","38d89130451b612f4dd741a66e3c5b4f6d86fd7fa963046815c75c64bc2c5ebf","38d89130451b612f4dd741a66e3c5b4f6d86fd7fa963046815c75c64bc2c5ebf",""
"cot-cellular-oscillating-tomography","COT Cellular Oscillating Tomography","pages/cot-cellular-oscillating-tomography.md","/v5ma.github.io/wiki/content/cot-cellular-oscillating-tomography.md","9064","9064","4ec4687aab7f373103ac775638bebf5d9ca2c8134095f3e1e210207984301934","4ec4687aab7f373103ac775638bebf5d9ca2c8134095f3e1e210207984301934",""
"cot","Cot","pages/cot.md","/v5ma.github.io/wiki/content/cot.md","10379","10379","accc99396f2940d746e1b65fd9686791aecff6a82c194f4d2ea2fc39303649ab","accc99396f2940d746e1b65fd9686791aecff6a82c194f4d2ea2fc39303649ab",""
"credit-assignment-problem","Credit Assignment Problem","pages/credit-assignment-problem.md","/v5ma.github.io/wiki/content/credit-assignment-problem.md","14265","14265","35efc77ff5065f23d01b769a8b27fded36285a5bc2b05ce4241ff1ec7cfc52b8","35efc77ff5065f23d01b769a8b27fded36285a5bc2b05ce4241ff1ec7cfc52b8",""
"criteria-causation-single-neuron-pattern-detection","Criteria Causation Single Neuron Pattern Detection","pages/criteria-causation-single-neuron-pattern-detection.md","/v5ma.github.io/wiki/content/criteria-causation-single-neuron-pattern-detection.md","2445","2445","b1819c1741cbfd7eb06706c055b91238fad2b8b769bddabb27220904dd27aa2b","b1819c1741cbfd7eb06706c055b91238fad2b8b769bddabb27220904dd27aa2b",""
"criteria-causation","Criteria Causation","pages/criteria-causation.md","/v5ma.github.io/wiki/content/criteria-causation.md","10618","10618","485691ca3798f57055744e4e4881cc2189cf56dad4eb346eb099789cc09b2a2e","485691ca3798f57055744e4e4881cc2189cf56dad4eb346eb099789cc09b2a2e",""
"criteria","Criteria","pages/criteria.md","/v5ma.github.io/wiki/content/criteria.md","12916","12916","056827c41942ccf4ac03c09a4e5e4709afd06e78c59ca5d2523866bc2ce0e2a8","056827c41942ccf4ac03c09a4e5e4709afd06e78c59ca5d2523866bc2ce0e2a8",""
"criterial-causation-atp-neurons","Criterial Causation Atp Neurons","pages/criterial-causation-atp-neurons.md","/v5ma.github.io/wiki/content/criterial-causation-atp-neurons.md","1891","1891","8fc0bc9edc12f0bcc0364a617a6cf348462545b3110a81bd68fba76a9d7e18a6","8fc0bc9edc12f0bcc0364a617a6cf348462545b3110a81bd68fba76a9d7e18a6",""
"criterial-causation-quantum-retrocausality","Criterial Causation Quantum Retrocausality","pages/criterial-causation-quantum-retrocausality.md","/v5ma.github.io/wiki/content/criterial-causation-quantum-retrocausality.md","2243","2243","50ec1497b179c67218eb716c5930ad846955ab561661a5a2a4eeb4ccd6e4ba92","50ec1497b179c67218eb716c5930ad846955ab561661a5a2a4eeb4ccd6e4ba92",""
"criterial-causation","Criterial Causation","pages/criterial-causation.md","/v5ma.github.io/wiki/content/criterial-causation.md","13982","13982","c2c201aff7075c00a0d2fb74acdc9cd5d9f39eadb3e8fbab58317ea0ddaaef38","c2c201aff7075c00a0d2fb74acdc9cd5d9f39eadb3e8fbab58317ea0ddaaef38",""
"criterial-tempo-spatial-waves","Criterial Tempo Spatial Waves","pages/criterial-tempo-spatial-waves.md","/v5ma.github.io/wiki/content/criterial-tempo-spatial-waves.md","2146","2146","390ac0150c8dfce72498afa45f4f2c478b9b8c1e43d9789eacf0851ea549d26e","390ac0150c8dfce72498afa45f4f2c478b9b8c1e43d9789eacf0851ea549d26e",""
"criterial-thresholds","Criterial Thresholds","pages/criterial-thresholds.md","/v5ma.github.io/wiki/content/criterial-thresholds.md","6384","6384","9d7bdf08b178fbf7605293f476d8455f32beea0112ef29bd66d097f93ffd191f","9d7bdf08b178fbf7605293f476d8455f32beea0112ef29bd66d097f93ffd191f",""
"cross-frequency-coupling","Cross Frequency Coupling","pages/cross-frequency-coupling.md","/v5ma.github.io/wiki/content/cross-frequency-coupling.md","9277","9277","94150550673fc7a3bce22ef209a69fc2318643370e6cf76274cf39d0c676e22e","94150550673fc7a3bce22ef209a69fc2318643370e6cf76274cf39d0c676e22e",""
"cross-scale-oscillation-communication","Cross-Scale Oscillation Communication","pages/cross-scale-oscillation-communication.md","/v5ma.github.io/wiki/content/cross-scale-oscillation-communication.md","3185","3185","363e4433e6aa0cda9e75cda366596997be5bd6715555f97ea7d1d578333ce842","363e4433e6aa0cda9e75cda366596997be5bd6715555f97ea7d1d578333ce842",""
"crossmodal-pattern-invariance-reexpression","Crossmodal Pattern Invariance and Re-Expression","pages/crossmodal-pattern-invariance-reexpression.md","/v5ma.github.io/wiki/content/crossmodal-pattern-invariance-reexpression.md","3911","3911","6d46dbf48bf7cd89b258ec9aef63253b27468103a5f124d1f3cd5ab7ee7fe5cf","6d46dbf48bf7cd89b258ec9aef63253b27468103a5f124d1f3cd5ab7ee7fe5cf",""
"cytoskeletal-signal-routing","Cytoskeletal Signal Routing","pages/cytoskeletal-signal-routing.md","/v5ma.github.io/wiki/content/cytoskeletal-signal-routing.md","5362","5362","648c7c84ae7a46824c9f35e1954ea8525c93189e807ce1bf6c711410d9244cf8","648c7c84ae7a46824c9f35e1954ea8525c93189e807ce1bf6c711410d9244cf8",""
"dark-matter-alternative","Dark Matter Alternative","pages/dark-matter-alternative.md","/v5ma.github.io/wiki/content/dark-matter-alternative.md","8054","8054","870ba69e6e3296a01601e2c57d7d807452231e01e2eb65723b3eb1f25d2c671b","870ba69e6e3296a01601e2c57d7d807452231e01e2eb65723b3eb1f25d2c671b",""
"dark-time-hubble-tension","Dark Time Hubble Tension","pages/dark-time-hubble-tension.md","/v5ma.github.io/wiki/content/dark-time-hubble-tension.md","4994","4994","862e05d9e8af49d7ccaf163b43cc0d241b36da7b13b85b8730aaa8270ea49f0e","862e05d9e8af49d7ccaf163b43cc0d241b36da7b13b85b8730aaa8270ea49f0e",""
"dark-time-light-deflection","Dark Time Light Deflection","pages/dark-time-light-deflection.md","/v5ma.github.io/wiki/content/dark-time-light-deflection.md","2638","2638","a936e03d904009adf78182b76424c5e0b45f45e9f289e93ef9f57c6911cd7c08","a936e03d904009adf78182b76424c5e0b45f45e9f289e93ef9f57c6911cd7c08",""
"dark-time-theory","Dark Time Theory","pages/dark-time-theory.md","/v5ma.github.io/wiki/content/dark-time-theory.md","4598","4598","9765419e833a43d890e0b6d26df08d24bc7e541d6707b4d25cd32a5479f88da3","9765419e833a43d890e0b6d26df08d24bc7e541d6707b4d25cd32a5479f88da3",""
"deep-learning-neural-networks","Deep Learning Neural Networks","pages/deep-learning-neural-networks.md","/v5ma.github.io/wiki/content/deep-learning-neural-networks.md","11690","11690","084e8549dc6a29ef366d30ceaad7463706187b54a5048a78a9df10aca39e37c5","084e8549dc6a29ef366d30ceaad7463706187b54a5048a78a9df10aca39e37c5",""
"default-mode-network","Default Mode Network","pages/default-mode-network.md","/v5ma.github.io/wiki/content/default-mode-network.md","10661","10661","aa08a5d02b938ed9a92bd9f4ae9d71aa616b9c2cc849064fc56db30cb931f995","aa08a5d02b938ed9a92bd9f4ae9d71aa616b9c2cc849064fc56db30cb931f995",""
"dendrite-flash","Dendrite Flash","pages/dendrite-flash.md","/v5ma.github.io/wiki/content/dendrite-flash.md","7249","7249","fe0e730d2205e5a0ae81bec113497678d404513ccbc43b97f3a02b3a85e228b7","fe0e730d2205e5a0ae81bec113497678d404513ccbc43b97f3a02b3a85e228b7",""
"dendrite","Dendrite","pages/dendrite.md","/v5ma.github.io/wiki/content/dendrite.md","7429","7429","4cc1065005df2585bb7f45fc5a9fd77f7f7a177c685d98438595256d67f3f15f","4cc1065005df2585bb7f45fc5a9fd77f7f7a177c685d98438595256d67f3f15f",""
"dendrites-as-computational-units","Dendrites as Computational Units","pages/dendrites-as-computational-units.md","/v5ma.github.io/wiki/content/dendrites-as-computational-units.md","9757","9757","1208c55b6f15e571188126d86fc6e8048e0714666b529f7c065e0c0e752439bd","1208c55b6f15e571188126d86fc6e8048e0714666b529f7c065e0c0e752439bd",""
"dendritic-architecture","Dendritic Architecture","pages/dendritic-architecture.md","/v5ma.github.io/wiki/content/dendritic-architecture.md","3420","3420","2633295ce3db949f73bca9665aab0cb297b6d512a23624c32efddfec9c3c1e09","2633295ce3db949f73bca9665aab0cb297b6d512a23624c32efddfec9c3c1e09",""
"dendritic-branches","Dendritic Branches","pages/dendritic-branches.md","/v5ma.github.io/wiki/content/dendritic-branches.md","2747","2747","d803220f2599daee55bf3b19d6d0b82bc0e49e61e6eb6a4bcda87449a786e1dc","d803220f2599daee55bf3b19d6d0b82bc0e49e61e6eb6a4bcda87449a786e1dc",""
"dendritic-coincidence-detection","Dendritic Coincidence Detection","pages/dendritic-coincidence-detection.md","/v5ma.github.io/wiki/content/dendritic-coincidence-detection.md","2859","2859","59474d4f7ea6a485f3d9555177477b2f362443948f6ee0c08eb3c1c1a4d6b91c","59474d4f7ea6a485f3d9555177477b2f362443948f6ee0c08eb3c1c1a4d6b91c",""
"dendritic-compartmentalization","Dendritic Compartmentalization","pages/dendritic-compartmentalization.md","/v5ma.github.io/wiki/content/dendritic-compartmentalization.md","2953","2953","13bb8e3faf9af4bb35bc8e84457ef2524bdceb36c41937fecc96bf991d5e87fe","13bb8e3faf9af4bb35bc8e84457ef2524bdceb36c41937fecc96bf991d5e87fe",""
"dendritic-computation-network-detection","Dendritic Computation Network Detection","pages/dendritic-computation-network-detection.md","/v5ma.github.io/wiki/content/dendritic-computation-network-detection.md","2503","2503","b7987da0312f45eaffda11111fda4b90dac8a4ae863fed970435c5992bd5308d","b7987da0312f45eaffda11111fda4b90dac8a4ae863fed970435c5992bd5308d",""
"dendritic-computation-pattern-detection","Dendritic Computation Pattern Detection","pages/dendritic-computation-pattern-detection.md","/v5ma.github.io/wiki/content/dendritic-computation-pattern-detection.md","3495","3495","788d4f704671db98031a17867b908ff2e78924d3ce043c9b57a4362354082025","788d4f704671db98031a17867b908ff2e78924d3ce043c9b57a4362354082025",""
"dendritic-computation-pyramidal-representation","Dendritic Computation and Pyramidal-Cell Representation","pages/dendritic-computation-pyramidal-representation.md","/v5ma.github.io/wiki/content/dendritic-computation-pyramidal-representation.md","5609","5609","0b06bd51f56c0ff075bd0598e9147fb21785289b13270300d4fdb02f4f1a3dfa","0b06bd51f56c0ff075bd0598e9147fb21785289b13270300d4fdb02f4f1a3dfa",""
"dendritic-computation","Dendritic Computation","pages/dendritic-computation.md","/v5ma.github.io/wiki/content/dendritic-computation.md","9684","9684","2303bf59906b8388102fd12f5459d2ce5c8a66f71c8894f57248951acf51a983","2303bf59906b8388102fd12f5459d2ce5c8a66f71c8894f57248951acf51a983",""
"dendritic-encoding","Dendritic Encoding","pages/dendritic-encoding.md","/v5ma.github.io/wiki/content/dendritic-encoding.md","8332","8332","b6fa80cc333f6809df5d784643017e90cb838dd8ca0fd5d5e6e367be4e21aa04","b6fa80cc333f6809df5d784643017e90cb838dd8ca0fd5d5e6e367be4e21aa04",""
"dendritic-leaky-membrane-coincidence-filter","Dendritic Leaky Membrane Coincidence Filter","pages/dendritic-leaky-membrane-coincidence-filter.md","/v5ma.github.io/wiki/content/dendritic-leaky-membrane-coincidence-filter.md","2690","2690","c9c8596fd12dd0cda9c6946c43344da59121d08447ae69b54fd6024443bebdb9","c9c8596fd12dd0cda9c6946c43344da59121d08447ae69b54fd6024443bebdb9",""
"dendritic-morphology-memory","Dendritic Morphology and Memory","pages/dendritic-morphology-memory.md","/v5ma.github.io/wiki/content/dendritic-morphology-memory.md","3692","3692","ba3e98ef54571960c535ebb1d11afe3199a5fa3e9e1a77397118e47531264a57","ba3e98ef54571960c535ebb1d11afe3199a5fa3e9e1a77397118e47531264a57",""
"dendritic-morphology","Dendritic Morphology","pages/dendritic-morphology.md","/v5ma.github.io/wiki/content/dendritic-morphology.md","14338","13670","b892fe63567e291c0333034d36c33e9dc77085c9b3750d32694e3e192f6b8a81","9a1eeb3c4b7b4062e2eaecad63372f156b0d0bd9c23baa268e26dc46694c353a","routeBlocksRemoved:1"
"dendritic-mvr-cognition","Dendritic Mvr Cognition","pages/dendritic-mvr-cognition.md","/v5ma.github.io/wiki/content/dendritic-mvr-cognition.md","8038","8038","0d108cb3927fb2c7efa08e02887ad75ce6ca097f000629d767530a46c349f56f","0d108cb3927fb2c7efa08e02887ad75ce6ca097f000629d767530a46c349f56f",""
"dendritic-pattern-detection","Dendritic Pattern Detection","pages/dendritic-pattern-detection.md","/v5ma.github.io/wiki/content/dendritic-pattern-detection.md","6883","6883","6b89d1e98b4cb70e8cf7ca6e91891ae1a59a610a6814f258464163d46c16e85c","6b89d1e98b4cb70e8cf7ca6e91891ae1a59a610a6814f258464163d46c16e85c",""
"dendritic-pattern-recognition","Dendritic Pattern Recognition","pages/dendritic-pattern-recognition.md","/v5ma.github.io/wiki/content/dendritic-pattern-recognition.md","5205","5205","cb7b7f294e60794167b44ffd56b57d1e9d79d681851b98ec8103f274433ace6a","cb7b7f294e60794167b44ffd56b57d1e9d79d681851b98ec8103f274433ace6a",""
"dendritic-spike","Dendritic Spike","pages/dendritic-spike.md","/v5ma.github.io/wiki/content/dendritic-spike.md","13057","13057","5c65118f9c6de929ccfb73a905c3cc9da1beba2ca8609ffbf0851a89efc256af","5c65118f9c6de929ccfb73a905c3cc9da1beba2ca8609ffbf0851a89efc256af",""
"dendritic-spine-temporal-memory","Dendritic Spine Temporal Memory","pages/dendritic-spine-temporal-memory.md","/v5ma.github.io/wiki/content/dendritic-spine-temporal-memory.md","3497","3497","4034a6aede0a5dd33bd0ecb4e7e5a909d7755a4bbbba96513063f23e9fd92210","4034a6aede0a5dd33bd0ecb4e7e5a909d7755a4bbbba96513063f23e9fd92210",""
"dendritic-spines","Dendritic Spines","pages/dendritic-spines.md","/v5ma.github.io/wiki/content/dendritic-spines.md","3366","3366","991d7b42560fa8aef74241db1e3862b068a0c98c95e8fc1516c3402cbe038431","991d7b42560fa8aef74241db1e3862b068a0c98c95e8fc1516c3402cbe038431",""
"detection-rendering-interlace","Detection-Rendering Interlace","pages/detection-rendering-interlace.md","/v5ma.github.io/wiki/content/detection-rendering-interlace.md","2684","2684","90c1803891e9b188380260ed9fc6f07b66d802b6e970b3b2f996740f02f98b8d","90c1803891e9b188380260ed9fc6f07b66d802b6e970b3b2f996740f02f98b8d",""
"deterministic-decision-making","Deterministic Decision Making","pages/deterministic-decision-making.md","/v5ma.github.io/wiki/content/deterministic-decision-making.md","10583","10583","70e23f2b5fcb5116fa93c8705660661b614eaedaab746893c52bc560cfb9795c","70e23f2b5fcb5116fa93c8705660661b614eaedaab746893c52bc560cfb9795c",""
"digital-native-economy-xr-bci","Digital Native Economy Xr Bci","pages/digital-native-economy-xr-bci.md","/v5ma.github.io/wiki/content/digital-native-economy-xr-bci.md","2182","2182","3acd2c2a13d8830fe42ac76ed078a391fa21e3e824435711edf12a1b0ae38494","3acd2c2a13d8830fe42ac76ed078a391fa21e3e824435711edf12a1b0ae38494",""
"discrete-neural-coding","Discrete Neural Coding","pages/discrete-neural-coding.md","/v5ma.github.io/wiki/content/discrete-neural-coding.md","10114","10114","31e2173711a12d3865053001704c99769c4bfe7f838fa4f2113f7015e45aa304","31e2173711a12d3865053001704c99769c4bfe7f838fa4f2113f7015e45aa304",""
"dissipative-system-cognition","Dissipative System Cognition","pages/dissipative-system-cognition.md","/v5ma.github.io/wiki/content/dissipative-system-cognition.md","10741","10741","208629dce9d1365e8b32b477d9a59021cd2b19204eb20402e23cbdc45ff20d1c","208629dce9d1365e8b32b477d9a59021cd2b19204eb20402e23cbdc45ff20d1c",""
"dissipative-system","Dissipative System","pages/dissipative-system.md","/v5ma.github.io/wiki/content/dissipative-system.md","13792","13792","4072f5812b67077b76b5965a719bfdb280198494910116d76850fe3aca11c367","4072f5812b67077b76b5965a719bfdb280198494910116d76850fe3aca11c367",""
"dissipative-systems-consciousness","Dissipative Systems Consciousness","pages/dissipative-systems-consciousness.md","/v5ma.github.io/wiki/content/dissipative-systems-consciousness.md","9970","9970","5c8ad3256b5b52df10d32985c1374bdfdebe84ade6b28ef0e996e9af288c8a2e","5c8ad3256b5b52df10d32985c1374bdfdebe84ade6b28ef0e996e9af288c8a2e",""
"dissipative-systems","Dissipative Systems","pages/dissipative-systems.md","/v5ma.github.io/wiki/content/dissipative-systems.md","11830","11830","ea827c42ca4dfe24d6fc932345e8e100772cbbc9a98b132539f4295e34bb0c9e","ea827c42ca4dfe24d6fc932345e8e100772cbbc9a98b132539f4295e34bb0c9e",""
"distinction-as-root-of-perception","Distinction As Root Of Perception","pages/distinction-as-root-of-perception.md","/v5ma.github.io/wiki/content/distinction-as-root-of-perception.md","5792","5792","73c642635aed33cd3ed10c2867a637e9bed9ed1260b63657c49a62f73efea008","73c642635aed33cd3ed10c2867a637e9bed9ed1260b63657c49a62f73efea008",""
"distributed-cognition","Distributed Cognition","pages/distributed-cognition.md","/v5ma.github.io/wiki/content/distributed-cognition.md","8199","8199","277cfb9e2164cf46dc00e406b919d1992b15c9d58f66b7f3b106af7d9822ee48","277cfb9e2164cf46dc00e406b919d1992b15c9d58f66b7f3b106af7d9822ee48",""
"distributed-consciousness","Distributed Consciousness","pages/distributed-consciousness.md","/v5ma.github.io/wiki/content/distributed-consciousness.md","3406","3406","8fb4e8ec901a2516e05996c20fedadd99639aba9dbcaba8337e6b227efeef374","8fb4e8ec901a2516e05996c20fedadd99639aba9dbcaba8337e6b227efeef374",""
"distributed-memory","Distributed Memory","pages/distributed-memory.md","/v5ma.github.io/wiki/content/distributed-memory.md","12118","12118","2f815f124d27f05d6bf75451fb6ceff7e26b683ea36185bf328ed16a27662648","2f815f124d27f05d6bf75451fb6ceff7e26b683ea36185bf328ed16a27662648",""
"distributed-observer-vs-consciousness-module","Distributed Observer vs. Localized Consciousness Module","pages/distributed-observer-vs-consciousness-module.md","/v5ma.github.io/wiki/content/distributed-observer-vs-consciousness-module.md","5739","5739","973606db736d7b485575c5379d4aa8a943f3844e6eedbaef52ae8353ae6e31c2","973606db736d7b485575c5379d4aa8a943f3844e6eedbaef52ae8353ae6e31c2",""
"distributed-phase-representations","Distributed Phase Representations","pages/distributed-phase-representations.md","/v5ma.github.io/wiki/content/distributed-phase-representations.md","3181","3181","01bd0c0dce7f680339c6adeadc0ed79741928989bae1ff008a3169af23796ae4","01bd0c0dce7f680339c6adeadc0ed79741928989bae1ff008a3169af23796ae4",""
"distributed-primary-sensory-architecture","Distributed Primary Sensory Architecture","pages/distributed-primary-sensory-architecture.md","/v5ma.github.io/wiki/content/distributed-primary-sensory-architecture.md","9557","9557","10915caf7effcb459f8a65ee2fc7e60f5f6aa6a2983e7382ec31d94aa396568e","10915caf7effcb459f8a65ee2fc7e60f5f6aa6a2983e7382ec31d94aa396568e",""
"dominant-phase-wave-differential-rhythm","Dominant Phase-Wave Differential Rhythm","pages/dominant-phase-wave-differential-rhythm.md","/v5ma.github.io/wiki/content/dominant-phase-wave-differential-rhythm.md","1725","1725","391d807fc3645eaf7e2f0e91637d22c3a534ab0449101bce7bd0cce5657e6803","391d807fc3645eaf7e2f0e91637d22c3a534ab0449101bce7bd0cce5657e6803",""
"dominant-phase-wave-differential","Dominant Phase-Wave Differential","pages/dominant-phase-wave-differential.md","/v5ma.github.io/wiki/content/dominant-phase-wave-differential.md","2944","2944","803f0b3dd882c08d34ceb1767d0970a13bbc5244550c59438594b7da6251499a","803f0b3dd882c08d34ceb1767d0970a13bbc5244550c59438594b7da6251499a",""
"dopamine-as-pattern-selector","Dopamine As Pattern Selector","pages/dopamine-as-pattern-selector.md","/v5ma.github.io/wiki/content/dopamine-as-pattern-selector.md","3186","3186","3c7257b210c93fca738b2ff2f962e3be73517753fb84eb7a7316675436f623ea","3c7257b210c93fca738b2ff2f962e3be73517753fb84eb7a7316675436f623ea",""
"dopamine-associative-memory","Dopamine Associative Memory","pages/dopamine-associative-memory.md","/v5ma.github.io/wiki/content/dopamine-associative-memory.md","5181","5181","9fd0a726f136904904fa34b0d4fc3e42323040b6f079209e64356cf1b619440c","9fd0a726f136904904fa34b0d4fc3e42323040b6f079209e64356cf1b619440c",""
"dopamine-effort-motivation","Dopamine Effort Motivation","pages/dopamine-effort-motivation.md","/v5ma.github.io/wiki/content/dopamine-effort-motivation.md","1243","1243","2caff5d07eaa5c07eed2781b10e6da3cdc67c115be48f9b0ef3f186e6c68c479","2caff5d07eaa5c07eed2781b10e6da3cdc67c115be48f9b0ef3f186e6c68c479",""
"dopamine","Dopamine","pages/dopamine.md","/v5ma.github.io/wiki/content/dopamine.md","13714","13714","24c823497bd0f416842e5fd40dea85726073c2abf91a369d86656e4b651fd62f","24c823497bd0f416842e5fd40dea85726073c2abf91a369d86656e4b651fd62f",""
"dpwdr","DPWDR","pages/dpwdr.md","/v5ma.github.io/wiki/content/dpwdr.md","8833","8833","02130e68461911babbfcf2c0a675c3a5ed5476a7d9645afba9795174a8223fad","02130e68461911babbfcf2c0a675c3a5ed5476a7d9645afba9795174a8223fad",""
"dreams-as-theta-wave-sequences","Dreams As Theta Wave Sequences","pages/dreams-as-theta-wave-sequences.md","/v5ma.github.io/wiki/content/dreams-as-theta-wave-sequences.md","8016","8016","d26d52b1ab4ce728c48ff2f836559191557f80bf052854cf3324942c1f1a8009","d26d52b1ab4ce728c48ff2f836559191557f80bf052854cf3324942c1f1a8009",""
"dynamic-conscious-participation-resolution","Dynamic Conscious Participation and Resolution","pages/dynamic-conscious-participation-resolution.md","/v5ma.github.io/wiki/content/dynamic-conscious-participation-resolution.md","3848","3848","26d9c72195bb88139cd83091a4ac2fb1fce525b9efe968e7b83f23da8da371d9","26d9c72195bb88139cd83091a4ac2fb1fce525b9efe968e7b83f23da8da371d9",""
"dynamic-core-hypothesis","Dynamic Core Hypothesis","pages/dynamic-core-hypothesis.md","/v5ma.github.io/wiki/content/dynamic-core-hypothesis.md","10836","10836","679caa4ce9fd03656867c20518eca339371af48634005aff4ade37d4594c2aaf","679caa4ce9fd03656867c20518eca339371af48634005aff4ade37d4594c2aaf",""
"earl-k-miller-corpus-priority-review","Earl K Miller Corpus Priority Review","pages/earl-k-miller-corpus-priority-review.md","/v5ma.github.io/wiki/content/earl-k-miller-corpus-priority-review.md","2267","2267","59e1b99d62acd8cd26358399fecac410c886eda09e51075eab93ffecd5e0ae89","59e1b99d62acd8cd26358399fecac410c886eda09e51075eab93ffecd5e0ae89",""
"earl-k-miller-corpus","Earl K Miller Corpus","pages/earl-k-miller-corpus.md","/v5ma.github.io/wiki/content/earl-k-miller-corpus.md","7897","7897","8e0878dac35c69ee36e873843b6b9e9038d2602dc25d6fd762190985f7311e19","8e0878dac35c69ee36e873843b6b9e9038d2602dc25d6fd762190985f7311e19",""
"early-a-series-golden-corpus-map","Early A-Series Golden Corpus Map","pages/early-a-series-golden-corpus-map.md","/v5ma.github.io/wiki/content/early-a-series-golden-corpus-map.md","5162","5031","a70b1319a4f6c6fa265b45317dcf6147e6300c2aebf03bd3415e1191c5ed3ffc","c40107dd417d2135acf7b623abe60c1b1d8c12e9f82f325a51d9fe3e76f86b79","localPathsWithheld:1"
"early-a0026-a0036-obscure-argument-map","Early A-Series Argument Map: a0026z through a0036z","pages/early-a0026-a0036-obscure-argument-map.md","/v5ma.github.io/wiki/content/early-a0026-a0036-obscure-argument-map.md","2988","2988","2470eea05ee5b0a3895d66dca0a241da54af15fe8d761df86a5e6f2524d07455","2470eea05ee5b0a3895d66dca0a241da54af15fe8d761df86a5e6f2524d07455",""
"early-a0040-a0069-obscure-argument-map","Early a0040-a0069 Obscure Argument Map","pages/early-a0040-a0069-obscure-argument-map.md","/v5ma.github.io/wiki/content/early-a0040-a0069-obscure-argument-map.md","6497","6497","cc682a977b01e92c501583353938074d5cbc8adc48f3dab85538733e407f88c8","cc682a977b01e92c501583353938074d5cbc8adc48f3dab85538733e407f88c8",""
"early-a0042-a0096-obscure-argument-map","Early a0042-a0096 Obscure Argument Map","pages/early-a0042-a0096-obscure-argument-map.md","/v5ma.github.io/wiki/content/early-a0042-a0096-obscure-argument-map.md","14490","14490","351601f1141232629a8613071dc374a76d99a00b0caf6ac55e9fa8954ecadf2a","351601f1141232629a8613071dc374a76d99a00b0caf6ac55e9fa8954ecadf2a",""
"early-a0070-a0087-obscure-argument-map","Early a0070-a0087 Obscure Argument Map","pages/early-a0070-a0087-obscure-argument-map.md","/v5ma.github.io/wiki/content/early-a0070-a0087-obscure-argument-map.md","6951","6951","88acb77620fd15e58079363996172802e70e658cd4900d20936fd8ca9ba5ea36","88acb77620fd15e58079363996172802e70e658cd4900d20936fd8ca9ba5ea36",""
"early-a0088-a0104-obscure-argument-map","Early a0088-a0104 Obscure Argument Map","pages/early-a0088-a0104-obscure-argument-map.md","/v5ma.github.io/wiki/content/early-a0088-a0104-obscure-argument-map.md","7604","7604","38727b5406c395397f1e3ab87c8801092107f8354adf4f543b3d9ffc3174bac7","38727b5406c395397f1e3ab87c8801092107f8354adf4f543b3d9ffc3174bac7",""
"early-a0100-a0134-obscure-argument-map","Early a0100-a0134 Obscure Argument Map","pages/early-a0100-a0134-obscure-argument-map.md","/v5ma.github.io/wiki/content/early-a0100-a0134-obscure-argument-map.md","10700","10700","9bb9df0073485c3e7783155ef8933f0c091584fb2d2157afebce20309171223b","9bb9df0073485c3e7783155ef8933f0c091584fb2d2157afebce20309171223b",""
"early-a0105-a0124-obscure-argument-map","Early a0105-a0124 Obscure Argument Map","pages/early-a0105-a0124-obscure-argument-map.md","/v5ma.github.io/wiki/content/early-a0105-a0124-obscure-argument-map.md","9632","9632","934e515e5f9b1a35c0ee50ae0cc2120357419784ce9d454c6afd7611ac4b21fb","934e515e5f9b1a35c0ee50ae0cc2120357419784ce9d454c6afd7611ac4b21fb",""
"early-a0125-a0140-obscure-argument-map","Early SAN Obscure-Argument Map: a0125-a0140","pages/early-a0125-a0140-obscure-argument-map.md","/v5ma.github.io/wiki/content/early-a0125-a0140-obscure-argument-map.md","6100","6100","c684a5545bba6dd66ee5e1173d9848c38855a54570518962f021251b4361c628","c684a5545bba6dd66ee5e1173d9848c38855a54570518962f021251b4361c628",""
"early-a0135-a0155-obscure-argument-map","Early a0135-a0155 Obscure Argument Map","pages/early-a0135-a0155-obscure-argument-map.md","/v5ma.github.io/wiki/content/early-a0135-a0155-obscure-argument-map.md","8198","8198","0997a69cbb631047ada2c7b9a754dd640c1ba88ac1b92b7f936f0459476443c4","0997a69cbb631047ada2c7b9a754dd640c1ba88ac1b92b7f936f0459476443c4",""
"early-a0143-a0161-obscure-argument-map","Early SAN Obscure-Argument Map: a0143-a0161","pages/early-a0143-a0161-obscure-argument-map.md","/v5ma.github.io/wiki/content/early-a0143-a0161-obscure-argument-map.md","5185","5185","3800506f17f63d5309ad8a7a9e421df3476409e9f87c2aca76fe821eabc0928a","3800506f17f63d5309ad8a7a9e421df3476409e9f87c2aca76fe821eabc0928a",""
"early-a0156-a0502-obscure-argument-map","Early a0156-a0502 Obscure Argument Map","pages/early-a0156-a0502-obscure-argument-map.md","/v5ma.github.io/wiki/content/early-a0156-a0502-obscure-argument-map.md","10180","10180","82fd21ce3f1ce3dd5627221d09027e495b3587dc92d3243f5ba1bbbf9c648cdf","82fd21ce3f1ce3dd5627221d09027e495b3587dc92d3243f5ba1bbbf9c648cdf",""
"early-a0162-a0179-obscure-argument-map","Early a0162-a0179 Obscure Argument Map","pages/early-a0162-a0179-obscure-argument-map.md","/v5ma.github.io/wiki/content/early-a0162-a0179-obscure-argument-map.md","4692","4692","c31d299a35f99a4f5a0e900d8d256792d12e152ed24a033ad97215468175c059","c31d299a35f99a4f5a0e900d8d256792d12e152ed24a033ad97215468175c059",""
"early-a0180-a0197-obscure-argument-map","Early a0180-a0197 Obscure Argument Map","pages/early-a0180-a0197-obscure-argument-map.md","/v5ma.github.io/wiki/content/early-a0180-a0197-obscure-argument-map.md","6808","6808","1076248132827672b4761aa188172420a269a9183d0e1c3603853d7ef65b5ece","1076248132827672b4761aa188172420a269a9183d0e1c3603853d7ef65b5ece",""
"early-a0198-a0215-obscure-argument-map","Early a0198-a0215 Obscure Argument Map","pages/early-a0198-a0215-obscure-argument-map.md","/v5ma.github.io/wiki/content/early-a0198-a0215-obscure-argument-map.md","8899","8899","ecc7504355ab40041c198adff5aac95070307cb8dde35731573eac427b4f9d20","ecc7504355ab40041c198adff5aac95070307cb8dde35731573eac427b4f9d20",""
"early-a0216-a0232-obscure-argument-map","Early a0216-a0232 Obscure Argument Map","pages/early-a0216-a0232-obscure-argument-map.md","/v5ma.github.io/wiki/content/early-a0216-a0232-obscure-argument-map.md","10058","10076","ea713dc1260f201e3986f1c25716f4acaa64680aea9d3a66e9f9cc684f7f0a24","508a822d0da4f815b434b537f2b725cadbf70311bd56f6991905047ed17defa8","privateArchiveNamesGeneralized:1"
"early-a0233-a0253-obscure-argument-map","Early a0233-a0253 Obscure Argument Map","pages/early-a0233-a0253-obscure-argument-map.md","/v5ma.github.io/wiki/content/early-a0233-a0253-obscure-argument-map.md","9860","9860","29e305774439e6243c834a0fe4df9b03a86d5103433f999b3d12d8de4fcfc5fb","29e305774439e6243c834a0fe4df9b03a86d5103433f999b3d12d8de4fcfc5fb",""
"early-a0255-a0276-obscure-argument-map","Early a0255-a0276 Obscure Argument Map","pages/early-a0255-a0276-obscure-argument-map.md","/v5ma.github.io/wiki/content/early-a0255-a0276-obscure-argument-map.md","9722","9722","800e184f9ffa49b9136301ceacb6ef5ebf6d48afedc65438a96a300271fb226d","800e184f9ffa49b9136301ceacb6ef5ebf6d48afedc65438a96a300271fb226d",""
"early-a0277-a0298-obscure-argument-map","Early a0277-a0298 Obscure Argument Map","pages/early-a0277-a0298-obscure-argument-map.md","/v5ma.github.io/wiki/content/early-a0277-a0298-obscure-argument-map.md","11488","11488","0e5d437c794c40d94649b38587abbe6a4c6449486e7251a60a003473ab0e6c62","0e5d437c794c40d94649b38587abbe6a4c6449486e7251a60a003473ab0e6c62",""
"early-a0299-a0331-obscure-argument-map","Early a0299-a0331 Obscure Argument Map","pages/early-a0299-a0331-obscure-argument-map.md","/v5ma.github.io/wiki/content/early-a0299-a0331-obscure-argument-map.md","13703","13703","5bcbce201c25612f6b800c3db2fb3f46a0213e589b27768ba66b782de8b6adcd","5bcbce201c25612f6b800c3db2fb3f46a0213e589b27768ba66b782de8b6adcd",""
"early-a0333-a0351-obscure-argument-map","Early a0333-a0351 Obscure Argument Map","pages/early-a0333-a0351-obscure-argument-map.md","/v5ma.github.io/wiki/content/early-a0333-a0351-obscure-argument-map.md","15171","15171","115f779f2e26354b5fc53ee2f0490437ada8bc28dbae41bc101dbf97889efc60","115f779f2e26354b5fc53ee2f0490437ada8bc28dbae41bc101dbf97889efc60",""
"early-a0352-a0372-obscure-argument-map","Early a0352-a0372 Obscure Argument Map","pages/early-a0352-a0372-obscure-argument-map.md","/v5ma.github.io/wiki/content/early-a0352-a0372-obscure-argument-map.md","11634","11634","6ea7a246dfe3c81fae284b3934b624f5f991c2a7a0715ceea67fda47995e20d6","6ea7a246dfe3c81fae284b3934b624f5f991c2a7a0715ceea67fda47995e20d6",""
"early-a0374-a0396-obscure-argument-map","Early a0374-a0396 Obscure Argument Map","pages/early-a0374-a0396-obscure-argument-map.md","/v5ma.github.io/wiki/content/early-a0374-a0396-obscure-argument-map.md","13799","13799","9b395f5ec211db88b167aab7dcee69cc11cbc1c78cee438b95c9626126848ce8","9b395f5ec211db88b167aab7dcee69cc11cbc1c78cee438b95c9626126848ce8",""
"early-a0397-a0419-obscure-argument-map","Early a0397-a0419 Obscure Argument Map","pages/early-a0397-a0419-obscure-argument-map.md","/v5ma.github.io/wiki/content/early-a0397-a0419-obscure-argument-map.md","13773","13773","db874b7e149cd93005a6e58ab20265d401c6621e16c40021cd06b2fa8f96012d","db874b7e149cd93005a6e58ab20265d401c6621e16c40021cd06b2fa8f96012d",""
"early-a0420-a0453-obscure-argument-map","Early a0420-a0453 Obscure Argument Map","pages/early-a0420-a0453-obscure-argument-map.md","/v5ma.github.io/wiki/content/early-a0420-a0453-obscure-argument-map.md","15119","15119","afb52c566cc60477ae67ae7cb3eeff2349246b21e03a00796ec054b7edc1ed8b","afb52c566cc60477ae67ae7cb3eeff2349246b21e03a00796ec054b7edc1ed8b",""
"early-a0457-a0481-obscure-argument-map","Early a0457-a0481 Obscure Argument Map","pages/early-a0457-a0481-obscure-argument-map.md","/v5ma.github.io/wiki/content/early-a0457-a0481-obscure-argument-map.md","12750","12750","01cc273e48e9458999913dde377b105f591ea86d2628a178c574a5ff6fb18a3b","01cc273e48e9458999913dde377b105f591ea86d2628a178c574a5ff6fb18a3b",""
"early-a0503-a0530-obscure-argument-map","Early a0503-a0530 Obscure Argument Map","pages/early-a0503-a0530-obscure-argument-map.md","/v5ma.github.io/wiki/content/early-a0503-a0530-obscure-argument-map.md","11602","11602","5c02f62f731f78fcd4c237c2a4e3a8228b7780ac4e42ec44c8d61c360d93cd63","5c02f62f731f78fcd4c237c2a4e3a8228b7780ac4e42ec44c8d61c360d93cd63",""
"early-a0531-a0561-obscure-argument-map","Early a0531-a0561 Obscure Argument Map","pages/early-a0531-a0561-obscure-argument-map.md","/v5ma.github.io/wiki/content/early-a0531-a0561-obscure-argument-map.md","10480","10480","60e906cef8b5ef8b94a37c47edf39a3e1b461bb75e086cd54fefd3d4d38897aa","60e906cef8b5ef8b94a37c47edf39a3e1b461bb75e086cd54fefd3d4d38897aa",""
"early-a0562-a0580-obscure-argument-map","Early a0562-a0580 Obscure Argument Map","pages/early-a0562-a0580-obscure-argument-map.md","/v5ma.github.io/wiki/content/early-a0562-a0580-obscure-argument-map.md","12452","12452","ed3199ba149103380936790d924d9d4dcea07e19f7f364cfa698fa45190265a4","ed3199ba149103380936790d924d9d4dcea07e19f7f364cfa698fa45190265a4",""
"early-a0581-a0600-obscure-argument-map","Early a0581-a0600 Obscure Argument Map","pages/early-a0581-a0600-obscure-argument-map.md","/v5ma.github.io/wiki/content/early-a0581-a0600-obscure-argument-map.md","15325","15325","c042e328d4319c144be0cc53528094ac576fe4031f9050d9d402b55076e39fc5","c042e328d4319c144be0cc53528094ac576fe4031f9050d9d402b55076e39fc5",""
"early-a0601-a0619-obscure-argument-map","Early a0601-a0619 Obscure Argument Map","pages/early-a0601-a0619-obscure-argument-map.md","/v5ma.github.io/wiki/content/early-a0601-a0619-obscure-argument-map.md","15305","15305","68323915b9c5ccafa6235c526e12714c80333196cb90df8f0a104b9f2e6939d8","68323915b9c5ccafa6235c526e12714c80333196cb90df8f0a104b9f2e6939d8",""
"early-a0620-a0637-obscure-argument-map","Early a0620-a0637 Obscure Argument Map","pages/early-a0620-a0637-obscure-argument-map.md","/v5ma.github.io/wiki/content/early-a0620-a0637-obscure-argument-map.md","16254","16254","d33de9e3fc04d54ed182cdca4666288f896f9d136bfdeed0623fc384b4890ae7","d33de9e3fc04d54ed182cdca4666288f896f9d136bfdeed0623fc384b4890ae7",""
"early-a0638-a0651-obscure-argument-map","Early a0638-a0651 Obscure Argument Map","pages/early-a0638-a0651-obscure-argument-map.md","/v5ma.github.io/wiki/content/early-a0638-a0651-obscure-argument-map.md","14216","14216","9650ea911e63e00987c774cc7ff9bc2f2463797cf8fbe45fd6f8ad80de3ac828","9650ea911e63e00987c774cc7ff9bc2f2463797cf8fbe45fd6f8ad80de3ac828",""
"early-b-series-golden-corpus-map","Early B-Series Golden Corpus Map","pages/early-b-series-golden-corpus-map.md","/v5ma.github.io/wiki/content/early-b-series-golden-corpus-map.md","4729","4598","bbcb5318cc13879b1c774137ec1ac8942fe3455b7fbb06290f88d8d8b1464aac","a93eb7e5fda0831d127db64e3f87d8ef8e65e8f489e5fa7369aac012932f7936","localPathsWithheld:1"
"eds","EDS — Expert Data Structure","pages/eds.md","/v5ma.github.io/wiki/content/eds.md","10622","10622","4d769b6a546d2e727885fd5f801eb7b7edccf36787fb0d209c109ee54953430c","4d769b6a546d2e727885fd5f801eb7b7edccf36787fb0d209c109ee54953430c",""
"eeg-bci-limitations","Eeg Bci Limitations","pages/eeg-bci-limitations.md","/v5ma.github.io/wiki/content/eeg-bci-limitations.md","9499","9499","525c117dbc4418f83f5492f418869e271a2540220d21e439fe3a49804fddb757","525c117dbc4418f83f5492f418869e271a2540220d21e439fe3a49804fddb757",""
"eeg-biofeedback-self-reflective-loop","Eeg Biofeedback Self Reflective Loop","pages/eeg-biofeedback-self-reflective-loop.md","/v5ma.github.io/wiki/content/eeg-biofeedback-self-reflective-loop.md","1657","1657","4fc543c9d1ce9f10164af0d4785bb15eecf10db2201232ffda1f8ddac1757745","4fc543c9d1ce9f10164af0d4785bb15eecf10db2201232ffda1f8ddac1757745",""
"eeg-frequency-bands","EEG Frequency Bands","pages/eeg-frequency-bands.md","/v5ma.github.io/wiki/content/eeg-frequency-bands.md","9052","9052","7cbea68f299e50e9a9dd9026ec71279623b92f8f18ac6388f05c5fdad8306cd9","7cbea68f299e50e9a9dd9026ec71279623b92f8f18ac6388f05c5fdad8306cd9",""
"eeg-high-spatial-resolution","EEG High Spatial Resolution","pages/eeg-high-spatial-resolution.md","/v5ma.github.io/wiki/content/eeg-high-spatial-resolution.md","6169","6169","315735246ad4f864bfcb3a33464c375748e8d24a821d4915e78aac5ea1049666","315735246ad4f864bfcb3a33464c375748e8d24a821d4915e78aac5ea1049666",""
"eeg-limitations","Eeg Limitations","pages/eeg-limitations.md","/v5ma.github.io/wiki/content/eeg-limitations.md","8955","8955","bb505d64305a37255bdc20548f8aaa3ae6aaad79fa7415f79116763ab97d8b69","bb505d64305a37255bdc20548f8aaa3ae6aaad79fa7415f79116763ab97d8b69",""
"eeg-vr-biofeedback","Eeg Vr Biofeedback","pages/eeg-vr-biofeedback.md","/v5ma.github.io/wiki/content/eeg-vr-biofeedback.md","1941","1941","f30682c89c65fbea8e49ef034ebdd214370592bf2207b9ce8f4a958da3c18819","f30682c89c65fbea8e49ef034ebdd214370592bf2207b9ce8f4a958da3c18819",""
"eeg-vr-fifer-garbesi-2017","EEG/VR with Fifer Garbesi (2017)","pages/eeg-vr-fifer-garbesi-2017.md","/v5ma.github.io/wiki/content/eeg-vr-fifer-garbesi-2017.md","8045","8045","2d2f57000d87a7439383d3d683e69059e8a0efe2427882a5ce4333dcd624a172","2d2f57000d87a7439383d3d683e69059e8a0efe2427882a5ce4333dcd624a172",""
"eeg-xr-neurofeedback-bci","EEG, XR, Neurofeedback, and BCI","pages/eeg-xr-neurofeedback-bci.md","/v5ma.github.io/wiki/content/eeg-xr-neurofeedback-bci.md","6169","6169","902356b2b1d48af105a1f1f77b2d2f4089eef17533c5e0dc41ca52454f5ec96b","902356b2b1d48af105a1f1f77b2d2f4089eef17533c5e0dc41ca52454f5ec96b",""
"eeg","EEG","pages/eeg.md","/v5ma.github.io/wiki/content/eeg.md","18382","18382","8dac3408482908e223c939cba428680bd1922a020fc51130da52131206cfc6ab","8dac3408482908e223c939cba428680bd1922a020fc51130da52131206cfc6ab",""
"electrochemical-to-phase-graph-transformation","Electrochemical-to-Phase Graph Transformation","pages/electrochemical-to-phase-graph-transformation.md","/v5ma.github.io/wiki/content/electrochemical-to-phase-graph-transformation.md","6061","6061","c99bab1c51a7fa0f36eab3bcebbb266f3715cada9c608b849c6461c19ea76a76","c99bab1c51a7fa0f36eab3bcebbb266f3715cada9c608b849c6461c19ea76a76",""
"electromagnetic-emotions","Electromagnetic Emotions","pages/electromagnetic-emotions.md","/v5ma.github.io/wiki/content/electromagnetic-emotions.md","8499","8499","c24073f71048970e27d0399619eb0662069412535873a25702b11ec5fdbc5d9c","c24073f71048970e27d0399619eb0662069412535873a25702b11ec5fdbc5d9c",""
"electromagnetic-theory-of-feeling","Electromagnetic Theory Of Feeling","pages/electromagnetic-theory-of-feeling.md","/v5ma.github.io/wiki/content/electromagnetic-theory-of-feeling.md","2810","2810","6ae873908437af90a3cb415acc06cc2c110e4f11cedf2cf9754994cde01c7fbe","6ae873908437af90a3cb415acc06cc2c110e4f11cedf2cf9754994cde01c7fbe",""
"embodied-cognition","Embodied Cognition","pages/embodied-cognition.md","/v5ma.github.io/wiki/content/embodied-cognition.md","10106","10106","0876e5f9a7dabee7f2d83ab7785d47e1300d678ab1b4444fbe63ec8974df9524","0876e5f9a7dabee7f2d83ab7785d47e1300d678ab1b4444fbe63ec8974df9524",""
"embodiment-in-cognition","Embodiment in Cognition","pages/embodiment-in-cognition.md","/v5ma.github.io/wiki/content/embodiment-in-cognition.md","7556","7556","1af537e4494cd645b1a2dde027cb0a65b21c86b1633d173e1418efa1945e9205","1af537e4494cd645b1a2dde027cb0a65b21c86b1633d173e1418efa1945e9205",""
"embodiment-vision-gamma-consideration-sandwich","Embodiment and Vision — Dendritic Rendering and the Gamma Consideration Sandwich","pages/embodiment-vision-gamma-consideration-sandwich.md","/v5ma.github.io/wiki/content/embodiment-vision-gamma-consideration-sandwich.md","23658","23658","3dbcfe879d937788262087e38eec19774d56e06bdb7dd66f2ae33afe59f5498f","3dbcfe879d937788262087e38eec19774d56e06bdb7dd66f2ae33afe59f5498f",""
"emergence-as-reducible-computation","Emergence As Reducible Computation","pages/emergence-as-reducible-computation.md","/v5ma.github.io/wiki/content/emergence-as-reducible-computation.md","2835","2835","c7d0d0beef57ea936613202750bdbeeea649430ec963dffdb4951273be3e22e2","c7d0d0beef57ea936613202750bdbeeea649430ec963dffdb4951273be3e22e2",""
"emergent-properties-consciousness","Emergent Properties Consciousness","pages/emergent-properties-consciousness.md","/v5ma.github.io/wiki/content/emergent-properties-consciousness.md","1955","1955","ae952e830eec8a876bf48ff9061f36ea34f8ddbb16f6d45500bff1947408a818","ae952e830eec8a876bf48ff9061f36ea34f8ddbb16f6d45500bff1947408a818",""
"emotion-as-axon-frequency","Emotion As Axon Frequency","pages/emotion-as-axon-frequency.md","/v5ma.github.io/wiki/content/emotion-as-axon-frequency.md","9858","9858","92d3e49bc1c91fc464cfa5f61a3a37b5bbfef638380358722b3d8ae32afb5b96","92d3e49bc1c91fc464cfa5f61a3a37b5bbfef638380358722b3d8ae32afb5b96",""
"emotions-as-spatiotemporal-patterns","Emotions As Spatiotemporal Patterns","pages/emotions-as-spatiotemporal-patterns.md","/v5ma.github.io/wiki/content/emotions-as-spatiotemporal-patterns.md","2858","2858","90e95b0ed41b1599d1b2f03a39c077bb2b5849563c5e7b1c3e20f9cce8785958","90e95b0ed41b1599d1b2f03a39c077bb2b5849563c5e7b1c3e20f9cce8785958",""
"engram","Engram","pages/engram.md","/v5ma.github.io/wiki/content/engram.md","11127","11127","58849c2099ac36910c2579e4993cb7dd13d0fa00f5b89b15784abddeaa9ff577","58849c2099ac36910c2579e4993cb7dd13d0fa00f5b89b15784abddeaa9ff577",""
"engrams","Holographic Engrams","pages/engrams.md","/v5ma.github.io/wiki/content/engrams.md","12995","12995","b02d6b477a2c2a2c55d694d7cd92828c722b0590ee7e412c65e84f201be8a178","b02d6b477a2c2a2c55d694d7cd92828c722b0590ee7e412c65e84f201be8a178",""
"entanglement-phase-lock","Entanglement Phase Lock","pages/entanglement-phase-lock.md","/v5ma.github.io/wiki/content/entanglement-phase-lock.md","10125","10125","40dad12b5280b78b4d20ac9ad97381e0b42d8ef40c1dadfb06445d1005c90d1a","40dad12b5280b78b4d20ac9ad97381e0b42d8ef40c1dadfb06445d1005c90d1a",""
"entification-observer-problem","Entification and the Distributed Observer","pages/entification-observer-problem.md","/v5ma.github.io/wiki/content/entification-observer-problem.md","5889","5803","eab9d8c06e6d5e4857f2d123489d1ae09315d06c609a53d2d2babb8006aca597","1f8aada41ee7a09499797b6fc48ed9ef7a6e9fb654ac1cbccfc0e900ac0a0e83","localPathsWithheld:6"
"entification","Entification","pages/entification.md","/v5ma.github.io/wiki/content/entification.md","4194","4194","c3fa0bdb01c20de3abf2647a0fe477343a82e065a5ba885f86c1299c0c419226","c3fa0bdb01c20de3abf2647a0fe477343a82e065a5ba885f86c1299c0c419226",""
"entitativity","Entitativity","pages/entitativity.md","/v5ma.github.io/wiki/content/entitativity.md","2636","2636","38ff91618b6fe81766fc3f1faf40a121c036e350f62fb0a1d4857559110c54f4","38ff91618b6fe81766fc3f1faf40a121c036e350f62fb0a1d4857559110c54f4",""
"entity-module","Entity Module","pages/entity-module.md","/v5ma.github.io/wiki/content/entity-module.md","6129","6129","fdda1f2f0397974d1740798710e1ab0d7fc3ec8713c8ab484ec97513f8cb837f","fdda1f2f0397974d1740798710e1ab0d7fc3ec8713c8ab484ec97513f8cb837f",""
"entorhinal-cortex","Entorhinal Cortex","pages/entorhinal-cortex.md","/v5ma.github.io/wiki/content/entorhinal-cortex.md","11229","11229","fef050889f107db667166fe1977cd7563a539e952bee563b03b9539dd6c2a0ef","fef050889f107db667166fe1977cd7563a539e952bee563b03b9539dd6c2a0ef",""
"entorhinal-hippocampal-loop","Entorhinal Hippocampal Loop","pages/entorhinal-hippocampal-loop.md","/v5ma.github.io/wiki/content/entorhinal-hippocampal-loop.md","10177","10177","5d9d2494d24f7e2cf90f82cda120774d74d2328b6c71e46e89ea641d70b11b08","5d9d2494d24f7e2cf90f82cda120774d74d2328b6c71e46e89ea641d70b11b08",""
"entropic-gravity","Entropic Gravity","pages/entropic-gravity.md","/v5ma.github.io/wiki/content/entropic-gravity.md","10493","10493","4726122e521b6b5ceb406c6c33ac7c0b28a34b9725cdad087033b383cc56f0e4","4726122e521b6b5ceb406c6c33ac7c0b28a34b9725cdad087033b383cc56f0e4",""
"entropy-complexity-duality","Entropy Complexity Duality","pages/entropy-complexity-duality.md","/v5ma.github.io/wiki/content/entropy-complexity-duality.md","2343","2343","8e45ee81cab0cc9785bc7ef557df7a368e6eec0f6ec8cb8857a70ede4cae2d60","8e45ee81cab0cc9785bc7ef557df7a368e6eec0f6ec8cb8857a70ede4cae2d60",""
"epigenetic-memory-inheritance","Epigenetic Memory Inheritance","pages/epigenetic-memory-inheritance.md","/v5ma.github.io/wiki/content/epigenetic-memory-inheritance.md","10335","10335","c2450485cf362d974c3d9ff11af4d61c3c005b7d4ead8a3827f76578e7333486","c2450485cf362d974c3d9ff11af4d61c3c005b7d4ead8a3827f76578e7333486",""
"episodic-memory","Episodic Memory","pages/episodic-memory.md","/v5ma.github.io/wiki/content/episodic-memory.md","14464","14464","675c806a772dea54d3d0e64480aae6a7806b16475f45b7cfa4851cb718171df8","675c806a772dea54d3d0e64480aae6a7806b16475f45b7cfa4851cb718171df8",""
"every-cell-chemical-neural-network","Every Cell Chemical Neural Network","pages/every-cell-chemical-neural-network.md","/v5ma.github.io/wiki/content/every-cell-chemical-neural-network.md","3360","3360","0c306d22bd386ab60a555c05203bd052828f782cc2f47a623e579d7fdab22a16","0c306d22bd386ab60a555c05203bd052828f782cc2f47a623e579d7fdab22a16",""
"evolutionary-mechanisms","Evolutionary Mechanisms","pages/evolutionary-mechanisms.md","/v5ma.github.io/wiki/content/evolutionary-mechanisms.md","6651","6651","ef9598938b5789d0c93313e4fb4409cda364980461ff9b2341e7af7477da0a74","ef9598938b5789d0c93313e4fb4409cda364980461ff9b2341e7af7477da0a74",""
"executable-scientific-story-source-corpus","Executable Scientific Stories and Source-Corpus Correction","pages/executable-scientific-story-source-corpus.md","/v5ma.github.io/wiki/content/executable-scientific-story-source-corpus.md","9188","9188","4e2ccced8379946ec3123581c0e71681b7f608178cdeffa09c6f052cb055fd14","4e2ccced8379946ec3123581c0e71681b7f608178cdeffa09c6f052cb055fd14",""
"expectation","Expectation","pages/expectation.md","/v5ma.github.io/wiki/content/expectation.md","14360","14360","1e31ead2063f6a641716f931a11f327008f497d44bdc9ff15a92e7de197ff905","1e31ead2063f6a641716f931a11f327008f497d44bdc9ff15a92e7de197ff905",""
"expert-data-structure","Expert Data Structure","pages/expert-data-structure.md","/v5ma.github.io/wiki/content/expert-data-structure.md","17478","17478","f58e2e96429b7e53d5573ef0ecd9e9205a8a2c82c15e0bdb88429b691dd38237","f58e2e96429b7e53d5573ef0ecd9e9205a8a2c82c15e0bdb88429b691dd38237",""
"expert-data-structures","Expert Data Structures: Learned Biological Receive-Transform-Project Units","pages/expert-data-structures.md","/v5ma.github.io/wiki/content/expert-data-structures.md","5288","5288","98d68dd4e05d5993e899d360b0965b1956beed68aacb563aec452478c8e7bfd2","98d68dd4e05d5993e899d360b0965b1956beed68aacb563aec452478c8e7bfd2",""
"expert-memory-structures","Expert Memory Structures","pages/expert-memory-structures.md","/v5ma.github.io/wiki/content/expert-memory-structures.md","7836","7836","abecc034b81718c56da43aab194b513cd14d491d610120131630f3c574b03a64","abecc034b81718c56da43aab194b513cd14d491d610120131630f3c574b03a64",""
"extended-brain-thought-density-hypertime","Extended Brain and Thought-Density Hypertime","pages/extended-brain-thought-density-hypertime.md","/v5ma.github.io/wiki/content/extended-brain-thought-density-hypertime.md","8927","8818","977644149a247a7d96f1546bf6543a28a595e39b09e8c8e1e8e481712adc2310","b65a59fc14c135d08f5cbb0b2948dc1badfcf36d1a81d08c730bb5ed8b31a55d","localPathsWithheld:1"
"feature-detection","Feature Detection","pages/feature-detection.md","/v5ma.github.io/wiki/content/feature-detection.md","9205","9205","30a25f33d1462355339b008b8880b2f7b871137e723be7a9abf6633dc3b0bea2","30a25f33d1462355339b008b8880b2f7b871137e723be7a9abf6633dc3b0bea2",""
"feedback-strange-loops-self-model","Feedback Loops, Strange Loops, and the Self-Model","pages/feedback-strange-loops-self-model.md","/v5ma.github.io/wiki/content/feedback-strange-loops-self-model.md","24531","24532","1c6f60e30045976f51b633017b1dbc30c9d05efa400802952b2d6f92a4a8d579","b368294695993ac3952942b8741de305354172516287525927279ba9fbb0c2c5","localPathsWithheld:1"
"fermionic-condensate","Fermionic Condensate","pages/fermionic-condensate.md","/v5ma.github.io/wiki/content/fermionic-condensate.md","11329","11329","7e39e8876bfb7b8bdecdbc35f6686b9b71c701b4bcc664091797793dd71b1ebf","7e39e8876bfb7b8bdecdbc35f6686b9b71c701b4bcc664091797793dd71b1ebf",""
"field-cell-self-bioelectric-information-entity","The Field-Cell Self: A Bioelectric Information Entity","pages/field-cell-self-bioelectric-information-entity.md","/v5ma.github.io/wiki/content/field-cell-self-bioelectric-information-entity.md","17987","17987","8780f7fa392273033bb04f81558785e8621130175969457c53114bb1a13a163f","8780f7fa392273033bb04f81558785e8621130175969457c53114bb1a13a163f",""
"field-coupling","Field Coupling","pages/field-coupling.md","/v5ma.github.io/wiki/content/field-coupling.md","10126","10126","32de6ad5a0508db6225cddf91be09d16747add196e6f7b78bf9b57f47df0c859","32de6ad5a0508db6225cddf91be09d16747add196e6f7b78bf9b57f47df0c859",""
"five-level-neural-framework","Five Level Neural Framework","pages/five-level-neural-framework.md","/v5ma.github.io/wiki/content/five-level-neural-framework.md","2765","2765","38745b5cbb28d1ef983de59d08eeadfe6fb0e6fadaa4670bb2c37a82561029a1","38745b5cbb28d1ef983de59d08eeadfe6fb0e6fadaa4670bb2c37a82561029a1",""
"five-level-neuroscience-framework","Five Level Neuroscience Framework","pages/five-level-neuroscience-framework.md","/v5ma.github.io/wiki/content/five-level-neuroscience-framework.md","4139","4139","631c38c63b3b4000b7d2b3e6522d65362ce6b6a8c3a32a69b925334d6b5c74d1","631c38c63b3b4000b7d2b3e6522d65362ce6b6a8c3a32a69b925334d6b5c74d1",""
"flow-of-information-in-the-brain","The Flow of Information in the Brain","pages/flow-of-information-in-the-brain.md","/v5ma.github.io/wiki/content/flow-of-information-in-the-brain.md","15002","15002","e31a86fd6122c0a36d4efd14a6cf4e484a3eec10ab7084fa112d3783dfe9da97","e31a86fd6122c0a36d4efd14a6cf4e484a3eec10ab7084fa112d3783dfe9da97",""
"fmri","Functional Magnetic Resonance Imaging","pages/fmri.md","/v5ma.github.io/wiki/content/fmri.md","3585","3585","6fa6b5e934faebfa86ef8daf3e25fe742e97076fba95d9a58f07400416dbf58d","6fa6b5e934faebfa86ef8daf3e25fe742e97076fba95d9a58f07400416dbf58d",""
"fnirs-biofeedback","Fnirs Biofeedback","pages/fnirs-biofeedback.md","/v5ma.github.io/wiki/content/fnirs-biofeedback.md","8220","8220","932cdd63092eaa9573548f7baa9465477583a3565a213c69b02e8ad5101fdce4","932cdd63092eaa9573548f7baa9465477583a3565a213c69b02e8ad5101fdce4",""
"fnirs-brain-imaging","fNIRS Brain Imaging","pages/fnirs-brain-imaging.md","/v5ma.github.io/wiki/content/fnirs-brain-imaging.md","3169","3169","807b4b11e3ff547cb1246a6d382033eb6ff6bc569ae8db168bf056af4807fdcf","807b4b11e3ff547cb1246a6d382033eb6ff6bc569ae8db168bf056af4807fdcf",""
"fnirs-functional-near-infrared-spectroscopy","Fnirs Functional Near Infrared Spectroscopy","pages/fnirs-functional-near-infrared-spectroscopy.md","/v5ma.github.io/wiki/content/fnirs-functional-near-infrared-spectroscopy.md","2602","2602","49ce46198067646d243948557fd2ac59f3e771691ff48e7dfafe88882807286a","49ce46198067646d243948557fd2ac59f3e771691ff48e7dfafe88882807286a",""
"fnirs-neural-lace-podcast-s2e4-2019","fNIRS — Neural Lace Podcast S2E4 (2019)","pages/fnirs-neural-lace-podcast-s2e4-2019.md","/v5ma.github.io/wiki/content/fnirs-neural-lace-podcast-s2e4-2019.md","9026","9026","6ba799b583aecb1706e2457fb8650cbf8eb0455999367f0012d484dc29b4c4eb","6ba799b583aecb1706e2457fb8650cbf8eb0455999367f0012d484dc29b4c4eb",""
"forced-attention","Forced Attention","pages/forced-attention.md","/v5ma.github.io/wiki/content/forced-attention.md","9660","9660","e06456271f66179bac251effb41b98b108a566dee71466af2f8bcf304529be14","e06456271f66179bac251effb41b98b108a566dee71466af2f8bcf304529be14",""
"four-dimensional-phase-tracking","Four Dimensional Phase Tracking","pages/four-dimensional-phase-tracking.md","/v5ma.github.io/wiki/content/four-dimensional-phase-tracking.md","2924","2924","886f43d1905096e697788f2f20e71bf0ff974bc83dda2afd3dedd5027fdfc188","886f43d1905096e697788f2f20e71bf0ff974bc83dda2afd3dedd5027fdfc188",""
"four-phase-neuron-states","Four-Phase Neuron States","pages/four-phase-neuron-states.md","/v5ma.github.io/wiki/content/four-phase-neuron-states.md","9731","9731","f6b67bc225b539313a5603326b1e228a2687eee326e1cded744205189918807b","f6b67bc225b539313a5603326b1e228a2687eee326e1cded744205189918807b",""
"fourier-slice-theorem","Fourier Slice Theorem","pages/fourier-slice-theorem.md","/v5ma.github.io/wiki/content/fourier-slice-theorem.md","12548","12548","cdd77399d5b87e295c6ca4144b15d93d9ea42b10b665a09cdec3cb85d87eab7c","cdd77399d5b87e295c6ca4144b15d93d9ea42b10b665a09cdec3cb85d87eab7c",""
"fourier-transform-in-consciousness","Fourier Transform In Consciousness","pages/fourier-transform-in-consciousness.md","/v5ma.github.io/wiki/content/fourier-transform-in-consciousness.md","10804","10804","93a900743d95ee8a0e31475c5445d365cf3fddd44a6479cdbd509d95fed2097d","93a900743d95ee8a0e31475c5445d365cf3fddd44a6479cdbd509d95fed2097d",""
"fractal-agency","Fractal Agency","pages/fractal-agency.md","/v5ma.github.io/wiki/content/fractal-agency.md","2699","2699","ab224488a2acbd758cb9eeda507f2a8e18131f98857fb04066d87aba81f131ec","ab224488a2acbd758cb9eeda507f2a8e18131f98857fb04066d87aba81f131ec",""
"fractal-agent","Fractal Agent","pages/fractal-agent.md","/v5ma.github.io/wiki/content/fractal-agent.md","9542","9542","275473c374900bea05180522286373b0d67d94d12751fae18aafbafd972afbc7","275473c374900bea05180522286373b0d67d94d12751fae18aafbafd972afbc7",""
"fractal-brain-optical-system","Fractal Brain Optical System","pages/fractal-brain-optical-system.md","/v5ma.github.io/wiki/content/fractal-brain-optical-system.md","2406","2406","6f07368fd224914e550e0f154ca445ac6f5913e1ef22745ca91e3d11dd11ec83","6f07368fd224914e550e0f154ca445ac6f5913e1ef22745ca91e3d11dd11ec83",""
"fractal-brain-scale-hierarchy","Fractal Brain Scale Hierarchy","pages/fractal-brain-scale-hierarchy.md","/v5ma.github.io/wiki/content/fractal-brain-scale-hierarchy.md","2215","2215","e4cfad5ce8e25cd001b50e8429da4d194cf906ad9fcce0113acb7a67108e145f","e4cfad5ce8e25cd001b50e8429da4d194cf906ad9fcce0113acb7a67108e145f",""
"fractal-brain-structure","Fractal Brain Structure","pages/fractal-brain-structure.md","/v5ma.github.io/wiki/content/fractal-brain-structure.md","5052","5052","84c91d08011ef35ef3b2acf27a15c03319962f67b38d7455b7e51e794d1cbde6","84c91d08011ef35ef3b2acf27a15c03319962f67b38d7455b7e51e794d1cbde6",""
"fractal-conscious-perception","Fractal Conscious Perception","pages/fractal-conscious-perception.md","/v5ma.github.io/wiki/content/fractal-conscious-perception.md","7486","7486","1e0765424923565bd7b1c0420125e85aca4e3cb65929cbed2b445ca67d9ddca0","1e0765424923565bd7b1c0420125e85aca4e3cb65929cbed2b445ca67d9ddca0",""
"fractal-consciousness","Fractal Consciousness","pages/fractal-consciousness.md","/v5ma.github.io/wiki/content/fractal-consciousness.md","11171","11171","2ea0fc602aca87ac4f5ae2c68e34cfa292ec55eddaad501d6655e356005c8584","2ea0fc602aca87ac4f5ae2c68e34cfa292ec55eddaad501d6655e356005c8584",""
"fractal-cooperative-oscillations","Fractal Cooperative Oscillations","pages/fractal-cooperative-oscillations.md","/v5ma.github.io/wiki/content/fractal-cooperative-oscillations.md","2297","2297","8cf6f86933a108605edb9b20ec680725dd986a70fe8f514b2aa5944b2fc18518","8cf6f86933a108605edb9b20ec680725dd986a70fe8f514b2aa5944b2fc18518",""
"fractal-cortical-column","Fractal Cortical Column","pages/fractal-cortical-column.md","/v5ma.github.io/wiki/content/fractal-cortical-column.md","9892","9892","b7755c1608730e39f928942d13b6857973b563743bb74fec4fef5916ca6ee129","b7755c1608730e39f928942d13b6857973b563743bb74fec4fef5916ca6ee129",""
"fractal-dipole-architecture","Fractal Dipole Architecture","pages/fractal-dipole-architecture.md","/v5ma.github.io/wiki/content/fractal-dipole-architecture.md","5378","5378","2137a686f635165ce56ce8d079c7f342ae1fd1e823621056120e4466f725d542","2137a686f635165ce56ce8d079c7f342ae1fd1e823621056120e4466f725d542",""
"fractal-dissipating-cosmos","Fractal Dissipating Cosmos","pages/fractal-dissipating-cosmos.md","/v5ma.github.io/wiki/content/fractal-dissipating-cosmos.md","7077","7077","eb36d413a49ac3085e93879c0a36b0bdba9d094de9ee2bcf4a240fd6832f0b09","eb36d413a49ac3085e93879c0a36b0bdba9d094de9ee2bcf4a240fd6832f0b09",""
"fractal-feedback-loop","Fractal Feedback Loop","pages/fractal-feedback-loop.md","/v5ma.github.io/wiki/content/fractal-feedback-loop.md","12263","12263","3463f8ce29ada408d600e1e13dda534c016013250e6b8b36c437d592a91067db","3463f8ce29ada408d600e1e13dda534c016013250e6b8b36c437d592a91067db",""
"fractal-functional-isomorphism","Fractal Functional Isomorphism","pages/fractal-functional-isomorphism.md","/v5ma.github.io/wiki/content/fractal-functional-isomorphism.md","7938","7938","2510d7696486d3eeddb0adc22fd16c9db4f71d56d11912790174e61489544d9a","2510d7696486d3eeddb0adc22fd16c9db4f71d56d11912790174e61489544d9a",""
"fractal-isomorphic-sensory-arrays","Fractal Isomorphic Sensory Arrays","pages/fractal-isomorphic-sensory-arrays.md","/v5ma.github.io/wiki/content/fractal-isomorphic-sensory-arrays.md","1915","1915","c05c5e755393577918e6ed9b3a52f4a7aeca32a2a6be83b78c0bff65df559192","c05c5e755393577918e6ed9b3a52f4a7aeca32a2a6be83b78c0bff65df559192",""
"fractal-matter-pattern-evolution","Fractal Matter Pattern Evolution","pages/fractal-matter-pattern-evolution.md","/v5ma.github.io/wiki/content/fractal-matter-pattern-evolution.md","2568","2568","302bf7e043d09fbe4dcfdbe426d8a4d7d11c77fe2b1f6155ac7fde34630dba62","302bf7e043d09fbe4dcfdbe426d8a4d7d11c77fe2b1f6155ac7fde34630dba62",""
"fractal-modular-consciousness","Fractal Modular Consciousness","pages/fractal-modular-consciousness.md","/v5ma.github.io/wiki/content/fractal-modular-consciousness.md","2885","2885","cd071cf46e00ecfadc65c9ca8ca0c1815f9555a860af436e862db55073a3d854","cd071cf46e00ecfadc65c9ca8ca0c1815f9555a860af436e862db55073a3d854",""
"fractal-modules","Fractal Modules","pages/fractal-modules.md","/v5ma.github.io/wiki/content/fractal-modules.md","5485","5485","9f45be2800a98686abf2d9d0c29c7e5d612ec9f86e6b22a78910fda8f02408d3","9f45be2800a98686abf2d9d0c29c7e5d612ec9f86e6b22a78910fda8f02408d3",""
"fractal-neural-hierarchy","Fractal Neural Hierarchy","pages/fractal-neural-hierarchy.md","/v5ma.github.io/wiki/content/fractal-neural-hierarchy.md","9165","9165","086d275a59de35fb2e5cf1ceb4519170eb2306a2570f3e3290126e195ec78123","086d275a59de35fb2e5cf1ceb4519170eb2306a2570f3e3290126e195ec78123",""
"fractal-neural-scale-hierarchy","Fractal Neural Scale Hierarchy","pages/fractal-neural-scale-hierarchy.md","/v5ma.github.io/wiki/content/fractal-neural-scale-hierarchy.md","2923","2923","9ff1f3452b1784a217b75b69929ee147030bdb253bec0fb270be93b6ae0bfd0b","9ff1f3452b1784a217b75b69929ee147030bdb253bec0fb270be93b6ae0bfd0b",""
"fractal-oscillation-cosmos","Fractal Oscillation Cosmos","pages/fractal-oscillation-cosmos.md","/v5ma.github.io/wiki/content/fractal-oscillation-cosmos.md","2535","2535","94ad25e78251f44021e45261a5a7d1a336c2071ec9b5fd9286a0b93e0acfe9f4","94ad25e78251f44021e45261a5a7d1a336c2071ec9b5fd9286a0b93e0acfe9f4",""
"fractal-oscillators","Fractal Oscillators","pages/fractal-oscillators.md","/v5ma.github.io/wiki/content/fractal-oscillators.md","6399","6399","50952a68a874a9dcb4c6b2e4c5ab3c10d43e4f858a823ec765d39b18156daa55","50952a68a874a9dcb4c6b2e4c5ab3c10d43e4f858a823ec765d39b18156daa55",""
"fractal-oscillatory-tree","Fractal Oscillatory Tree","pages/fractal-oscillatory-tree.md","/v5ma.github.io/wiki/content/fractal-oscillatory-tree.md","2227","2227","3a43a86625f75a198c98e91c4a04c99fa9b679f69cd5f93a985896266e95f21c","3a43a86625f75a198c98e91c4a04c99fa9b679f69cd5f93a985896266e95f21c",""
"fractal-pattern-scaling-brain","Fractal Pattern Scaling Brain","pages/fractal-pattern-scaling-brain.md","/v5ma.github.io/wiki/content/fractal-pattern-scaling-brain.md","9094","9094","19ee30dc1a05fc837418dfed13245ddd52434b453202958381525c72c6adefa6","19ee30dc1a05fc837418dfed13245ddd52434b453202958381525c72c6adefa6",""
"fractal-pattern","Fractal Pattern","pages/fractal-pattern.md","/v5ma.github.io/wiki/content/fractal-pattern.md","2570","2570","d8e63878f3f15db91090607cd1e4c6906896b044bc44c847aad0539dbd7c4b3b","d8e63878f3f15db91090607cd1e4c6906896b044bc44c847aad0539dbd7c4b3b",""
"fractal-retinotopic-mirroring","Fractal Retinotopic Mirroring","pages/fractal-retinotopic-mirroring.md","/v5ma.github.io/wiki/content/fractal-retinotopic-mirroring.md","3110","3110","aa658835fbfd16a15aa52ea7b50731009b89c0f1b376b88bdbc7859bdb742b05","aa658835fbfd16a15aa52ea7b50731009b89c0f1b376b88bdbc7859bdb742b05",""
"frame-of-reference","Frame Of Reference","pages/frame-of-reference.md","/v5ma.github.io/wiki/content/frame-of-reference.md","10281","10281","966675ab5c8e746256533122b3d1c5bbcb82114159029f942eb50e38e8d4b0e3","966675ab5c8e746256533122b3d1c5bbcb82114159029f942eb50e38e8d4b0e3",""
"free-energy-principle","Free Energy Principle","pages/free-energy-principle.md","/v5ma.github.io/wiki/content/free-energy-principle.md","12684","12684","6b469207623bab8b1e0b570e5b4b59b6b08384fbb0d0be8904ae6b5f573157e3","6b469207623bab8b1e0b570e5b4b59b6b08384fbb0d0be8904ae6b5f573157e3",""
"functional-connectivity","Functional Connectivity","pages/functional-connectivity.md","/v5ma.github.io/wiki/content/functional-connectivity.md","13200","13200","2af586a0b870f8fa17558c7de4afa256d1b0f6360f90d49b4687724c6a1e8d6a","2af586a0b870f8fa17558c7de4afa256d1b0f6360f90d49b4687724c6a1e8d6a",""
"functional-fractal-isomorphism","Functional Fractal Isomorphism","pages/functional-fractal-isomorphism.md","/v5ma.github.io/wiki/content/functional-fractal-isomorphism.md","1839","1839","7aea5628ab85fd7a1ebbdaabeaa60908e24237a4fa7c59c754f9b7e951f29e95","7aea5628ab85fd7a1ebbdaabeaa60908e24237a4fa7c59c754f9b7e951f29e95",""
"functional-information","Functional Information","pages/functional-information.md","/v5ma.github.io/wiki/content/functional-information.md","7277","7277","f8eceb1c251441490c83cf27ab9ff8d6e96618d3795a28693383c0d1ace54d16","f8eceb1c251441490c83cf27ab9ff8d6e96618d3795a28693383c0d1ace54d16",""
"gaba","GABA","pages/gaba.md","/v5ma.github.io/wiki/content/gaba.md","13068","13068","9474035837348ea67a5307b850450ba1390729d7a8b6d14d14c1f4d859d344c6","9474035837348ea67a5307b850450ba1390729d7a8b6d14d14c1f4d859d344c6",""
"galactic-filaments-ltp-fractal","Galactic Filaments Ltp Fractal","pages/galactic-filaments-ltp-fractal.md","/v5ma.github.io/wiki/content/galactic-filaments-ltp-fractal.md","1815","1815","5055675321a13f576d1ee842897bb2607acde98129bd0956d3a83479f5daa8a9","5055675321a13f576d1ee842897bb2607acde98129bd0956d3a83479f5daa8a9",""
"gamma-consideration-sandwich-diagram","Gamma Consideration Sandwich Diagram","pages/gamma-consideration-sandwich-diagram.md","/v5ma.github.io/wiki/content/gamma-consideration-sandwich-diagram.md","5592","5592","1e8238ff8a6291eae15738e453855308e3dd481505de784df9381936893292fd","1e8238ff8a6291eae15738e453855308e3dd481505de784df9381936893292fd",""
"gamma-oscillation","Gamma Oscillation","pages/gamma-oscillation.md","/v5ma.github.io/wiki/content/gamma-oscillation.md","3523","3523","94eb8b7d88a0f1179670da19107245ca50a252e1fb070be23842ac200635ed3f","94eb8b7d88a0f1179670da19107245ca50a252e1fb070be23842ac200635ed3f",""
"gamma-oscillations","Gamma Oscillations","pages/gamma-oscillations.md","/v5ma.github.io/wiki/content/gamma-oscillations.md","2902","2902","28911a0929bcb9e3bc647ac15f5ec6a7c86c4889e458fff8bd0181d3d9a0cc7f","28911a0929bcb9e3bc647ac15f5ec6a7c86c4889e458fff8bd0181d3d9a0cc7f",""
"gamma-wave-consideration-sandwich","Gamma Wave Consideration Sandwich","pages/gamma-wave-consideration-sandwich.md","/v5ma.github.io/wiki/content/gamma-wave-consideration-sandwich.md","5742","5742","f35c33f15e3c97278107ca02a5e6678dce1df8cb60b468a995745b246a8afc65","f35c33f15e3c97278107ca02a5e6678dce1df8cb60b468a995745b246a8afc65",""
"gap-junction","Gap Junction","pages/gap-junction.md","/v5ma.github.io/wiki/content/gap-junction.md","12579","12579","2bccb6a7bef1ee0f36494f50691d9c791cc2ec6c95f13e415210f427c2b2551b","2bccb6a7bef1ee0f36494f50691d9c791cc2ec6c95f13e415210f427c2b2551b",""
"gh-00abstractbump","Gh 00Abstractbump","pages/gh-00abstractbump.md","/v5ma.github.io/wiki/content/gh-00abstractbump.md","7013","7013","d8901f6f9fcf8fddc930946a71bb328736dbc99d804a2535d4dc61532e15870b","d8901f6f9fcf8fddc930946a71bb328736dbc99d804a2535d4dc61532e15870b",""
"gh-00changelog","January 22, 2025 Update","pages/gh-00changelog.md","/v5ma.github.io/wiki/content/gh-00changelog.md","63079","63079","35db87a87dab5a44fcfe104c4fe200bcc97cc895875daf9ac1660bbbbd177481","35db87a87dab5a44fcfe104c4fe200bcc97cc895875daf9ac1660bbbbd177481",""
"gh-00disclaimer","Disclaimer: These are raw unedited notes. If you search hard enough you will find many statements that contradict other statements, and you will find incorrect statements. There are reasons for that, which I will explain, but also I will be fixing these raw notes.","pages/gh-00disclaimer.md","/v5ma.github.io/wiki/content/gh-00disclaimer.md","3295","3295","48fcf75700dc5a19d2a9916a833164b251703fa1cda34a9e0966d5039ee64f7d","48fcf75700dc5a19d2a9916a833164b251703fa1cda34a9e0966d5039ee64f7d",""
"gh-00linkreviewlist","A midbrain-thalamus-cortex circuit reorganizes cortical dynamics to initiate movement","pages/gh-00linkreviewlist.md","/v5ma.github.io/wiki/content/gh-00linkreviewlist.md","11457","10475","2a334b5cf4ee8c548892fb86684e8c9e6fc89ca8b4fd3695ab8e3aea93767106","5c131ecc7fede00b228676cbe539f77116a26e4c94b09664b945567f2a018c54","routeBlocksRemoved:1"
"gh-00preprint-list","Gh 00Preprint List","pages/gh-00preprint-list.md","/v5ma.github.io/wiki/content/gh-00preprint-list.md","3499","2517","c416804a867692f885090a78766a549f4e99be35733ec141bd2a13d87d4a4d87","ffb32607579b92a3f127c1a19de61d74c25d23ea704bb01d6af718adf5cfc660","routeBlocksRemoved:1"
"gh-00todolist","00todolist","pages/gh-00todolist.md","/v5ma.github.io/wiki/content/gh-00todolist.md","4671","4671","7b5f479312c945d3b781bf6000802531b9c8c085bb10dbb6d31a63d8b7d8642b","7b5f479312c945d3b781bf6000802531b9c8c085bb10dbb6d31a63d8b7d8642b",""
"gh-00welcome","Watch the NAPOT 5 video releases September 18th 2022","pages/gh-00welcome.md","/v5ma.github.io/wiki/content/gh-00welcome.md","4813","4813","039cd762f31285aa8cdde90b5a2b56388d19876d4604b79958e8e99a374d0926","039cd762f31285aa8cdde90b5a2b56388d19876d4604b79958e8e99a374d0926",""
"gh-01san","Gh 01San","pages/gh-01san.md","/v5ma.github.io/wiki/content/gh-01san.md","6250","6250","13228d793a7c049f9aa1276d39de1468df9a6f0530826259b7999aee84235d5f","13228d793a7c049f9aa1276d39de1468df9a6f0530826259b7999aee84235d5f",""
"gh-02san","Gh 02San","pages/gh-02san.md","/v5ma.github.io/wiki/content/gh-02san.md","44450","44450","8518da82ac3fc4efa8207eebf080a15555f23a2d8357dc2a725e2cf89bb09829","8518da82ac3fc4efa8207eebf080a15555f23a2d8357dc2a725e2cf89bb09829",""
"gh-03san","Micah Blumberg","pages/gh-03san.md","/v5ma.github.io/wiki/content/gh-03san.md","34564","34564","a44cafccb2c17a762f38798700e8801b8080b9e9b17d8ff594bb054db3b912ee","a44cafccb2c17a762f38798700e8801b8080b9e9b17d8ff594bb054db3b912ee",""
"gh-04san","Gh 04San","pages/gh-04san.md","/v5ma.github.io/wiki/content/gh-04san.md","95760","95760","c480a1138dc961524f8bea887df9de2c4de29c8bd25676a1a26f658cee3cf768","c480a1138dc961524f8bea887df9de2c4de29c8bd25676a1a26f658cee3cf768",""
"gh-05san","Gh 05San","pages/gh-05san.md","/v5ma.github.io/wiki/content/gh-05san.md","95734","95086","f29a271c98d15e707c1c5db81c605f1c61287f246f60c1f8239b76371d467e96","1fc62a0a0fff41cdedb95e079706eb36420c6993d8fe5ee04614be5469a296aa","routeBlocksRemoved:1"
"gh-06san","Gh 06San","pages/gh-06san.md","/v5ma.github.io/wiki/content/gh-06san.md","12011","12011","a6619f1eef11732900c8c8dc70973661e532047be5f7beb2b462e829d212b548","a6619f1eef11732900c8c8dc70973661e532047be5f7beb2b462e829d212b548",""
"gh-07san","Gh 07San","pages/gh-07san.md","/v5ma.github.io/wiki/content/gh-07san.md","148897","148897","3e4a69a7aaea06c6de9f58982c056d74c6b69e970deb0bd3dd366d475be3c585","3e4a69a7aaea06c6de9f58982c056d74c6b69e970deb0bd3dd366d475be3c585",""
"gh-08san","Gh 08San","pages/gh-08san.md","/v5ma.github.io/wiki/content/gh-08san.md","62540","62540","5d4af4a6563b6657babf4e6d416c4e2d200967d25d7a93872e422eabec3c1422","5d4af4a6563b6657babf4e6d416c4e2d200967d25d7a93872e422eabec3c1422",""
"gh-09san","Gh 09San","pages/gh-09san.md","/v5ma.github.io/wiki/content/gh-09san.md","32568","32568","56e7e27ab1741a49ee28b65fbd64d36d85d506055af0b4ebfe753a49f102b492","56e7e27ab1741a49ee28b65fbd64d36d85d506055af0b4ebfe753a49f102b492",""
"gh-10san","Gh 10San","pages/gh-10san.md","/v5ma.github.io/wiki/content/gh-10san.md","10480","10480","2946a9a5f374186e35d9d91d039b9498f0e2221a6999e4e89f7ddc05e041a63c","2946a9a5f374186e35d9d91d039b9498f0e2221a6999e4e89f7ddc05e041a63c",""
"gh-11san","Gh 11San","pages/gh-11san.md","/v5ma.github.io/wiki/content/gh-11san.md","10693","10693","f26c83d90a4f240d755888522cc35d45e060a32600bf7d3cc91b0e27a7e87f0f","f26c83d90a4f240d755888522cc35d45e060a32600bf7d3cc91b0e27a7e87f0f",""
"gh-12san","Gh 12San","pages/gh-12san.md","/v5ma.github.io/wiki/content/gh-12san.md","7460","6792","e2999c87dec55c16bcfd305bed8d21ef6bedcb535baa0fbb20f14e9d20a964b6","e860403e0396f76bacd2fa121b2dddec4951eadeed1332432d27574cd3dba2fe","routeBlocksRemoved:1"
"gh-13san","Summary:","pages/gh-13san.md","/v5ma.github.io/wiki/content/gh-13san.md","46780","46780","2a6e09fc026704113a45e56c6517524103f5f05684a9ba3426c0608182ab1f08","2a6e09fc026704113a45e56c6517524103f5f05684a9ba3426c0608182ab1f08",""
"gh-a0001z","Self Aware Networks","pages/gh-a0001z.md","/v5ma.github.io/wiki/content/gh-a0001z.md","31474","31474","3d40e7a89ba312d46f8f72de4afde2b4c19f4b811b09bc39a4dfd078888526c7","3d40e7a89ba312d46f8f72de4afde2b4c19f4b811b09bc39a4dfd078888526c7",""
"gh-a0002z","Gh A0002Z","pages/gh-a0002z.md","/v5ma.github.io/wiki/content/gh-a0002z.md","4708","4708","5b67d90a4b373a9731db348dc174ec93ddcfadb021b9d5d5533ac921ea2d93fd","5b67d90a4b373a9731db348dc174ec93ddcfadb021b9d5d5533ac921ea2d93fd",""
"gh-a0003z","""Through a Dog’s Eyes: fMRI Decoding of Naturalistic Videos from Dog Cortex""","pages/gh-a0003z.md","/v5ma.github.io/wiki/content/gh-a0003z.md","10541","10541","70b03f3c329236ddb6a733adfe53bcb7fe489387ef3915273aee49dfdcd0aa94","70b03f3c329236ddb6a733adfe53bcb7fe489387ef3915273aee49dfdcd0aa94",""
"gh-a0004z","""Neural networks and physical systems with emergent collective computational abilities""","pages/gh-a0004z.md","/v5ma.github.io/wiki/content/gh-a0004z.md","8285","8285","526ec4a5e464910503179cc621a9f6b769ccffcdb265798958454be96808b156","526ec4a5e464910503179cc621a9f6b769ccffcdb265798958454be96808b156",""
"gh-a0005z","New:","pages/gh-a0005z.md","/v5ma.github.io/wiki/content/gh-a0005z.md","12086","12086","7228a662a43cc42670db9c62d039c27a99f28a5b0224c399be47e418202703eb","7228a662a43cc42670db9c62d039c27a99f28a5b0224c399be47e418202703eb",""
"gh-a0006z","Gh A0006Z","pages/gh-a0006z.md","/v5ma.github.io/wiki/content/gh-a0006z.md","5940","5940","9ee89a5b775ef8ff94694ef3f55798719ee9030389a243280626f1539c04a774","9ee89a5b775ef8ff94694ef3f55798719ee9030389a243280626f1539c04a774",""
"gh-a0007z","""Properties of Layer 6 Pyramidal Neuron Apical Dendrites""","pages/gh-a0007z.md","/v5ma.github.io/wiki/content/gh-a0007z.md","132639","132639","a184011af734bb79b5163315f4e92ebbc896b32f44ba768959226e76002c7fa5","a184011af734bb79b5163315f4e92ebbc896b32f44ba768959226e76002c7fa5",""
"gh-a0008z","My 2014 Neurons are transmitting their shapes theory revised.","pages/gh-a0008z.md","/v5ma.github.io/wiki/content/gh-a0008z.md","29393","28692","0afc61507bc3286100dfa1c435771bafe5e6ade427931ac98e1d36b034e0b8f7","68b69b8bdbca36e361a2b2af141e8e456ddc1091697cf46adae756f4d063720f","routeBlocksRemoved:1"
"gh-a0009z","Gh A0009Z","pages/gh-a0009z.md","/v5ma.github.io/wiki/content/gh-a0009z.md","7523","7523","f50e70c4384cfddf82e1b7038740d139d14c3c0181246691dab4e0648b0bbd9d","f50e70c4384cfddf82e1b7038740d139d14c3c0181246691dab4e0648b0bbd9d",""
"gh-a0010z","Oscillators, Electromagnetic Phase Fields, and Spacetime Curvature","pages/gh-a0010z.md","/v5ma.github.io/wiki/content/gh-a0010z.md","39516","39516","b268f3fb8c933425184c1a507e04bce9ee6f99f07b0bb3ef00ec1f8b61bd6da5","b268f3fb8c933425184c1a507e04bce9ee6f99f07b0bb3ef00ec1f8b61bd6da5",""
"gh-a0011z","A new theory of learning integrates cognitive psychology and systems biology","pages/gh-a0011z.md","/v5ma.github.io/wiki/content/gh-a0011z.md","30627","30627","9fee1cf0ee575c156bb7b64645e5551c5db738058d53c3bb66a57ce13b675d29","9fee1cf0ee575c156bb7b64645e5551c5db738058d53c3bb66a57ce13b675d29",""
"gh-a0012z","Gh A0012Z","pages/gh-a0012z.md","/v5ma.github.io/wiki/content/gh-a0012z.md","2862","1864","aab4835451b30c5fa0e1b6da8aa468a60ab8eb3d107a4ce338d4d641c22bf34c","660e56d77ee4523e732b76f20e61d805baa2415d37a5f3563019917722aa6f48","routeBlocksRemoved:1"
"gh-a0013z","Gh A0013Z","pages/gh-a0013z.md","/v5ma.github.io/wiki/content/gh-a0013z.md","2772","1790","4857faedc761046b9d7b878aa6daa8f01382bcc3170ee69cffc6bdd76d1d1a41","3f619efdfee1773dff99cd50638b342a04724ba4ca93b89ac526ac7800dabf22","routeBlocksRemoved:1"
"gh-a0014z","Gh A0014Z","pages/gh-a0014z.md","/v5ma.github.io/wiki/content/gh-a0014z.md","4008","3026","e5e428b9280285816a2ba5f4b1130a7cd76f1b56377ea0e484075b96e51a40b9","fd12994206b56079b4e98b2016648dda815b63c463d90f8071ee78d998ed9acf","routeBlocksRemoved:1"
"gh-a0015z","a0015z ctpr","pages/gh-a0015z.md","/v5ma.github.io/wiki/content/gh-a0015z.md","6708","6708","a5055e36ae2fde4c67899b588c620686d359e26eb4b58366ba527f3b4aafcb81","a5055e36ae2fde4c67899b588c620686d359e26eb4b58366ba527f3b4aafcb81",""
"gh-a0016z","a0016z","pages/gh-a0016z.md","/v5ma.github.io/wiki/content/gh-a0016z.md","1591","1591","f319f4f54e6db459f657cc4acda3d6106680c7c79dd94c8629295fa6fc4d1154","f319f4f54e6db459f657cc4acda3d6106680c7c79dd94c8629295fa6fc4d1154",""
"gh-a0017z","Gh A0017Z","pages/gh-a0017z.md","/v5ma.github.io/wiki/content/gh-a0017z.md","3950","3950","5a20deae20fd3bff0af0c5a39ee4270b2c5e7160a6a6ade887eeb877951698ac","5a20deae20fd3bff0af0c5a39ee4270b2c5e7160a6a6ade887eeb877951698ac",""
"gh-a0018z","See Note ""Time Crystals, Time Dilation, Quantum Gradient Time Crystal Dilation","pages/gh-a0018z.md","/v5ma.github.io/wiki/content/gh-a0018z.md","19361","19361","9aa6a0ceef0af3cad3cd43e7783a01310bdd35227fbfecd8111ed8705c586ec0","9aa6a0ceef0af3cad3cd43e7783a01310bdd35227fbfecd8111ed8705c586ec0",""
"gh-a0019z","Gh A0019Z","pages/gh-a0019z.md","/v5ma.github.io/wiki/content/gh-a0019z.md","1986","1203","7a1a376c8072c7f5489f533696fbafc215d2dc5ede5368ae9886a756324b66fb","bb5332163969325c8445459c7c7d6dcea43ee2fb6ba87d1e1dd3b67e392a1dc4","routeBlocksRemoved:1"
"gh-a0020z","Gh A0020Z","pages/gh-a0020z.md","/v5ma.github.io/wiki/content/gh-a0020z.md","3193","2226","2f89ff93654b47a628c62cce845cebd6ae3ab1b9591a41909f9f1409d13d8208","6c5454d8832fb2874ac9b554705b973a9462f23de3fff6cdcc85cd4c0867d72c","routeBlocksRemoved:1"
"gh-a0021z","Gh A0021Z","pages/gh-a0021z.md","/v5ma.github.io/wiki/content/gh-a0021z.md","9201","9201","17675fd09ee76484da14a64295e23cf4ca3938a47adebca375926d2b7b28e6f5","17675fd09ee76484da14a64295e23cf4ca3938a47adebca375926d2b7b28e6f5",""
"gh-a0022z","a0022z: June 2012 Closed-Eye Neurofeedback Session Report","pages/gh-a0022z.md","/v5ma.github.io/wiki/content/gh-a0022z.md","4169","4169","54ba20563d000e006743e4524fc99e4931d4ef1c7aa61e9b7ddc5a7065b14919","54ba20563d000e006743e4524fc99e4931d4ef1c7aa61e9b7ddc5a7065b14919",""
"gh-a0023z","a0023z: 2012 Grid, Matrix, and Directed-Graph Proposal","pages/gh-a0023z.md","/v5ma.github.io/wiki/content/gh-a0023z.md","10826","9858","d50f7c853f0152c4e81240db251cb56e61896e9b31607eca12b5a84fbf194846","305b37ba835ebef75535c46a2619ba91bd15daa924543a137c7a8464654251a3","routeBlocksRemoved:1"
"gh-a0024z","a0024z: Consumer Neurofeedback Interoperability and Testing Questions","pages/gh-a0024z.md","/v5ma.github.io/wiki/content/gh-a0024z.md","4372","3841","85d04a658fae33fc7f3dccb78385aa1146f6bf504cfb9d480d4418011e8995dd","db3aac4d2eb1e49c77472defb71d66439068ecb66ea4e5484064259a89bcc771","routeBlocksRemoved:1"
"gh-a0025z","a0025z ctpr (neuron)","pages/gh-a0025z.md","/v5ma.github.io/wiki/content/gh-a0025z.md","2383","1715","3fa78db0dd4bb0e7488b261eed10ee44d90dec11781c13017db62eb5f1df0490","a51cfef5b4d62b9b26db28d52c68549ba0bb9d388e2fb106f90f0190cd76471b","routeBlocksRemoved:1"
"gh-a0026z","Gh A0026Z","pages/gh-a0026z.md","/v5ma.github.io/wiki/content/gh-a0026z.md","10229","9262","8571f197672fd5b654085556a64c56246eb2fee232026ecd72d5dd7e9357457b","01fba3d2ea622acec172b78decd2b9c5b4c044dfe042ce4eb5a91e8b5975b2b4","routeBlocksRemoved:1"
"gh-a0027z","Gh A0027Z","pages/gh-a0027z.md","/v5ma.github.io/wiki/content/gh-a0027z.md","4857","3876","d614607a8db11aae09c5edcd84967a722d2053b34db6744104d0216a5d73d01a","4860bfa94b6333db19b5167bf9ef181d0879b1d067b4b7448018244a9437b3c2","routeBlocksRemoved:1"
"gh-a0028z","Gh A0028Z","pages/gh-a0028z.md","/v5ma.github.io/wiki/content/gh-a0028z.md","3013","1993","e22af885106cee82854954eb9e1d53f0285e08c9e2e0bf40cdae7783abe4e58e","aae63280675f988f02e9e0eee72e56cb3d3d31bb09414c1910d01b1ccce91da8","routeBlocksRemoved:1"
"gh-a0029z","Hofstadter and Hawkins","pages/gh-a0029z.md","/v5ma.github.io/wiki/content/gh-a0029z.md","3084","2051","13458934244ca12d0abe50e9de3545459dadd54f261e9ba048b38a15e427667a","d700434774037e82636dee24840d5a797dcb18d789337cca5921c9510f6e95fb","routeBlocksRemoved:1"
"gh-a0030z","Gh A0030Z","pages/gh-a0030z.md","/v5ma.github.io/wiki/content/gh-a0030z.md","4734","4734","c80303e65f16f43dac9320c64744cbbdffc659c3e83e62604be130c9b9e3ac1d","c80303e65f16f43dac9320c64744cbbdffc659c3e83e62604be130c9b9e3ac1d",""
"gh-a0031z","Gh A0031Z","pages/gh-a0031z.md","/v5ma.github.io/wiki/content/gh-a0031z.md","7614","6946","47e9da66b3aee7f3d9edb430eefe97fd19b6c8b73c47cf5a86f67248ab6f002d","2a9367961fc6f083e33f53392e491fbe3c8ad88381753791f251a1d846534790","routeBlocksRemoved:1"
"gh-a0032z","Gh A0032Z","pages/gh-a0032z.md","/v5ma.github.io/wiki/content/gh-a0032z.md","3792","2764","1628cfe2857a55e028ea435c5a6fbe934ab302b0aa742b6d2735a4bbf8e8e015","7806639fc169f5dd2c7fe95740bd6c19b8841f907ab818e9cbaf289af3640548","routeBlocksRemoved:1"
"gh-a0033z","Gh A0033Z","pages/gh-a0033z.md","/v5ma.github.io/wiki/content/gh-a0033z.md","10005","10005","7c646104cffd14cb5205223e3e337bd6126b47b37b7f72660356191ea6ed698d","7c646104cffd14cb5205223e3e337bd6126b47b37b7f72660356191ea6ed698d",""
"gh-a0034z","Gh A0034Z","pages/gh-a0034z.md","/v5ma.github.io/wiki/content/gh-a0034z.md","3111","2432","091a521a4ca109ed55714caf409cf68e498295a84e71782aaf170f2cc8c95fab","dd5e2b95e989d6f0665083673ae2fe3f792851cfd76bf4ddde7963c5a4b6a3a3","routeBlocksRemoved:1"
"gh-a0035z","Gh A0035Z","pages/gh-a0035z.md","/v5ma.github.io/wiki/content/gh-a0035z.md","4224","3556","b9aee84201b98b47520af4929bd078979630de19010ac18dbc9d3fa245c4886a","6423f002fdaee9f1cadc9fb251ac54cf8c0036574a1970efba8f8a159985ecd4","routeBlocksRemoved:1"
"gh-a0036z","Gh A0036Z","pages/gh-a0036z.md","/v5ma.github.io/wiki/content/gh-a0036z.md","5775","5775","d0a608f3d599873bff131ff212c14b119a1b5ce25e239d237fb7cf9312d3280e","d0a608f3d599873bff131ff212c14b119a1b5ce25e239d237fb7cf9312d3280e",""
"gh-a0037z","a0037z: Relative Tonic/Phasic Roles and Synaptic-Level Shorthand","pages/gh-a0037z.md","/v5ma.github.io/wiki/content/gh-a0037z.md","2743","1754","e10cb476f014bc244eb59fd8f9c0fcf7857824139d97c9cac43d30529bbc5b95","21754917da9c62bc04714017465e2a6ce4813f66632f846eea839721e5eec35e","routeBlocksRemoved:1"
"gh-a0038z","Gh A0038Z","pages/gh-a0038z.md","/v5ma.github.io/wiki/content/gh-a0038z.md","93602","93602","970e188688f03f44b0cf531247d382ae2bf503fbeb7d5114b4b98c2685fe0f00","970e188688f03f44b0cf531247d382ae2bf503fbeb7d5114b4b98c2685fe0f00",""
"gh-a0039z","Soliton-Chemical Duality and the Multimodal Neuron (a0039z)","pages/gh-a0039z.md","/v5ma.github.io/wiki/content/gh-a0039z.md","12409","12409","dd8dcd180fb8ad4132c40357a066e79d3d4553efe80fae55d43afafadfe22a78","dd8dcd180fb8ad4132c40357a066e79d3d4553efe80fae55d43afafadfe22a78",""
"gh-a0040z","Gh A0040Z","pages/gh-a0040z.md","/v5ma.github.io/wiki/content/gh-a0040z.md","4851","3869","512ba30e06b2edf5f80fcd09541471b004e964a58dc5d0d500ea3b3107bb1f3e","6426ec7073a844c4b675be8ee22e1d0440a3f70ec002e6777c7b53b3ae8da76d","routeBlocksRemoved:1"
"gh-a0041z","a0041z: Dendritic Geometry, Multimodal Fields, and the Physics Fork","pages/gh-a0041z.md","/v5ma.github.io/wiki/content/gh-a0041z.md","24746","24746","e7db6e4685084d4c19a145a0d494d95b7f90b5dbae681742703c1c579e53f237","e7db6e4685084d4c19a145a0d494d95b7f90b5dbae681742703c1c579e53f237",""
"gh-a0042z","Gh A0042Z","pages/gh-a0042z.md","/v5ma.github.io/wiki/content/gh-a0042z.md","3713","3045","dae2bf42380cfe6e010474ba9838f95eebcd2f126194f5ad8b5eefc95d5e6ec3","86e2da7ee87a34742bbb61685aa46f3bff95a8537ccbbfba6b619fa9db3af605","routeBlocksRemoved:1"
"gh-a0043z","Gh A0043Z","pages/gh-a0043z.md","/v5ma.github.io/wiki/content/gh-a0043z.md","4683","3222","765f110eff92d20013219e841fbbb4d7fcec27f76177317d874b16d4afb24630","16099fb294342063e5c987a440d0a5f22576e409637e7014899f859347410754","routeBlocksRemoved:1"
"gh-a0044z","Gh A0044Z","pages/gh-a0044z.md","/v5ma.github.io/wiki/content/gh-a0044z.md","4290","3622","3103607a00ea5d0aedcfe7d1b8a52a894e325f1cb49815b042790e10dcbaea08","b55478ac8a90d51d22d80864c9549e203207704b1563a9fb9727221059d26968","routeBlocksRemoved:1"
"gh-a0045z","Gh A0045Z","pages/gh-a0045z.md","/v5ma.github.io/wiki/content/gh-a0045z.md","4038","3056","06df9ca888acab8f174fd6a0f42e8ea970a1cf378b40092fd4d936b16ac40fba","7f9f7d6ab5388b961e28c501e514deec8728acb11b9e76995bba18338fbc8e81","routeBlocksRemoved:1"
"gh-a0048z","a0048z: Neural Variability, Dissipation, and the Early SAN Program Map","pages/gh-a0048z.md","/v5ma.github.io/wiki/content/gh-a0048z.md","5336","5336","ad06d5b8e65494544280ba52f9a2fc40618b7386263f412a648937318e97cdec","ad06d5b8e65494544280ba52f9a2fc40618b7386263f412a648937318e97cdec",""
"gh-a0049z","Gh A0049Z","pages/gh-a0049z.md","/v5ma.github.io/wiki/content/gh-a0049z.md","34804","34804","cc8667e9b755213c85492f4a6f5be573eaa2e595d21000b36fd4f749e080693f","cc8667e9b755213c85492f4a6f5be573eaa2e595d21000b36fd4f749e080693f",""
"gh-a0050z","Gh A0050Z","pages/gh-a0050z.md","/v5ma.github.io/wiki/content/gh-a0050z.md","6740","6740","be277d8e343de217f2cb809ec02dc878b254fa812ba5ad8582498854a6542068","be277d8e343de217f2cb809ec02dc878b254fa812ba5ad8582498854a6542068",""
"gh-a0051z","Gh A0051Z","pages/gh-a0051z.md","/v5ma.github.io/wiki/content/gh-a0051z.md","6571","5903","4daa934af82a26a5b781d801db722197b917eb464d41dce2e67c4c564813bbb3","08b439caabdc25fdb9b9106aaaf253f4ad8c87b0eb3ea8eb31ced9ff1ae39093","routeBlocksRemoved:1"
"gh-a0052z","Gh A0052Z","pages/gh-a0052z.md","/v5ma.github.io/wiki/content/gh-a0052z.md","2521","2521","07f9d8e0b5c3110439a69a946d1950a728813d27119e8a92d6fe8ca1e5064e2c","07f9d8e0b5c3110439a69a946d1950a728813d27119e8a92d6fe8ca1e5064e2c",""
"gh-a0053z","The Phasic Tonic Relationship","pages/gh-a0053z.md","/v5ma.github.io/wiki/content/gh-a0053z.md","18998","18998","1a08a310e721d2d190727aecfab4580692d615ddb6779a68d5d02675c7bc6e28","1a08a310e721d2d190727aecfab4580692d615ddb6779a68d5d02675c7bc6e28",""
"gh-a0054z","The Transcendent Human","pages/gh-a0054z.md","/v5ma.github.io/wiki/content/gh-a0054z.md","5269","4276","ee1667b889f3fea0e97337c35176a94001c1595c56beb30aea9332dbd6567e8f","b7493a4729a615cd786e13188af9ada4d096425f818f5cdb8a16d15520808695","routeBlocksRemoved:1"
"gh-a0055z","a0055z","pages/gh-a0055z.md","/v5ma.github.io/wiki/content/gh-a0055z.md","3602","2822","8448e589a30141584960444230ef0406540b640b2295a054437c9095c72934ed","fe864c1b329005d4eeed8ca020fac66256bc111f1064b3c80630b2d70abfe345","routeBlocksRemoved:1"
"gh-a0056z","Transcendence, Choice, and Behavior Consquences from Computational Biological.","pages/gh-a0056z.md","/v5ma.github.io/wiki/content/gh-a0056z.md","8629","8629","523afdc2e6c7a1117cb8af1ccddead755f7f3dbe7c39310afb09b212ab3783a2","523afdc2e6c7a1117cb8af1ccddead755f7f3dbe7c39310afb09b212ab3783a2",""
"gh-a0057z","a0057z","pages/gh-a0057z.md","/v5ma.github.io/wiki/content/gh-a0057z.md","2803","1821","58bab6e923f42174fe0a7e46ff77f16eff4c62463787c5b313293926909f7089","5955563752f1cd647ae4586f2579a43d7afe9d3816f635dc4c9de196c440016f","routeBlocksRemoved:1"
"gh-a0058z","a0058z","pages/gh-a0058z.md","/v5ma.github.io/wiki/content/gh-a0058z.md","3760","3760","f6d3cb6957e0279cf3920a277947f90d6383ab494d1a6d2be68289503404f530","f6d3cb6957e0279cf3920a277947f90d6383ab494d1a6d2be68289503404f530",""
"gh-a0059z","Gh A0059Z","pages/gh-a0059z.md","/v5ma.github.io/wiki/content/gh-a0059z.md","1871","1358","89b80b3fe7e0dbcd4dac8a5dbbdb13ca6faad0344d2926dff19c92a63338c6e1","27ddd90d8b14a8ceed3a3aa7481f9f9f71f524fe2e5c6c8eee7a79d12b9e2010","routeBlocksRemoved:1"
"gh-a0060z","Gh A0060Z","pages/gh-a0060z.md","/v5ma.github.io/wiki/content/gh-a0060z.md","4496","4496","8da07cc07a5741871b5d79ce1dd2997ecafc13b3fc4c7b567e5690a0b5bb9747","8da07cc07a5741871b5d79ce1dd2997ecafc13b3fc4c7b567e5690a0b5bb9747",""
"gh-a0061z","Gh A0061Z","pages/gh-a0061z.md","/v5ma.github.io/wiki/content/gh-a0061z.md","8522","7854","edb93c6b735d59c641daff3329c93e5971dd3a648dcccae8443fa66ee732b90b","a0ddc002de595f29a758207487ceb00c408fe6c897ce33ed7fcb672e58315d30","routeBlocksRemoved:1"
"gh-a0062z","Gh A0062Z","pages/gh-a0062z.md","/v5ma.github.io/wiki/content/gh-a0062z.md","5595","5595","a4a8258a14b7c476caaf795322c2e8065080be038fbe590c1b35a92b7c5012e1","a4a8258a14b7c476caaf795322c2e8065080be038fbe590c1b35a92b7c5012e1",""
"gh-a0063z","Gh A0063Z","pages/gh-a0063z.md","/v5ma.github.io/wiki/content/gh-a0063z.md","18121","18121","3f6a1d1e77fbf5a9a326efc0da4bf4d5c06faaddfa48275c6ae846d4d006d454","3f6a1d1e77fbf5a9a326efc0da4bf4d5c06faaddfa48275c6ae846d4d006d454",""
"gh-a0065z","The seeker and the way (SAN)","pages/gh-a0065z.md","/v5ma.github.io/wiki/content/gh-a0065z.md","3016","2040","1dcded19ee185d13b062fc6ff5edf801c74c90250d347807aae8ea68cec330aa","a0008d8527b8868619926a0f6f57b2ddd681bdb5569699941b78392b1f1b42e4","routeBlocksRemoved:1"
"gh-a0066z","Gh A0066Z","pages/gh-a0066z.md","/v5ma.github.io/wiki/content/gh-a0066z.md","11795","11795","bfa994395e2b93633ee708f6ecf9998d32bf336515c3f6a9ab484384e0363c35","bfa994395e2b93633ee708f6ecf9998d32bf336515c3f6a9ab484384e0363c35",""
"gh-a0067z","Gh A0067Z","pages/gh-a0067z.md","/v5ma.github.io/wiki/content/gh-a0067z.md","5220","4552","0fa063b65df4165d4de6f9ccbd39131065d8dc62fd8c3769834c659cc38d2d40","b7f04f8fa616289e868cb223b83e920de3ad2f4fffc371133639009ba3f5f36e","routeBlocksRemoved:1"
"gh-a0068z","Gh A0068Z","pages/gh-a0068z.md","/v5ma.github.io/wiki/content/gh-a0068z.md","6304","6304","6b694a25abd62ae95c02d870565b6d8e124a4bcd6898189e3bad22ab99fce020","6b694a25abd62ae95c02d870565b6d8e124a4bcd6898189e3bad22ab99fce020",""
"gh-a0069z","Medical Imaging Technology","pages/gh-a0069z.md","/v5ma.github.io/wiki/content/gh-a0069z.md","8831","8831","31aba4c5e51360b0d7127798d415ac8bc40d558aa2a26a64221f059b60cc6fdb","31aba4c5e51360b0d7127798d415ac8bc40d558aa2a26a64221f059b60cc6fdb",""
"gh-a0070z","Gh A0070Z","pages/gh-a0070z.md","/v5ma.github.io/wiki/content/gh-a0070z.md","2654","1672","693cdae01f6a86e4c3ef482421f07dde0599a7eeac4612976f11e705b7227746","79a20e3a1138d29bcda30391ef64f894e2daa43455e2d017fa116f2703c8693b","routeBlocksRemoved:1"
"gh-a0071z","Gh A0071Z","pages/gh-a0071z.md","/v5ma.github.io/wiki/content/gh-a0071z.md","1106","1106","18726ddfeb178e332a3169f734958e25a449b5748ce1a32e2082894f45f1d4cc","18726ddfeb178e332a3169f734958e25a449b5748ce1a32e2082894f45f1d4cc",""
"gh-a0072z","Gh A0072Z","pages/gh-a0072z.md","/v5ma.github.io/wiki/content/gh-a0072z.md","12213","12213","0ba612ef47f0e1dfe38adc8bba26f1336f6ac0192d2905f5bdc834313783a607","0ba612ef47f0e1dfe38adc8bba26f1336f6ac0192d2905f5bdc834313783a607",""
"gh-a0073z","Gh A0073Z","pages/gh-a0073z.md","/v5ma.github.io/wiki/content/gh-a0073z.md","4551","3883","aa748a3f2f09333a8d74f9968d3ea559714dbf9c84d978c94f8e07b37d052aef","2a0795c594f2ae15b47eaaf70c6cdc6bc8f5b2c4f7d6e4a892dce48896639393","routeBlocksRemoved:1"
"gh-a0074z","Gh A0074Z","pages/gh-a0074z.md","/v5ma.github.io/wiki/content/gh-a0074z.md","4933","4265","76ed2f4a30b0c5f241fb774bf0f73043f8131f81710cddbbe7f3b513d1e28b67","3382279169a4ab9eb2c1ef455f3853d2165ab994e7f01d3d2b8142eee090749f","routeBlocksRemoved:1"
"gh-a0075z","Gh A0075Z","pages/gh-a0075z.md","/v5ma.github.io/wiki/content/gh-a0075z.md","12942","12942","54203e7970a88d09d27faa735d9c148f612d47a45fb4688d62f03f7b4c8f3f6a","54203e7970a88d09d27faa735d9c148f612d47a45fb4688d62f03f7b4c8f3f6a",""
"gh-a0078z","Gh A0078Z","pages/gh-a0078z.md","/v5ma.github.io/wiki/content/gh-a0078z.md","2676","2676","46c6776b19ab297799b898d68fbb8b8a944ef8eb017ccdf8a36f81778a81670e","46c6776b19ab297799b898d68fbb8b8a944ef8eb017ccdf8a36f81778a81670e",""
"gh-a0079z","Gh A0079Z","pages/gh-a0079z.md","/v5ma.github.io/wiki/content/gh-a0079z.md","7063","6449","bb476be5c3210ff3df42f3ac7cc1c11b838bbf4fc1f8e4fa597488912590ef74","5894572381f47c1c3536ffc353c96218cd0cbab98eff9155b518327bd7dc8346","routeBlocksRemoved:1"
"gh-a0080z","Gh A0080Z","pages/gh-a0080z.md","/v5ma.github.io/wiki/content/gh-a0080z.md","5749","5749","bf094faa6a1884db31aee3d594f921a9a00649803985675f4e5c993ca4c29990","bf094faa6a1884db31aee3d594f921a9a00649803985675f4e5c993ca4c29990",""
"gh-a0081z","""Cortical-Subcortical Interactions in Goal-directed Behavior""","pages/gh-a0081z.md","/v5ma.github.io/wiki/content/gh-a0081z.md","4140","2952","e4c87f38c138ec8988d991b9c26f65cdaa6a73fd400151bffaadc0543adf9038","656359c8828696b7f0949183dfb23b00378ad23fcd2346de5fc5ddab41f54ab6","routeBlocksRemoved:1"
"gh-a0082z","Gh A0082Z","pages/gh-a0082z.md","/v5ma.github.io/wiki/content/gh-a0082z.md","2297","2297","8d6fe7c1b4aa48ef1b0c590efb9e0b1cdf51257c65e17cdd652f204005126c8e","8d6fe7c1b4aa48ef1b0c590efb9e0b1cdf51257c65e17cdd652f204005126c8e",""
"gh-a0083z","Gh A0083Z","pages/gh-a0083z.md","/v5ma.github.io/wiki/content/gh-a0083z.md","7606","7606","a84caa4c564b9f42a51b93b1db9b2f7f4b7855da5c0002e98623577da932e98a","a84caa4c564b9f42a51b93b1db9b2f7f4b7855da5c0002e98623577da932e98a",""
"gh-a0084z","Gh A0084Z","pages/gh-a0084z.md","/v5ma.github.io/wiki/content/gh-a0084z.md","3006","2392","f8149f3f33dc6d82c7eec457c866d960121c333d3d090585e99a858cecc39b24","2ccd9f6c5a7b8664291a19fd332c151ec24387205d77bdfacae1142ce75c7bc8","routeBlocksRemoved:1"
"gh-a0085z","Gh A0085Z","pages/gh-a0085z.md","/v5ma.github.io/wiki/content/gh-a0085z.md","2540","2540","1de237e84bf3ccc7832232c686fe41510ab9c29c2ff07dc52769200bde2c5379","1de237e84bf3ccc7832232c686fe41510ab9c29c2ff07dc52769200bde2c5379",""
"gh-a0086z","Gh A0086Z","pages/gh-a0086z.md","/v5ma.github.io/wiki/content/gh-a0086z.md","11122","11122","b050640ff922d530e9900dfb25d757ba5666d1fc253fcf96b4d105f639231c58","b050640ff922d530e9900dfb25d757ba5666d1fc253fcf96b4d105f639231c58",""
"gh-a0087z","Gh A0087Z","pages/gh-a0087z.md","/v5ma.github.io/wiki/content/gh-a0087z.md","22637","22637","3bd0daef938786b20643a445c15404bb3b0184c69ddbd52e5de2a2c39b45335f","3bd0daef938786b20643a445c15404bb3b0184c69ddbd52e5de2a2c39b45335f",""
"gh-a0088z","Connect notes a0177z, a0286z, a0039z","pages/gh-a0088z.md","/v5ma.github.io/wiki/content/gh-a0088z.md","13218","13218","1e7567eb80a66517424b9c5ca7c3af0567e619f38f002acea92f818848c77da0","1e7567eb80a66517424b9c5ca7c3af0567e619f38f002acea92f818848c77da0",""
"gh-a0089z","Gh A0089Z","pages/gh-a0089z.md","/v5ma.github.io/wiki/content/gh-a0089z.md","5092","4478","1d76de473c7057c680c55cb7c9e4c39be0d0117bcd304bc7d9912da05820c5d3","2dfb2251e72481f22b7fdea036a7ce1bf9b81cbc0b9ac6fe15c1aa94eae4dc15","routeBlocksRemoved:1"
"gh-a0090z","Gh A0090Z","pages/gh-a0090z.md","/v5ma.github.io/wiki/content/gh-a0090z.md","5733","5733","49c6bb5da00a6ea03863f727f3365022c18e645d05a09f207209e9face59f6e5","49c6bb5da00a6ea03863f727f3365022c18e645d05a09f207209e9face59f6e5",""
"gh-a0091z","Gh A0091Z","pages/gh-a0091z.md","/v5ma.github.io/wiki/content/gh-a0091z.md","46301","46301","3395db2164a17e3fd58fdf1609466ad7cfc1ac16e226d1f388646a9efad28c77","3395db2164a17e3fd58fdf1609466ad7cfc1ac16e226d1f388646a9efad28c77",""
"gh-a0092z","Gh A0092Z","pages/gh-a0092z.md","/v5ma.github.io/wiki/content/gh-a0092z.md","2859","2859","c2004009f08385d9c567f16bb3d918571399ade9fbdc96520b285e35e000dc09","c2004009f08385d9c567f16bb3d918571399ade9fbdc96520b285e35e000dc09",""
"gh-a0093z","Gh A0093Z","pages/gh-a0093z.md","/v5ma.github.io/wiki/content/gh-a0093z.md","8271","7657","b19d6421a1e7f37961a972600ec0eb6de13459ce405f9d770b4d4d810eb7b0cd","0fc7aefc8ae9adf2387bbb8e8a678f3159d84f30df603d43178181b7c1cd3677","routeBlocksRemoved:1"
"gh-a0094z","Gh A0094Z","pages/gh-a0094z.md","/v5ma.github.io/wiki/content/gh-a0094z.md","5288","4674","1ed30a77a5a6142ec76cab7ec25e67ab5450449c1fde590f77a77ee42f9143d8","946e465d47d06b9b0ee3ba080def82843039c1118c34a01fdbef3a5a1e95c96c","routeBlocksRemoved:1"
"gh-a0095z","Gh A0095Z","pages/gh-a0095z.md","/v5ma.github.io/wiki/content/gh-a0095z.md","15483","15483","71047d39a8c69887e77f9acf13a941843e51b04effb2167ba2658d1679192413","71047d39a8c69887e77f9acf13a941843e51b04effb2167ba2658d1679192413",""
"gh-a0096z","Gh A0096Z","pages/gh-a0096z.md","/v5ma.github.io/wiki/content/gh-a0096z.md","8671","8057","6c1694f481d776b982980671a310f3472f569e161213a9bccbd2cd9ad0d21d11","57de0b341d57c597c94dc48c986b42eea6f7ab55e3b50b8ff6af6646ca92ce17","routeBlocksRemoved:1"
"gh-a0097z","Gh A0097Z","pages/gh-a0097z.md","/v5ma.github.io/wiki/content/gh-a0097z.md","8627","8013","8b67caeb606a884b4fbd33e513a95fefa3fe69958755f53339939878ce625251","56d3d1ead1ec3558937ffa0117af4044e264eb08b9c496dbc7378975ac0025b0","routeBlocksRemoved:1"
"gh-a0098z","Gh A0098Z","pages/gh-a0098z.md","/v5ma.github.io/wiki/content/gh-a0098z.md","3794","2812","851012cd162b13de1872c49b99b3f8564834f10129251e3929c97205a1f4cbcc","44436254df9b7c061b4cafa93b376a5613045a9a83ae162c7f1e0943af881ab3","routeBlocksRemoved:1"
"gh-a0099z","Gh A0099Z","pages/gh-a0099z.md","/v5ma.github.io/wiki/content/gh-a0099z.md","3269","2234","364a9944d2ab85ca22f5083272d0ed9d5ee86fe89ad90cdf3527f8782a30962a","25b0628d24a822e39c1254a6907727dedfb2651be84e397a684324a343b8280d","routeBlocksRemoved:1"
"gh-a0100z","a0100z","pages/gh-a0100z.md","/v5ma.github.io/wiki/content/gh-a0100z.md","2807","1825","fcaae076400166bfcfd0513d19c233c0acd981fc222c7b7b1e50569fee62c908","25d4886c8b3678873a27f81fb560578bb290d035001b8e64b975dc28061058e8","routeBlocksRemoved:1"
"gh-a0101z","ATP affects the brains reward system","pages/gh-a0101z.md","/v5ma.github.io/wiki/content/gh-a0101z.md","2203","2203","b1f8baca615d4779833c73f2e97edf5866918cce76c252fc52571e4f8903e692","b1f8baca615d4779833c73f2e97edf5866918cce76c252fc52571e4f8903e692",""
"gh-a0102z","Gh A0102Z","pages/gh-a0102z.md","/v5ma.github.io/wiki/content/gh-a0102z.md","1622","1622","0d590424c78baaa0aa266b8f7eb9b31501af402c59bdabf7c3f032ae7d333e68","0d590424c78baaa0aa266b8f7eb9b31501af402c59bdabf7c3f032ae7d333e68",""
"gh-a0103z","Gh A0103Z","pages/gh-a0103z.md","/v5ma.github.io/wiki/content/gh-a0103z.md","4555","3545","00d372e392158f6b36b402bb56513d8b2d70942b32869f8733640f05f30e08c9","e4ac3030461595932ea29d6d9ec31491f6526a2aee7db68359d130df910b8ee0","routeBlocksRemoved:1"
"gh-a0104z","Gh A0104Z","pages/gh-a0104z.md","/v5ma.github.io/wiki/content/gh-a0104z.md","13972","13972","b6d47c4fb608441a488aff7c19f2eb3c237c1ac00025c85fd0787c503092c65b","b6d47c4fb608441a488aff7c19f2eb3c237c1ac00025c85fd0787c503092c65b",""
"gh-a0105z","Gh A0105Z","pages/gh-a0105z.md","/v5ma.github.io/wiki/content/gh-a0105z.md","1181","1181","e67c4bc5074563272743d569073172c847077ec902dae8771fbe03584f7e2bdb","e67c4bc5074563272743d569073172c847077ec902dae8771fbe03584f7e2bdb",""
"gh-a0106z","Gh A0106Z","pages/gh-a0106z.md","/v5ma.github.io/wiki/content/gh-a0106z.md","2647","1665","c9988652036d5b80028502dd5e815869a2a75f552d894b15e345e595ebb70429","9788bf65d1709e7192c3481d9b2c50164430a477568dbd9ad90b2784f04046b0","routeBlocksRemoved:1"
"gh-a0107z","Gh A0107Z","pages/gh-a0107z.md","/v5ma.github.io/wiki/content/gh-a0107z.md","4826","3844","65518cf1a983ead96653e543849328f1a43006229ae86aceb455dfdb071de15d","a4518f3d2b2bc91f69949856d041f63882bafd7286711fc4435569304e0fbdf1","routeBlocksRemoved:1"
"gh-a0108z","Gh A0108Z","pages/gh-a0108z.md","/v5ma.github.io/wiki/content/gh-a0108z.md","3798","2788","ae6ea109344f58eb350a6f2bb8bc56e7041bec1c3a77c993282e375946930020","d72a9b4494e0265bc0137c8568228edbed612ee625a7ab8e892baab59f5abab7","routeBlocksRemoved:1"
"gh-a0109z","Gh A0109Z","pages/gh-a0109z.md","/v5ma.github.io/wiki/content/gh-a0109z.md","2795","1581","1e02fb2474cb184e4524a0011f7fb40951bd36b3754190f256f5096862dc80a2","0bc3f2fd95552ee9fbdb3e31ac5674a0c8c3be3af994a1da44f5b90858df4a57","routeBlocksRemoved:1"
"gh-a0110z","End of notes about Yann LeCun's talk.","pages/gh-a0110z.md","/v5ma.github.io/wiki/content/gh-a0110z.md","6392","6392","1b0aa05fae090cc4fb696f60ad15b646cac4abb8ae03d6942e0849e49631f1fe","1b0aa05fae090cc4fb696f60ad15b646cac4abb8ae03d6942e0849e49631f1fe",""
"gh-a0111z","Telescoping Mind","pages/gh-a0111z.md","/v5ma.github.io/wiki/content/gh-a0111z.md","9516","9516","f7b1a6d51f06ea9a95313f65a88e45429e853715fc0b768b2257f639bf1901b9","f7b1a6d51f06ea9a95313f65a88e45429e853715fc0b768b2257f639bf1901b9",""
"gh-a0112z","Gh A0112Z","pages/gh-a0112z.md","/v5ma.github.io/wiki/content/gh-a0112z.md","7211","7211","86e206e1792a2de589d0636e71c913e399306fa6aef6bb8bc794714633b91760","86e206e1792a2de589d0636e71c913e399306fa6aef6bb8bc794714633b91760",""
"gh-a0113z","Gh A0113Z","pages/gh-a0113z.md","/v5ma.github.io/wiki/content/gh-a0113z.md","5991","5009","f54a218992e0e8488976caa0d6f85007efb0441a8c55efb380203b2f6631bc56","09b463281a78fed33759192da3a35718856d98b296525c1fe9592380bf280034","routeBlocksRemoved:1"
"gh-a0114z","Gh A0114Z","pages/gh-a0114z.md","/v5ma.github.io/wiki/content/gh-a0114z.md","1219","605","849da58beaa7f4af5481744ef9c011162f16995f6b2b64c55f1613c61357cd8c","106fe70b9b56b66b15eb1e823c54abc1eb42e9966a1889fa281e7b5e53985884","routeBlocksRemoved:1"
"gh-a0115z","Notes on Neural Oscillatory Tomography & other topics","pages/gh-a0115z.md","/v5ma.github.io/wiki/content/gh-a0115z.md","14382","14382","c60de177c4f1af16efd2c9cdcba373c16c31c649b33884c00fa634ae949dc7f4","c60de177c4f1af16efd2c9cdcba373c16c31c649b33884c00fa634ae949dc7f4",""
"gh-a0116z","Gh A0116Z","pages/gh-a0116z.md","/v5ma.github.io/wiki/content/gh-a0116z.md","7205","7205","ec7b04b6cac4c4aa48076282941baaae0f55f12617d0a1b0182f019229b41796","ec7b04b6cac4c4aa48076282941baaae0f55f12617d0a1b0182f019229b41796",""
"gh-a0117z","Gh A0117Z","pages/gh-a0117z.md","/v5ma.github.io/wiki/content/gh-a0117z.md","2581","1967","8b68c13c21bdfb09c67e7ad786d802af26c3fc0794302008529e8b64967a1cd9","c5a4d06cb39e9509f2deb5f7354c64dcd8b1940ea7915137bd059e83751aaa00","routeBlocksRemoved:1"
"gh-a0118z","Gh A0118Z","pages/gh-a0118z.md","/v5ma.github.io/wiki/content/gh-a0118z.md","2875","1908","0e4780e28efcd5ad2e2b060cb439f67ee34345622fbb91312ffb3bd78fa586bb","b3698dc71db7ebc155da3bd6321c6b351f1f986649caec2585dc8b4064d73643","routeBlocksRemoved:1"
"gh-a0119z","Gh A0119Z","pages/gh-a0119z.md","/v5ma.github.io/wiki/content/gh-a0119z.md","4462","4462","3ae140c815127ba4299161f2a4523287aee718e03e81e09f5c3321f31a6fe073","3ae140c815127ba4299161f2a4523287aee718e03e81e09f5c3321f31a6fe073",""
"gh-a0120z","Gh A0120Z","pages/gh-a0120z.md","/v5ma.github.io/wiki/content/gh-a0120z.md","2797","2797","3c10b5dafcdccd068225b823d25fd4a9a91b135b99c2c44e05a4597fc3a90c20","3c10b5dafcdccd068225b823d25fd4a9a91b135b99c2c44e05a4597fc3a90c20",""
"gh-a0121z","Gh A0121Z","pages/gh-a0121z.md","/v5ma.github.io/wiki/content/gh-a0121z.md","15755","15755","d556a0b9c50b847bdc57e43f3fdc516d5054ef00deb3397326499e606cc48803","d556a0b9c50b847bdc57e43f3fdc516d5054ef00deb3397326499e606cc48803",""
"gh-a0122z","Gh A0122Z","pages/gh-a0122z.md","/v5ma.github.io/wiki/content/gh-a0122z.md","3950","2968","7570c79fab94690ea2b6112c27babfc217629b69369d8336585e1c775a74f29f","38e77511c5264f68410ec475abac611bb304d042a5a382124d0357d4557156a2","routeBlocksRemoved:1"
"gh-a0123z","Gh A0123Z","pages/gh-a0123z.md","/v5ma.github.io/wiki/content/gh-a0123z.md","5303","4321","b5de6eadf925c25f9faa37661f468bbdffb49744bc9205b810f00bfa24725ff4","2d012c00909115bc383e4499f739c91117c8085105b2b6be102d7e9fff8cdef1","routeBlocksRemoved:1"
"gh-a0124z","Gh A0124Z","pages/gh-a0124z.md","/v5ma.github.io/wiki/content/gh-a0124z.md","1517","1517","69393b175b13bad94f0efe242e8f500c673b824924a288a3d2d3add2178db8c8","69393b175b13bad94f0efe242e8f500c673b824924a288a3d2d3add2178db8c8",""
"gh-a0125z","Gh A0125Z","pages/gh-a0125z.md","/v5ma.github.io/wiki/content/gh-a0125z.md","5455","5455","40e9f7fa7ae7a509b402c63fae773795db7f58ed64e044cdce73df47ee4769e7","40e9f7fa7ae7a509b402c63fae773795db7f58ed64e044cdce73df47ee4769e7",""
"gh-a0126z","memories scale up (reference back to note a0001z ""Closing the mechanistic gap"")","pages/gh-a0126z.md","/v5ma.github.io/wiki/content/gh-a0126z.md","11058","9870","b998bc26175eb2b2cbca6f71f014b90b7daeb6b2c4905c1b680008a9a09cbba3","b401f3afb51b7c16e96a23d647f5f1b77cfcec997067fd87bbdae3843d7d84ee","routeBlocksRemoved:1"
"gh-a0127z","How to make Dog level Sentient Self Aware Neural Networks","pages/gh-a0127z.md","/v5ma.github.io/wiki/content/gh-a0127z.md","21164","20621","e32386e4aaf8c9b89a4801eb0798cd2a176765199539fd654b7cfa90c8dbeccd","9a1e4547df7d9e9e32535e41d1e587a5ad8a58c8dd761debb087a2fdc9c3d544","routeBlocksRemoved:1"
"gh-a0128z","Gh A0128Z","pages/gh-a0128z.md","/v5ma.github.io/wiki/content/gh-a0128z.md","4625","3984","5d069f279f30b08f7fdbfa8411af3c85e034f5267dc6cf5d8e8ebabe1adef083","53930ea24c752ff12448c1d0e020574165b9aec0b88580c3e0d8cb5ebeb87ca9","routeBlocksRemoved:1"
"gh-a0129z","Gh A0129Z","pages/gh-a0129z.md","/v5ma.github.io/wiki/content/gh-a0129z.md","4831","3831","3af986d49b81257ce758dae5d5c9219e0f10c654824d048aecd82e35331b2c7c","86f9a2fd987b318c85e2f588e05e53a11c50c1c59d7c9e849a162354a7f3fe12","routeBlocksRemoved:1"
"gh-a0130z","Gh A0130Z","pages/gh-a0130z.md","/v5ma.github.io/wiki/content/gh-a0130z.md","6833","6833","31ea774ad8a23bb0a9e7a1e9393c740fdb1afd54a5e3d7b34287cb74da2931db","31ea774ad8a23bb0a9e7a1e9393c740fdb1afd54a5e3d7b34287cb74da2931db",""
"gh-a0131z","Gh A0131Z","pages/gh-a0131z.md","/v5ma.github.io/wiki/content/gh-a0131z.md","8223","8223","6e3cee98558e8c5eec2abb0d197e99b907e7e397eb4bbaf43a4e53e69913872c","6e3cee98558e8c5eec2abb0d197e99b907e7e397eb4bbaf43a4e53e69913872c",""
"gh-a0132z","Gh A0132Z","pages/gh-a0132z.md","/v5ma.github.io/wiki/content/gh-a0132z.md","13378","13378","629f290270ef2e79a2e1fbd105bb49dfd13f4b00bb9a4856f91e066a73672a84","629f290270ef2e79a2e1fbd105bb49dfd13f4b00bb9a4856f91e066a73672a84",""
"gh-a0133z","Gh A0133Z","pages/gh-a0133z.md","/v5ma.github.io/wiki/content/gh-a0133z.md","2139","1498","083412d776ed69aff9757373649b49a43adf950f536be244ec9a4ce0e0e9a8b6","96137107f239c3ec90fec55bb4710e6e37ab87bfc74ba1f57ee7393c8e9b4fb6","routeBlocksRemoved:1"
"gh-a0134z","Gh A0134Z","pages/gh-a0134z.md","/v5ma.github.io/wiki/content/gh-a0134z.md","3163","2181","ee3b5e98d0395d26cf0b89b616a81fbca47b36bb3141f97694019e6e48b29fcf","526b24f8e41e8a9d3279532c471edbbd2ba674ed5fb840d398e99c537aa992b6","routeBlocksRemoved:1"
"gh-a0135z","Gh A0135Z","pages/gh-a0135z.md","/v5ma.github.io/wiki/content/gh-a0135z.md","3439","2457","4a3511c19d12124f444782cb03a4845648e4e6c374f0e13d89c33eca546dcd3d","a822551e4e470bfa47636e05d5f212fe0acd64e08708633bba397118b1d13c8b","routeBlocksRemoved:1"
"gh-a0136z","Gh A0136Z","pages/gh-a0136z.md","/v5ma.github.io/wiki/content/gh-a0136z.md","4902","4902","2f5d9ea8cd7a397838dd488602beb216ce9e19cb062b55c331d8276c9e9617cc","2f5d9ea8cd7a397838dd488602beb216ce9e19cb062b55c331d8276c9e9617cc",""
"gh-a0137z","Gh A0137Z","pages/gh-a0137z.md","/v5ma.github.io/wiki/content/gh-a0137z.md","3237","2192","dd0c86507a0c4414f0251eb9571b853ea63fa122eba74e97e6dca400da0bceac","82f3e3171140d6e374e9432109a240b5900b6b71101bd59e4eecab7fecc2c9f7","routeBlocksRemoved:1"
"gh-a0138zcalcium","Calcium Dynamics","pages/gh-a0138zcalcium.md","/v5ma.github.io/wiki/content/gh-a0138zcalcium.md","16574","15592","e68288f10b8d9af78fe91032dd83c2734d44f757eee91ff9eadf6c46e4127860","7ca27cf3e6085083af1f41272e398b450bcb04086757d7a8cf46be2a3f92a62f","routeBlocksRemoved:1"
"gh-a0139z","Gh A0139Z","pages/gh-a0139z.md","/v5ma.github.io/wiki/content/gh-a0139z.md","5606","5606","aa0ff234b2e5cdbc919fd075f9f003addbb39a961a76694a9b85a896c1135f70","aa0ff234b2e5cdbc919fd075f9f003addbb39a961a76694a9b85a896c1135f70",""
"gh-a0140z","Gh A0140Z","pages/gh-a0140z.md","/v5ma.github.io/wiki/content/gh-a0140z.md","17117","17117","bbb933905c070102464c55d728adc8f797085224874c68345adb48ea5b2572fa","bbb933905c070102464c55d728adc8f797085224874c68345adb48ea5b2572fa",""
"gh-a0141z","Gh A0141Z","pages/gh-a0141z.md","/v5ma.github.io/wiki/content/gh-a0141z.md","4638","4024","3f8cb8a59daf0a2d0d3587bdf766221ec025b0a77c9e2b6980e8baa48ce4a7cf","ae9920e9b7b61baf5c26d2b0cf20b7527854ddadab86fb9f6519dfab49f9d4fb","routeBlocksRemoved:1"
"gh-a0142z","Gh A0142Z","pages/gh-a0142z.md","/v5ma.github.io/wiki/content/gh-a0142z.md","4142","4142","63b707a469b4fdf5464b209e95982b3ae7e43236e272f62815e8d3d83dae1276","63b707a469b4fdf5464b209e95982b3ae7e43236e272f62815e8d3d83dae1276",""
"gh-a0143z","""Scale invariance in biology: coincidence or footprint of a universal mechanism?""","pages/gh-a0143z.md","/v5ma.github.io/wiki/content/gh-a0143z.md","9113","9113","2bb82ba6fdd1c4d1a5fc4d42950d5aff270f457ac495e10a88edc61f3333e3f4","2bb82ba6fdd1c4d1a5fc4d42950d5aff270f457ac495e10a88edc61f3333e3f4",""
"gh-a0144z","Gh A0144Z","pages/gh-a0144z.md","/v5ma.github.io/wiki/content/gh-a0144z.md","1308","657","5f08c9bb5ff59dbafe4c0685efce0bc14482c51afa64c402d7ae61758fa31263","e4890353f51682e98838ce82fd76678108f7ff8bc24748510693067c416c4aea","routeBlocksRemoved:1"
"gh-a0145z","Gh A0145Z","pages/gh-a0145z.md","/v5ma.github.io/wiki/content/gh-a0145z.md","853","853","e45586e052879aec5fef3a7e4fe7f80d088381f53675b0796f8f56ca63cea4c9","e45586e052879aec5fef3a7e4fe7f80d088381f53675b0796f8f56ca63cea4c9",""
"gh-a0146z","Gh A0146Z","pages/gh-a0146z.md","/v5ma.github.io/wiki/content/gh-a0146z.md","1368","727","2b310ac81272cc1992be529db40d9228c105525563e7335e3dbf537d7e438109","21ecee7d3691c44050a15a2a814cbcb5ef50b1558f320434ad74d526a2ce7794","routeBlocksRemoved:1"
"gh-a0147z","Gh A0147Z","pages/gh-a0147z.md","/v5ma.github.io/wiki/content/gh-a0147z.md","1445","794","5ef53554028e5733d9ce64f8007fb91e02a6ecfccef2b100bd885758a8d33aa9","3b20f930e781e1971eba476c097c8d7380b9908ceb094fb5e4258ba4cb9f7e1f","routeBlocksRemoved:1"
"gh-a0148z","Gh A0148Z","pages/gh-a0148z.md","/v5ma.github.io/wiki/content/gh-a0148z.md","1910","1296","489aa410f486626fc5bb61d4c6aec605fb348d4042baea571cd8ce003f04e5ad","c35c6370a9e993d82b4a9ef7d5ba37ebc5588d0659d95d8269d0e2b759933085","routeBlocksRemoved:1"
"gh-a0149z","3D Phase Topology over time in the brain imagined as Tensors in a high dimensional Taylor series.","pages/gh-a0149z.md","/v5ma.github.io/wiki/content/gh-a0149z.md","21588","21588","7fc77c79a79c475e0c2cdebf1e875fe179891903aa37e3ad4b2b58bc474dc4ce","7fc77c79a79c475e0c2cdebf1e875fe179891903aa37e3ad4b2b58bc474dc4ce",""
"gh-a0150z","Gh A0150Z","pages/gh-a0150z.md","/v5ma.github.io/wiki/content/gh-a0150z.md","20038","20038","8e8a963279c671893d48227092aa4f2ae0ad34b6138aafdfecacf3e36eddc92e","8e8a963279c671893d48227092aa4f2ae0ad34b6138aafdfecacf3e36eddc92e",""
"gh-a0151z","Gh A0151Z","pages/gh-a0151z.md","/v5ma.github.io/wiki/content/gh-a0151z.md","12968","12968","de0ea703cff466c61cfc74b574088976cf69b65486b6282735763e1adf9ef4b3","de0ea703cff466c61cfc74b574088976cf69b65486b6282735763e1adf9ef4b3",""
"gh-a0152z","Gh A0152Z","pages/gh-a0152z.md","/v5ma.github.io/wiki/content/gh-a0152z.md","1203","589","9f11ea5a829e6ecb6428f81e7035db2cc3a7802735bfc5f4ea38ec82963aa085","c739fa970783baf4dd554fd93cbbbeee84e954867f92e66e1ad4ab5662bdc7c9","routeBlocksRemoved:1"
"gh-a0153z","Gh A0153Z","pages/gh-a0153z.md","/v5ma.github.io/wiki/content/gh-a0153z.md","1841","1227","be5f5e1cec621195d1d9b6836fea6810813db96e30b225cdeb2b282b07d3f336","447ad8fa2f6d5d2ac8989bc02d914973faf54aa4fb602834e5f584e1e19c910c","routeBlocksRemoved:1"
"gh-a0154z","Gh A0154Z","pages/gh-a0154z.md","/v5ma.github.io/wiki/content/gh-a0154z.md","9171","9171","6faa939a03806d6d99c25a1a77da65d34b35266103a9fa9179bf9eb97866185e","6faa939a03806d6d99c25a1a77da65d34b35266103a9fa9179bf9eb97866185e",""
"gh-a0155z","Gh A0155Z","pages/gh-a0155z.md","/v5ma.github.io/wiki/content/gh-a0155z.md","3615","3615","e77f0f0d28b0fede64e92655b8fdd3c37d29a7f5a6a072d9872b009e6f099db2","e77f0f0d28b0fede64e92655b8fdd3c37d29a7f5a6a072d9872b009e6f099db2",""
"gh-a0156z","Gh A0156Z","pages/gh-a0156z.md","/v5ma.github.io/wiki/content/gh-a0156z.md","8261","7281","e36d60ade0f7658f16caa4acab70e305d6dcb28e6a42fa0101c07ddd85ec0ce3","43ed5c3ed7925c4a6a551ebb6557c8ada557b25d93a103fa0133da2bedfeb9da","routeBlocksRemoved:1"
"gh-a0157z","Gh A0157Z","pages/gh-a0157z.md","/v5ma.github.io/wiki/content/gh-a0157z.md","4433","3451","0c09d1fd4a865172e1a05b322f07f8541b834a5e4cbf4855ce6f858cdf400f9e","0e8df36687f7d3f9cb49955757b6758327fe005d0d69e1e9a60f4fdc7d618a22","routeBlocksRemoved:1"
"gh-a0158z","Gh A0158Z","pages/gh-a0158z.md","/v5ma.github.io/wiki/content/gh-a0158z.md","4742","3775","4b1be8147e1f8dc13daafb87338c575729eee18540a149ea7ffea0756f6130cf","bb8c6c3f1d711cd57ffd8d64ee9c485b72b41cf609e0eca2f62b66dbdaff77ca","routeBlocksRemoved:1"
"gh-a0159z","Gh A0159Z","pages/gh-a0159z.md","/v5ma.github.io/wiki/content/gh-a0159z.md","2945","2276","70a967afe3086168ce3d066efe3f4f51789fb8919eabe9635ed61f50b5db1dc2","4683a81c51019ba3b3bae52020659afa93ba89aa36a4181de3e1e402f52e2ae1","routeBlocksRemoved:1"
"gh-a0160z","Gh A0160Z","pages/gh-a0160z.md","/v5ma.github.io/wiki/content/gh-a0160z.md","3547","2906","140ad45f6292ddc81c0c750760ffc602bfba4c791025dc5190d1256b256c724c","f3c72515b127dc028c7f91b087b3c81d636c4247dc8c5157570e4583eef752c4","routeBlocksRemoved:1"
"gh-a0161z","Gh A0161Z","pages/gh-a0161z.md","/v5ma.github.io/wiki/content/gh-a0161z.md","2482","1500","eb5f824bd4a7d6e418bab52e82f873da3eda15036fa45d8e54a102575cfccfae","239f5c61e34285e5bc815311e7bc74c1d637eb27c25feaa0d8c18b5cfce58b72","routeBlocksRemoved:1"
"gh-a0162z","Gh A0162Z","pages/gh-a0162z.md","/v5ma.github.io/wiki/content/gh-a0162z.md","3075","2406","9ac3c1b9aafa7426c1f5344d0b313446f23bd2bc03a4880a13554880802dc457","8bca03bae918173bd0d06bf88f8123cc50719e09c5e18f81af1e2d56582d61e3","routeBlocksRemoved:1"
"gh-a0163z","Gh A0163Z","pages/gh-a0163z.md","/v5ma.github.io/wiki/content/gh-a0163z.md","2225","1611","ae7127a5e76c4e8f17878644d8e835f9eaa8b5bc8373ee81fae5debca1145913","014c49cf5352fd8cba84868cfcfbecf77a43e6e1cd55ac1c2ca493f00279b749","routeBlocksRemoved:1"
"gh-a0164z","Gh A0164Z","pages/gh-a0164z.md","/v5ma.github.io/wiki/content/gh-a0164z.md","1479","1479","d8673a0382e2a4f57ad586df048d5f4967c76d529f86612ce60e0b15bbc2e984","d8673a0382e2a4f57ad586df048d5f4967c76d529f86612ce60e0b15bbc2e984",""
"gh-a0165z","Gh A0165Z","pages/gh-a0165z.md","/v5ma.github.io/wiki/content/gh-a0165z.md","13563","13563","aac3b7c01ba2e5a3f6d7d213196222dcbf93474607502a729ee931cf2772f5f4","aac3b7c01ba2e5a3f6d7d213196222dcbf93474607502a729ee931cf2772f5f4",""
"gh-a0166z","Gh A0166Z","pages/gh-a0166z.md","/v5ma.github.io/wiki/content/gh-a0166z.md","1893","1893","251eb4849cfc95b02567414c05a0e749eb41cce30d5c4c8b8dfdee961f22d002","251eb4849cfc95b02567414c05a0e749eb41cce30d5c4c8b8dfdee961f22d002",""
"gh-a0167z","Gh A0167Z","pages/gh-a0167z.md","/v5ma.github.io/wiki/content/gh-a0167z.md","769","769","59ccb82606a3c0834045668443c5df30e803f15ec045496237563b2ede171310","59ccb82606a3c0834045668443c5df30e803f15ec045496237563b2ede171310",""
"gh-a0168z","Gh A0168Z","pages/gh-a0168z.md","/v5ma.github.io/wiki/content/gh-a0168z.md","1418","804","c960d764f594d4394ff0369b7858d3413a65384895fb2acc855ecdd74f00b07e","3986f700ccaf890416c813c82cba90dc223ddea58cfdce2d5c2edd33e723ef42","routeBlocksRemoved:1"
"gh-a0169z","Gh A0169Z","pages/gh-a0169z.md","/v5ma.github.io/wiki/content/gh-a0169z.md","2074","1460","7a64e0a9152d181b11869741d98f74a76598506b2a918c9b44f501bd27ec9771","b2f34e1f2c76caea7bda0f610fb0c940dece372badbd224d20fa5818dd4b1118","routeBlocksRemoved:1"
"gh-a0170z","Gh A0170Z","pages/gh-a0170z.md","/v5ma.github.io/wiki/content/gh-a0170z.md","5664","5664","cbcfa75458527e44d48434fd9863c72a948022e5ad7c5ee7faae67a3daf9b953","cbcfa75458527e44d48434fd9863c72a948022e5ad7c5ee7faae67a3daf9b953",""
"gh-a0171z","Gh A0171Z","pages/gh-a0171z.md","/v5ma.github.io/wiki/content/gh-a0171z.md","2061","2061","c01abacf1e17a7f8eda20a4ffa2f046206273bb5c2d0e5efcb1382d0d57a11af","c01abacf1e17a7f8eda20a4ffa2f046206273bb5c2d0e5efcb1382d0d57a11af",""
"gh-a0172z","Gh A0172Z","pages/gh-a0172z.md","/v5ma.github.io/wiki/content/gh-a0172z.md","2912","1931","c677d8657b248301275be232bc7edc26989cb0f44a8b59c2dcf3a8c9c836b6f9","eccd1cd1c83acbc86ba3cf9a647d0792058d0bf11394f451756a2ea971ed408a","routeBlocksRemoved:1"
"gh-a0173z","Gh A0173Z","pages/gh-a0173z.md","/v5ma.github.io/wiki/content/gh-a0173z.md","1445","794","dece8e19b593c156e21840406d8f0cbed57d11c0793b4c068f358dfb9078995e","2fef1dbc8918efde98cec7f855ac469497280d2e833e8badad9c85d1b9ba186d","routeBlocksRemoved:1"
"gh-a0174z","Gh A0174Z","pages/gh-a0174z.md","/v5ma.github.io/wiki/content/gh-a0174z.md","1190","576","78e878fd8df6276a8008a332db249f357f627d599828ca0b3da52335bfbfe13f","82db118cdce9627b6dc8e3104b8b55a7201813173dc29688543da6fd56617303","routeBlocksRemoved:1"
"gh-a0175z","Gh A0175Z","pages/gh-a0175z.md","/v5ma.github.io/wiki/content/gh-a0175z.md","1968","1317","b280d004be3f9b83b50232f12e0cf8648a77d35308020008e0b9ae35deffecde","b066e60ef4d0ad32e333735732bb8a8524aa3d0b4365ab91f7ece483dc149cdb","routeBlocksRemoved:1"
"gh-a0176z","Gh A0176Z","pages/gh-a0176z.md","/v5ma.github.io/wiki/content/gh-a0176z.md","3388","2774","80521163152348faec09d2b432520636ecc71b374e06820524d10d2cc71554f3","7e130662efbd79cd33e9021b591dcd422d91a3be74a07eb64e5037a6edc2bde3","routeBlocksRemoved:1"
"gh-a0177z","My Model of a Neuron: Soliton + Hodgkin-Huxley (a0177z)","pages/gh-a0177z.md","/v5ma.github.io/wiki/content/gh-a0177z.md","4566","3584","06e02b4130980e93da0b89d61d4cb44335f6ff7b3e1b927d7a8a92f738a33026","399072de950435e31368691b621f777362f16ec43654f36146305ff4b9c8eb82","routeBlocksRemoved:1"
"gh-a0178z","Gh A0178Z","pages/gh-a0178z.md","/v5ma.github.io/wiki/content/gh-a0178z.md","3410","2428","97e8c146c6248d3bda617449163c685c304c7a5b8d9a73492acb07520612da49","7b0b0635a447e85e89a2f2253174c4cdca29228f3e055197547c5dae1599bc04","routeBlocksRemoved:1"
"gh-a0179z","Gh A0179Z","pages/gh-a0179z.md","/v5ma.github.io/wiki/content/gh-a0179z.md","7096","7096","4e7d5e6b55975a8867390b5481f67a5100dd14ef3e466bc9a450532587d9abdf","4e7d5e6b55975a8867390b5481f67a5100dd14ef3e466bc9a450532587d9abdf",""
"gh-a0180z","Gh A0180Z","pages/gh-a0180z.md","/v5ma.github.io/wiki/content/gh-a0180z.md","1286","1286","8275c41c970dd243884c0de68183e8f731e7ae672e61f373c5ff4c2f0d79f1fe","8275c41c970dd243884c0de68183e8f731e7ae672e61f373c5ff4c2f0d79f1fe",""
"gh-a0181z","Gh A0181Z","pages/gh-a0181z.md","/v5ma.github.io/wiki/content/gh-a0181z.md","4269","3618","a5459458e485ead4114f96c45b58f6185a3daf1c9db95cd6df9b4ac7af74b42b","428bc080593368589ae5e5079754687cb558cf3a2825be5a5d53cd1f99ece4c4","routeBlocksRemoved:1"
"gh-a0182z","Gh A0182Z","pages/gh-a0182z.md","/v5ma.github.io/wiki/content/gh-a0182z.md","1209","558","dd7479179a87e3092626eb6e44e4938e22694fed7507d11da578a546db192c9d","9a2c1a74caee6175e9e47bc8ce10dc0a9a9015ea40aa819c6cf2f17bd95341b3","routeBlocksRemoved:1"
"gh-a0183z","Gh A0183Z","pages/gh-a0183z.md","/v5ma.github.io/wiki/content/gh-a0183z.md","3130","2148","eb6baa817584b5b5a39d33f6bd1418fc540e8a7a5c3822212d2336022c5d71ad","e8fc68883ed85d919a7298f7409ba682eb1012dd3822cdea1871d7061955d98d","routeBlocksRemoved:1"
"gh-a0184z","Gh A0184Z","pages/gh-a0184z.md","/v5ma.github.io/wiki/content/gh-a0184z.md","9394","9394","13e9cdba20372c90abb7d7cd8b3e28f8899cf3f677ebc62b2675b1e9f7f378a9","13e9cdba20372c90abb7d7cd8b3e28f8899cf3f677ebc62b2675b1e9f7f378a9",""
"gh-a0185z","Gh A0185Z","pages/gh-a0185z.md","/v5ma.github.io/wiki/content/gh-a0185z.md","9783","9783","e49d05aa7dbedd6108ec0828b9a4283257e58a1b7f87f0176a08505aae357df8","e49d05aa7dbedd6108ec0828b9a4283257e58a1b7f87f0176a08505aae357df8",""
"gh-a0186z","Gh A0186Z","pages/gh-a0186z.md","/v5ma.github.io/wiki/content/gh-a0186z.md","7086","7086","0cfdbd9c1d540d5896049a4883ec79851cf9e2d2dd8f2edb48a48f3187b5488e","0cfdbd9c1d540d5896049a4883ec79851cf9e2d2dd8f2edb48a48f3187b5488e",""
"gh-a0187z","Gh A0187Z","pages/gh-a0187z.md","/v5ma.github.io/wiki/content/gh-a0187z.md","3490","2849","9eb3f74f6a26267f9d506be16924dcfde392c3ea88914f3355aa4a568bfd3790","9818311dba37ec627dbd0c730af36178cb9753cd50852066a6dbe4c0756e0338","routeBlocksRemoved:1"
"gh-a0188z","Gh A0188Z","pages/gh-a0188z.md","/v5ma.github.io/wiki/content/gh-a0188z.md","879","879","073dff3d5124bfb9007c1101b4794051da95e18f1cca1d9695a249ebac6053fb","073dff3d5124bfb9007c1101b4794051da95e18f1cca1d9695a249ebac6053fb",""
"gh-a0189z","Gh A0189Z","pages/gh-a0189z.md","/v5ma.github.io/wiki/content/gh-a0189z.md","2766","2766","d630ee715dba5168ff1869fbb8c755b9481e82e7bacd0e4d2501f8f4ed9fe7e2","d630ee715dba5168ff1869fbb8c755b9481e82e7bacd0e4d2501f8f4ed9fe7e2",""
"gh-a0190z","Gh A0190Z","pages/gh-a0190z.md","/v5ma.github.io/wiki/content/gh-a0190z.md","3116","2134","44960ec02d295d1cd68705b82d13c9e339c1954f6f42aca27ce520edf76ddbe2","3d40c53494e9c36dba0f1157b37b060c4f8dcbd56a6db1c4ac55a97c598d138a","routeBlocksRemoved:1"
"gh-a0191z","Gh A0191Z","pages/gh-a0191z.md","/v5ma.github.io/wiki/content/gh-a0191z.md","21152","21152","ef48a7838b69259cbd1121a386c9ed4000391a284689be6b600edb613eb83b14","ef48a7838b69259cbd1121a386c9ed4000391a284689be6b600edb613eb83b14",""
"gh-a0192z","Gh A0192Z","pages/gh-a0192z.md","/v5ma.github.io/wiki/content/gh-a0192z.md","3400","2418","2ed6125f28478e68579271441b7c2c91390c7e482519e239a75389514df26724","c6aa6c07829fb42fd50e8d8aa881ceb4cfea335b912e22c4b2ddc73603269c93","routeBlocksRemoved:1"
"gh-a0193z","Gh A0193Z","pages/gh-a0193z.md","/v5ma.github.io/wiki/content/gh-a0193z.md","1356","1356","6b117f8f27e7bf503d462c9fb0e4c6a54b441744a7402bf6f4527576d8b8552e","6b117f8f27e7bf503d462c9fb0e4c6a54b441744a7402bf6f4527576d8b8552e",""
"gh-a0194z","Gh A0194Z","pages/gh-a0194z.md","/v5ma.github.io/wiki/content/gh-a0194z.md","5115","5115","b1dffe05b26a74f2636929d096410edf56e9219b36e7fe2677432fb73c675468","b1dffe05b26a74f2636929d096410edf56e9219b36e7fe2677432fb73c675468",""
"gh-a0195z","Gh A0195Z","pages/gh-a0195z.md","/v5ma.github.io/wiki/content/gh-a0195z.md","2694","1684","3447935b528e8d363ff1c748ff1f73bdee8ef026fdcd6bfe54ef76a707657ba7","10215f2f61f607d7c239035c94f2edff4d1520e50e3c0b5796eb7bcf33fcc03a","routeBlocksRemoved:1"
"gh-a0196z","""Metastable Oscillatory Modes emerge from synchronization in the Brain Spacetime Connectome""","pages/gh-a0196z.md","/v5ma.github.io/wiki/content/gh-a0196z.md","5025","4044","66199631e1dee7ab10c4594f94fa437fa09736b124f71c6c240ae21fb4900d22","2fee4f6bac2d44061fc750d6184d6dece30eb422f1e301cff1da24dbb745254d","routeBlocksRemoved:1"
"gh-a0197z","Gh A0197Z","pages/gh-a0197z.md","/v5ma.github.io/wiki/content/gh-a0197z.md","2261","1620","6127cd307384ab10cbac789615e137078d97e1dfe3f0a1e767d331b9b670f163","3856547ad750aaf69a65efad838715b98f21a8c2875c526397faf171cda018b0","routeBlocksRemoved:1"
"gh-a0198z","""High Variability Periods in the EEG: A New Temporal Metric that Reflects Brain States","pages/gh-a0198z.md","/v5ma.github.io/wiki/content/gh-a0198z.md","6900","6900","6f909eba863ae03e6dece0658fe8e5a68ba9a9d2712619d56441f4419c23c78f","6f909eba863ae03e6dece0658fe8e5a68ba9a9d2712619d56441f4419c23c78f",""
"gh-a0199z","Gh A0199Z","pages/gh-a0199z.md","/v5ma.github.io/wiki/content/gh-a0199z.md","4526","4526","98494c26ab1a5e1a3b37ef105637bb8216a7b0052f374b340565e308953e13aa","98494c26ab1a5e1a3b37ef105637bb8216a7b0052f374b340565e308953e13aa",""
"gh-a0200z","Gh A0200Z","pages/gh-a0200z.md","/v5ma.github.io/wiki/content/gh-a0200z.md","3545","2535","340dc4318a6ddc5dda95d5d26dba556ec22b6e8c0f55a1dc7ad95b6c82cd8362","ac9c0dbe6f6fb52f44611008d992ec618fdcab33a61d11f03ec546a231b09b5d","routeBlocksRemoved:1"
"gh-a0201z","Gh A0201Z","pages/gh-a0201z.md","/v5ma.github.io/wiki/content/gh-a0201z.md","2028","1387","7bfdeebf7cc07d4c88b38e93f4d7330a6ce0123fe59389ee50a30ebf7f644e1c","1a7f9eeb5bdef3d0a7f081fdb212f1d2e2b66c34ab0b509ab734d070bd25eb74","routeBlocksRemoved:1"
"gh-a0202z","Gh A0202Z","pages/gh-a0202z.md","/v5ma.github.io/wiki/content/gh-a0202z.md","2110","1469","a85fc1c6c1d41e52a3cb7a9cc93e1ad4bbcfe7f604d18d6be325942e69206737","3169b9b7378f3b662b5c500f5ffa3cce4f5f165db6e00abeb8472afc386090fc","routeBlocksRemoved:1"
"gh-a0203z","Gh A0203Z","pages/gh-a0203z.md","/v5ma.github.io/wiki/content/gh-a0203z.md","3497","2883","43a6e22f82b7a8c741dda261f9ab2fab58f9c2ebc87fddb5ffded206568c7858","b774226c46cfed94394b58a289a6511e6a265d7047d82d52f6683dede378255f","routeBlocksRemoved:1"
"gh-a0204z","Gh A0204Z","pages/gh-a0204z.md","/v5ma.github.io/wiki/content/gh-a0204z.md","11922","11922","0f6d4902810225dc10440c6339dabf6428b7f356664aa04d0bb0919c82d7a95c","0f6d4902810225dc10440c6339dabf6428b7f356664aa04d0bb0919c82d7a95c",""
"gh-a0205z","Gh A0205Z","pages/gh-a0205z.md","/v5ma.github.io/wiki/content/gh-a0205z.md","2383","1769","e498865f37788b9b8d839b0c15ae1df5bab79c55c4692156e330b2b6c51be6cd","a0d30ba9b48fc5baa83eeb4f4cb79468c1fe324a6bdb3469d3c3193062d03fd2","routeBlocksRemoved:1"
"gh-a0206z","self","pages/gh-a0206z.md","/v5ma.github.io/wiki/content/gh-a0206z.md","12847","12847","d981b90f83768e22b98809d484aabd3b99394d3fd3b2a276162d7c19a92784a2","d981b90f83768e22b98809d484aabd3b99394d3fd3b2a276162d7c19a92784a2",""
"gh-a0207z","Gh A0207Z","pages/gh-a0207z.md","/v5ma.github.io/wiki/content/gh-a0207z.md","2767","2767","2b2f942d8f9a3b498a11054eb8a7a2c1257660c544597d987e001969cd7ad95c","2b2f942d8f9a3b498a11054eb8a7a2c1257660c544597d987e001969cd7ad95c",""
"gh-a0208z","Gh A0208Z","pages/gh-a0208z.md","/v5ma.github.io/wiki/content/gh-a0208z.md","4383","3366","d106a1378b3e1a2aeba0db7fe303f8b4f393dcf7be4b37998f7a029e58bd41ca","0ca6faffe34355ac67b68b951a23c26f811897d13b4ab1f9301d91c32536f783","routeBlocksRemoved:1"
"gh-a0209z","Gh A0209Z","pages/gh-a0209z.md","/v5ma.github.io/wiki/content/gh-a0209z.md","25381","25381","59971e23ed8cf5e827f90ba0bb93ea6c8ec7627e43cd5292a04b6291e90e3e28","59971e23ed8cf5e827f90ba0bb93ea6c8ec7627e43cd5292a04b6291e90e3e28",""
"gh-a0210z","Gh A0210Z","pages/gh-a0210z.md","/v5ma.github.io/wiki/content/gh-a0210z.md","7290","7290","dd479d6c4c36b4903282a8300387dcbbb339ead5bffacbc4055c6134b40a5d78","dd479d6c4c36b4903282a8300387dcbbb339ead5bffacbc4055c6134b40a5d78",""
"gh-a0211z","Gh A0211Z","pages/gh-a0211z.md","/v5ma.github.io/wiki/content/gh-a0211z.md","6545","5563","33f144abf2d454c5ad48b21c7879ea262e711cee4458412bdfcc636e0936dc57","652effc5ffe3a23de6bf349732aceaa48caad7d1dd05d28e0a15413b214d4a6f","routeBlocksRemoved:1"
"gh-a0212z","Gh A0212Z","pages/gh-a0212z.md","/v5ma.github.io/wiki/content/gh-a0212z.md","1364","723","001ab8d4ec8d2c9c5ca3c9dbe72feeab5ee564263081362ccaf9476033bc47a9","d4af305a337cc23e1ea1da4a0e536449348fc1a54fc914068bedd7307c5bc312","routeBlocksRemoved:1"
"gh-a0213z","a0213z.clusters","pages/gh-a0213z.md","/v5ma.github.io/wiki/content/gh-a0213z.md","8200","8200","2da47b4b221deb7b3d5b1f4c15ce1e362d2d04bdb3bc85e9d411ef3584e6e34d","2da47b4b221deb7b3d5b1f4c15ce1e362d2d04bdb3bc85e9d411ef3584e6e34d",""
"gh-a0214z","Gh A0214Z","pages/gh-a0214z.md","/v5ma.github.io/wiki/content/gh-a0214z.md","70985","70985","7aa2f176fdb90de08ec54c02ec0088588ecb35d3393b39584affd5a355c6f484","7aa2f176fdb90de08ec54c02ec0088588ecb35d3393b39584affd5a355c6f484",""
"gh-a0215z","Gh A0215Z","pages/gh-a0215z.md","/v5ma.github.io/wiki/content/gh-a0215z.md","1310","1310","8694a8c2134b5d72a95b0930d837d0e964c9244500a90f9c58d8014bb21cf328","8694a8c2134b5d72a95b0930d837d0e964c9244500a90f9c58d8014bb21cf328",""
"gh-a0216z","Gh A0216Z","pages/gh-a0216z.md","/v5ma.github.io/wiki/content/gh-a0216z.md","3120","2123","2266dcadfd2eddcd74eae8cf2305e87d6081930af6eaa57a25831a0785801958","f18c62127215c7df09cd180445510644f7d37259292878d10f347a50ee762b3b","routeBlocksRemoved:1"
"gh-a0217z","Gh A0217Z","pages/gh-a0217z.md","/v5ma.github.io/wiki/content/gh-a0217z.md","2656","2656","58e7a7cf6394cccaf7dd2b47cebb6f0577b52c948291c0c09ac486f7724f8e4e","58e7a7cf6394cccaf7dd2b47cebb6f0577b52c948291c0c09ac486f7724f8e4e",""
"gh-a0218z","Gh A0218Z","pages/gh-a0218z.md","/v5ma.github.io/wiki/content/gh-a0218z.md","2463","1849","572e889419de8d6556ab28524e16b4e5d9f9576c7cf57da73bb39dde8eae91ad","a799db48cccbaf78748bb86ce2d1359b9ea43bf27ada8c646baa80552608940f","routeBlocksRemoved:1"
"gh-a0219z","Gh A0219Z","pages/gh-a0219z.md","/v5ma.github.io/wiki/content/gh-a0219z.md","1949","1243","ced46293172e3219e2a4dcff2a91307a0bf9cd34bf5911c4e0f6567dd796ff12","15c166b5a91b0f5f3c843e279f2d2273db47d5773b34c273aa9cf6e499f7a93c","routeBlocksRemoved:1"
"gh-a0220z","Gh A0220Z","pages/gh-a0220z.md","/v5ma.github.io/wiki/content/gh-a0220z.md","30518","30518","017bcf55ea4baf978f24109662f53d1404f2bd3c534e5b17ee4d6711e3285322","017bcf55ea4baf978f24109662f53d1404f2bd3c534e5b17ee4d6711e3285322",""
"gh-a0221z","Gh A0221Z","pages/gh-a0221z.md","/v5ma.github.io/wiki/content/gh-a0221z.md","12869","12869","66873461b266519435a4d2e45e1006b7e32fd2dfbc3cfa81406b283ce0e97469","66873461b266519435a4d2e45e1006b7e32fd2dfbc3cfa81406b283ce0e97469",""
"gh-a0222z","Gh A0222Z","pages/gh-a0222z.md","/v5ma.github.io/wiki/content/gh-a0222z.md","32973","32973","1541706c47a8aedf2d6e58c7e3beb3a4e5ab10524a2793448ee5794b12394fa0","1541706c47a8aedf2d6e58c7e3beb3a4e5ab10524a2793448ee5794b12394fa0",""
"gh-a0223z","Gh A0223Z","pages/gh-a0223z.md","/v5ma.github.io/wiki/content/gh-a0223z.md","10221","10221","f423f85cafa5a6b35a424f289d62272fdf65f4e7bce7d416c9540d2b038a8e6f","f423f85cafa5a6b35a424f289d62272fdf65f4e7bce7d416c9540d2b038a8e6f",""
"gh-a0224z","Gh A0224Z","pages/gh-a0224z.md","/v5ma.github.io/wiki/content/gh-a0224z.md","3173","3173","256a11615d080cb20029ea758813895c9fa74b6dd325bdb1e92e3c6b005e0b3d","256a11615d080cb20029ea758813895c9fa74b6dd325bdb1e92e3c6b005e0b3d",""
"gh-a0225z","Gh A0225Z","pages/gh-a0225z.md","/v5ma.github.io/wiki/content/gh-a0225z.md","5145","5145","5a507275a1836494a722b88c65e0a722cc0fa21b77e7d76b12106e1af920978c","5a507275a1836494a722b88c65e0a722cc0fa21b77e7d76b12106e1af920978c",""
"gh-a0226z","Gh A0226Z","pages/gh-a0226z.md","/v5ma.github.io/wiki/content/gh-a0226z.md","3287","2289","1cfaf0576b8b26aab619671a207f418ea04a1861908a0b094dee2305662e65e0","5982986cac32b974f5591a52c2170ebcd92cd9380975ee7537afccd1fa4a4e6e","routeBlocksRemoved:1"
"gh-a0227z","Gh A0227Z","pages/gh-a0227z.md","/v5ma.github.io/wiki/content/gh-a0227z.md","7964","7964","9e22c1914ace3456ab1f2421e3bfce5c8a50b862f49cd347edb2e45b0bffb8bd","9e22c1914ace3456ab1f2421e3bfce5c8a50b862f49cd347edb2e45b0bffb8bd",""
"gh-a0228z","Gh A0228Z","pages/gh-a0228z.md","/v5ma.github.io/wiki/content/gh-a0228z.md","5440","4458","9f1e966e317231c8d32377064ac9084f0610cc68e8e22ea87b8fb432c4509056","12b38aec5aa62038901c980167dfb47ea0fcc3e9b40937f3bcdeb9ece9d00db7","routeBlocksRemoved:1"
"gh-a0229z","Gh A0229Z","pages/gh-a0229z.md","/v5ma.github.io/wiki/content/gh-a0229z.md","916","916","6ab06b007eed7df430f4fbfb04cac4387a28b838b217b5505688bcfec32cfff3","6ab06b007eed7df430f4fbfb04cac4387a28b838b217b5505688bcfec32cfff3",""
"gh-a0230z","Gh A0230Z","pages/gh-a0230z.md","/v5ma.github.io/wiki/content/gh-a0230z.md","1687","1687","3054db4c08f8d518f8d4ecdbbe0ae92f295a96101fe6b7e379d949a0f203ad0b","3054db4c08f8d518f8d4ecdbbe0ae92f295a96101fe6b7e379d949a0f203ad0b",""
"gh-a0231z","there were two presenters (referenced in note b0067y)","pages/gh-a0231z.md","/v5ma.github.io/wiki/content/gh-a0231z.md","3917","3917","af7780fc917b64723a8cbbfc42dbb44142f5ab4cedf4b777f930a08cff5151f6","af7780fc917b64723a8cbbfc42dbb44142f5ab4cedf4b777f930a08cff5151f6",""
"gh-a0232z","tcells immune pain lief","pages/gh-a0232z.md","/v5ma.github.io/wiki/content/gh-a0232z.md","5568","5568","4a1aaff8da64e2ac733818b062aa9b72e1e2e3791a19c7fb9801b341659fda51","4a1aaff8da64e2ac733818b062aa9b72e1e2e3791a19c7fb9801b341659fda51",""
"gh-a0233z","""Efficacy and safety of HD-tDCS and respiratory rehabilitation for critically ill patients with COVID-19 The HD-RECOVERY randomized clinical trial""","pages/gh-a0233z.md","/v5ma.github.io/wiki/content/gh-a0233z.md","6095","5113","dc594fba507b85c81dd235a9ded7d59113d309462954f68929b433be90f55d83","c5b91c649831481698ad2437ff0ee1f1f843d00c170cc20a93f681f08d502b29","routeBlocksRemoved:1"
"gh-a0234z","Gh A0234Z","pages/gh-a0234z.md","/v5ma.github.io/wiki/content/gh-a0234z.md","6316","6316","d4c969928b06d0f77b664c36aa66ce070e31c930c836c6809b11b8819a21cd66","d4c969928b06d0f77b664c36aa66ce070e31c930c836c6809b11b8819a21cd66",""
"gh-a0235z","Gh A0235Z","pages/gh-a0235z.md","/v5ma.github.io/wiki/content/gh-a0235z.md","2512","1264","61eb14cd7c8de56bed92ef9b5d3279747427c50e6687e61a9ccd02fe3607c48e","dd85d001037e00a59e117277b0cc3864e6d42e19af26f8f54b2853c4c2feb1be","routeBlocksRemoved:1"
"gh-a0236z","Gh A0236Z","pages/gh-a0236z.md","/v5ma.github.io/wiki/content/gh-a0236z.md","2709","1742","3e657fd84859cdb893e1b3d75476589f41035fc53b7969c15bb71226088f02f9","cd75d4b9f49c29e3bbad05f7f87ca228ab69530f4b6363eeff3885cbb61de034","routeBlocksRemoved:1"
"gh-a0237z","Gh A0237Z","pages/gh-a0237z.md","/v5ma.github.io/wiki/content/gh-a0237z.md","2871","1892","e53845f029dfed382fd66f31e07b2f0d559e83240a1bb4fd226608963cd3a637","76530efeb948bfc452005eb278ec0d9b6e6e621bd7f7550ec588b0adfc81b44f","routeBlocksRemoved:1"
"gh-a0238z","The human mind is an Entified Tensor Field.","pages/gh-a0238z.md","/v5ma.github.io/wiki/content/gh-a0238z.md","8212","8212","038e1234d2c28d7b48b5397732268ef1bbc3c1f58708ee93153960e0bbf9a663","038e1234d2c28d7b48b5397732268ef1bbc3c1f58708ee93153960e0bbf9a663",""
"gh-a0239z","Gh A0239Z","pages/gh-a0239z.md","/v5ma.github.io/wiki/content/gh-a0239z.md","10195","10195","c06c97d4b3d1a61aff3f74e824fb1c7ed8186be2e476f540dbdfd28a9d58be47","c06c97d4b3d1a61aff3f74e824fb1c7ed8186be2e476f540dbdfd28a9d58be47",""
"gh-a0240z","Gh A0240Z","pages/gh-a0240z.md","/v5ma.github.io/wiki/content/gh-a0240z.md","4200","4200","0c60aae4020ee9f6abd24e716350ef89bfeb304985f257c868ca40a1dd98b42c","0c60aae4020ee9f6abd24e716350ef89bfeb304985f257c868ca40a1dd98b42c",""
"gh-a0241z","Gh A0241Z","pages/gh-a0241z.md","/v5ma.github.io/wiki/content/gh-a0241z.md","1653","1039","87bbd1592e62bd60ddcde19b40a5e52b465fc4906e62fd2eb5a6f341e89fabf4","51bb6fcef7634d7d5b9f88ecd17e6f5738a52bca52af2171f7641981c3b72371","routeBlocksRemoved:1"
"gh-a0242z","Gh A0242Z","pages/gh-a0242z.md","/v5ma.github.io/wiki/content/gh-a0242z.md","2877","2877","f26f0f15c85434db12975560535efc513c4d1a9145db0a9b70801f63271cbbc7","f26f0f15c85434db12975560535efc513c4d1a9145db0a9b70801f63271cbbc7",""
"gh-a0244z","Gh A0244Z","pages/gh-a0244z.md","/v5ma.github.io/wiki/content/gh-a0244z.md","3758","2776","fe7438902b1760ae3808b9870fe16aec8d701def92da768388288ceeb677f403","d9d4c1e805bfb60181ed399f980825598aac3b4f25473361951612afbde997de","routeBlocksRemoved:1"
"gh-a0245z","Gh A0245Z","pages/gh-a0245z.md","/v5ma.github.io/wiki/content/gh-a0245z.md","1932","1932","9529bfa3609f46242caf0293c5958d655bdf0216b3b701ce8dfab411c33e7e2a","9529bfa3609f46242caf0293c5958d655bdf0216b3b701ce8dfab411c33e7e2a",""
"gh-a0246z","Gh A0246Z","pages/gh-a0246z.md","/v5ma.github.io/wiki/content/gh-a0246z.md","2268","1627","6c2b44ca5e143b5da1bfc37b0ab4984e2dccde93e666b7eec14a4be58ceaa2b8","f2944f885ca9e71e584372225bd322e9bbaf2e4d488d05784da9b367c1f4bb53","routeBlocksRemoved:1"
"gh-a0247z","Gh A0247Z","pages/gh-a0247z.md","/v5ma.github.io/wiki/content/gh-a0247z.md","861","861","5d2e3feafb2d720d6c029d23dde58bbca379dd43ec96e0f7e4c511db11aaf524","5d2e3feafb2d720d6c029d23dde58bbca379dd43ec96e0f7e4c511db11aaf524",""
"gh-a0248z","Gh A0248Z","pages/gh-a0248z.md","/v5ma.github.io/wiki/content/gh-a0248z.md","808","808","118649bd66acdf6478cd1ebe4846f083b3fbbd5597082157796637233cc807e6","118649bd66acdf6478cd1ebe4846f083b3fbbd5597082157796637233cc807e6",""
"gh-a0249z","Gh A0249Z","pages/gh-a0249z.md","/v5ma.github.io/wiki/content/gh-a0249z.md","12360","12360","fd085e033ced693f5321fcc3bbf8aa066a3fe4ec6bac96bc3ee2f66b22cf7c74","fd085e033ced693f5321fcc3bbf8aa066a3fe4ec6bac96bc3ee2f66b22cf7c74",""
"gh-a0250z","Gh A0250Z","pages/gh-a0250z.md","/v5ma.github.io/wiki/content/gh-a0250z.md","19916","19916","7387b5e274cec64f26bb40ae63307c5f22bb239c2a0e4e0c9e8075eb661d0e25","7387b5e274cec64f26bb40ae63307c5f22bb239c2a0e4e0c9e8075eb661d0e25",""
"gh-a0251z","Gh A0251Z","pages/gh-a0251z.md","/v5ma.github.io/wiki/content/gh-a0251z.md","2767","2153","a7963310395960c200257d750dbcba2713e6ce7518919c4535107dc834e41067","db835b6d3269e34c256eda7dbfa661c4e23436eb539909bc10bf62980d2c1b72","routeBlocksRemoved:1"
"gh-a0252z","Gh A0252Z","pages/gh-a0252z.md","/v5ma.github.io/wiki/content/gh-a0252z.md","773","773","7c8afa4df58e8f29a93f96e6215751ae06adbcc0b8a82b9d1f9e512379ac9058","7c8afa4df58e8f29a93f96e6215751ae06adbcc0b8a82b9d1f9e512379ac9058",""
"gh-a0253z","Researchers have created New Phase of matter- Time crystal","pages/gh-a0253z.md","/v5ma.github.io/wiki/content/gh-a0253z.md","7188","6188","062402fe08989a5d3671ee57048c76cc91117612c3c02dcf6bd33680ff00ae15","90ad972c372f470454e3079c96d64fc88a711bec642bb6afdded82f946d167dc","routeBlocksRemoved:1"
"gh-a0254z","Gh A0254Z","pages/gh-a0254z.md","/v5ma.github.io/wiki/content/gh-a0254z.md","26820","26820","14613453e9ac396332e82896388723ffc6a34a97109df639f16aafcefe0ec423","14613453e9ac396332e82896388723ffc6a34a97109df639f16aafcefe0ec423",""
"gh-a0255z","Gh A0255Z","pages/gh-a0255z.md","/v5ma.github.io/wiki/content/gh-a0255z.md","2080","1466","52fc136c48eeac007d8e66eba5a0f17c2532a33e1b944f6b7031afbe10c6ffff","93cb3265e8c3f675f13244e27bbff14afb1a1c1e8a8cd0a2c287d6b69c937a3e","routeBlocksRemoved:1"
"gh-a0256z","Gh A0256Z","pages/gh-a0256z.md","/v5ma.github.io/wiki/content/gh-a0256z.md","3716","2707","93320f29268258a27607f1b85ef867b86b6f25e3bb78e85527d0504c7f606b43","dd58f38ff64d9efbc12a260316f1dc1558071408f0fb9e7b5fddf417cfbaf31c","routeBlocksRemoved:1"
"gh-a0257z","Gh A0257Z","pages/gh-a0257z.md","/v5ma.github.io/wiki/content/gh-a0257z.md","19091","19091","d55e5c26f1d5a75c3660f1e358c95ccffbf0250fd372ac67c95fc18a6a95b59d","d55e5c26f1d5a75c3660f1e358c95ccffbf0250fd372ac67c95fc18a6a95b59d",""
"gh-a0258z","""Cross-attractor repertoire provides new perspective on structure-function relationship in the brain""","pages/gh-a0258z.md","/v5ma.github.io/wiki/content/gh-a0258z.md","13362","12694","78229d85bc5a423c7d4a7b8b47500264e3c2261d5365116c931454298d3ba8c9","1b990f6f9c0b9179ab32f5d929e7e789284a5782186aff2e3a7c2906a79e5097","routeBlocksRemoved:1"
"gh-a0259z","Gh A0259Z","pages/gh-a0259z.md","/v5ma.github.io/wiki/content/gh-a0259z.md","1378","1378","5b9a69f7c2d8c9fb26a1be20a6c0c85add2ea538c2ff4d4cbd445d6513b49a47","5b9a69f7c2d8c9fb26a1be20a6c0c85add2ea538c2ff4d4cbd445d6513b49a47",""
"gh-a0260z","Gh A0260Z","pages/gh-a0260z.md","/v5ma.github.io/wiki/content/gh-a0260z.md","2935","2294","e0cefd2f633da5b01d83a151396e0b12f4125a1259d034aeabb062afb3150210","07810b68266b6c92f42659801a28ccdffbc8ed5d613b340d2ffc27a46efcab59","routeBlocksRemoved:1"
"gh-a0261z","Gh A0261Z","pages/gh-a0261z.md","/v5ma.github.io/wiki/content/gh-a0261z.md","1959","1959","6a6af49cd29f7dcd7fba7e3bedf8af27af916879f216a40b9391b3b65f42927b","6a6af49cd29f7dcd7fba7e3bedf8af27af916879f216a40b9391b3b65f42927b",""
"gh-a0262z","Gh A0262Z","pages/gh-a0262z.md","/v5ma.github.io/wiki/content/gh-a0262z.md","2685","1718","7b8130996ee0259201b99d71e449684a8f5f0b2baa75bd19bb5521f35a259644","18203b8b0f3ab605943cf60b8a7ed6220487366effcd5b23c8ee45de21e53862","routeBlocksRemoved:1"
"gh-a0263z","Gh A0263Z","pages/gh-a0263z.md","/v5ma.github.io/wiki/content/gh-a0263z.md","3332","3332","7f600e0f43eec45f3a99826f057a3003a2ba7229e67e284a798f131715192d0e","7f600e0f43eec45f3a99826f057a3003a2ba7229e67e284a798f131715192d0e",""
"gh-a0264z","Gh A0264Z","pages/gh-a0264z.md","/v5ma.github.io/wiki/content/gh-a0264z.md","16520","16520","1ddecb1f0137281b98a956357af375e21c7e642b321c8473486bddcb3755e1b0","1ddecb1f0137281b98a956357af375e21c7e642b321c8473486bddcb3755e1b0",""
"gh-a0265z","Gh A0265Z","pages/gh-a0265z.md","/v5ma.github.io/wiki/content/gh-a0265z.md","1334","683","5bd8eaee40ba919d24f918aa025dc795a6b9149f96b035e241099fa0623d3a2a","24f25c296fe14c8004bbe64ad0f89f422cf0120f78957aeee477e40b1af950f9","routeBlocksRemoved:1"
"gh-a0266z","Gh A0266Z","pages/gh-a0266z.md","/v5ma.github.io/wiki/content/gh-a0266z.md","1468","854","414bda3a353af3497ee7692de40fd54cbf5599dd57426508f96c10dc60f424c0","feb8a4a3a288bbe547d267833b028b83a46a7f4131c29a20ae37e66f5e585956","routeBlocksRemoved:1"
"gh-a0267z","Gh A0267Z","pages/gh-a0267z.md","/v5ma.github.io/wiki/content/gh-a0267z.md","2931","1949","6a7eb3a6207ee0900f35907798582325dc9f32362255676e06dddec8e6dab8f1","648aab04a386ab0e74d760d537f99bdbe33b33002170bec7d2077fcffe3b0ba6","routeBlocksRemoved:1"
"gh-a0268z","(insert Buszaki quote on inhibitory networks figure 11.5 I think)","pages/gh-a0268z.md","/v5ma.github.io/wiki/content/gh-a0268z.md","3770","3102","c39dd926add3556b581a45bef0bd5762e1d82c27b7ab0b001f4833a29f81bb24","6e9c6346ce714eb3f4ba3d971caaf21569187faa1684f8a23496308ff9db8102","routeBlocksRemoved:1"
"gh-a0269z","Gh A0269Z","pages/gh-a0269z.md","/v5ma.github.io/wiki/content/gh-a0269z.md","2058","2058","4939a53002bec351d28f233b8b728a4bee30dd85a78e07f841bd35f334fa4a62","4939a53002bec351d28f233b8b728a4bee30dd85a78e07f841bd35f334fa4a62",""
"gh-a0270z","Get this pdf later","pages/gh-a0270z.md","/v5ma.github.io/wiki/content/gh-a0270z.md","28725","28055","5ea0c2a2ddda9cf5246f7ca1a45b77bd110fee07124e9f5b6b0fbf1ffb7bce9e","e88c75392142a580b0ffcff29e30d59a330fdde77b7920e5a17df011c4311e7d","routeBlocksRemoved:1"
"gh-a0271z","Phase Shifts as Electromagnetic Wave Valence","pages/gh-a0271z.md","/v5ma.github.io/wiki/content/gh-a0271z.md","3637","3637","4895cb384495ee51e9e25d0b3336e841443779c72b6aa46c2e403183714871b1","4895cb384495ee51e9e25d0b3336e841443779c72b6aa46c2e403183714871b1",""
"gh-a0272z","Taste & Hearing: Sensory Input Quantification","pages/gh-a0272z.md","/v5ma.github.io/wiki/content/gh-a0272z.md","11414","11414","aa4cc7022b739a0a5ecd6c761b2337c770e0d742d95dafb611ffca503f4e8184","aa4cc7022b739a0a5ecd6c761b2337c770e0d742d95dafb611ffca503f4e8184",""
"gh-a0273z","Eye sight: Sensory Input Quantification","pages/gh-a0273z.md","/v5ma.github.io/wiki/content/gh-a0273z.md","2964","2296","94133a73a97a32134c47cae20a5145a607630c998b0a77a532abaf60b0f3adc3","e221d4bbdcdff7518ae285e2f2b30f0d391f777a5118f10e7726f84ed49bca0f","routeBlocksRemoved:1"
"gh-a0274z","Gh A0274Z","pages/gh-a0274z.md","/v5ma.github.io/wiki/content/gh-a0274z.md","593","593","9ffffe17928d2dfcb7b2d16e705da599f56749de2c36bbba4aaf0ac526762cbc","9ffffe17928d2dfcb7b2d16e705da599f56749de2c36bbba4aaf0ac526762cbc",""
"gh-a0275z","Gh A0275Z","pages/gh-a0275z.md","/v5ma.github.io/wiki/content/gh-a0275z.md","1341","1341","cc695598abee5a22b5836c02d7857cb81de2fe6eb126ded7fe8fe042d6be5ceb","cc695598abee5a22b5836c02d7857cb81de2fe6eb126ded7fe8fe042d6be5ceb",""
"gh-a0276z","Gh A0276Z","pages/gh-a0276z.md","/v5ma.github.io/wiki/content/gh-a0276z.md","3009","1972","f05c013d4ca9f2817b294846893db1614ca1c520f24acb03285d14094218212d","512902ff61c46643b69f51530361c8e42971fda91cc76eeda0b86f0d48079839","routeBlocksRemoved:1"
"gh-a0277z","Gh A0277Z","pages/gh-a0277z.md","/v5ma.github.io/wiki/content/gh-a0277z.md","3675","3061","ebac2951cd5905e9a70a32f0b9ec9dafcb6058458f00792c3cafa2416759e32f","b0a684e74519b607f96cc2e9888b7b1a0e79369a5b0a1f32daa0b531262f9ca8","routeBlocksRemoved:1"
"gh-a0278z","Gh A0278Z","pages/gh-a0278z.md","/v5ma.github.io/wiki/content/gh-a0278z.md","1911","1260","febd056fddda21272ec65e5be9fa5e230571eecba1a2e42a6f6c48ad9c8a1a1d","66575061150091a2099a94d60a00cfee751cb392888c2cf6bea2d68322640640","routeBlocksRemoved:1"
"gh-a0279z","Gh A0279Z","pages/gh-a0279z.md","/v5ma.github.io/wiki/content/gh-a0279z.md","1408","757","20b8eb7d3d0637616cb60e7846e07ff93999a669a8826452f083908e85742c0c","ac93f2c1685381b72e0bdc9b254794ae1e3a515213c8cfdc3af25b1278445674","routeBlocksRemoved:1"
"gh-a0280z","Protein Oscillation Tomography.","pages/gh-a0280z.md","/v5ma.github.io/wiki/content/gh-a0280z.md","6367","5386","27e7c3cb6a582564b4d0d736080fc2fd1ca4293173c0446a7ac03d2083d4283b","613673bd08868c35692ca3e60bbecd0026bbe348bf92789fe2b64e9ca934f2f0","routeBlocksRemoved:1"
"gh-a0281z","Gh A0281Z","pages/gh-a0281z.md","/v5ma.github.io/wiki/content/gh-a0281z.md","2668","2054","553ae1ad014163a0776ce4c3d8cf2212ae6d7a18660920cab4e3cd9e837c5274","ff81966c53de9c02cf49d5d3972da7793a8c1d0dfd89c4a3a55c5b8a38f44ff2","routeBlocksRemoved:1"
"gh-a0282z","The simplified version of Neural Oscillatory Tomography","pages/gh-a0282z.md","/v5ma.github.io/wiki/content/gh-a0282z.md","8069","8069","4379e7a54abe311e231164ea0e3a169af9da9a6275878443cee1b2ce9ad66a91","4379e7a54abe311e231164ea0e3a169af9da9a6275878443cee1b2ce9ad66a91",""
"gh-a0283z","Cellulary Oscillating Tomography: Information processing & signal integration","pages/gh-a0283z.md","/v5ma.github.io/wiki/content/gh-a0283z.md","6545","5766","316037f4441fe18a6cf80237ad02ea10c6f46c1da01b3c8d37c976ad87b34993","2fa846d72fffa62f12242193b904d9c93993e375ecf2d8110e5c4f2529caa0e8","routeBlocksRemoved:1"
"gh-a0284z","Gh A0284Z","pages/gh-a0284z.md","/v5ma.github.io/wiki/content/gh-a0284z.md","3809","3809","ea19cf71d439a7534702fc8e1685a730e9f244e7b7b97eccc490c8fbcc8264e2","ea19cf71d439a7534702fc8e1685a730e9f244e7b7b97eccc490c8fbcc8264e2",""
"gh-a0285z","Gh A0285Z","pages/gh-a0285z.md","/v5ma.github.io/wiki/content/gh-a0285z.md","2282","2282","453011600eba046ea287255dbecc90356fb7c479d02813cd35f477b4377569f7","453011600eba046ea287255dbecc90356fb7c479d02813cd35f477b4377569f7",""
"gh-a0286z","Three Simultaneous Neural Wave Modalities (a0286z)","pages/gh-a0286z.md","/v5ma.github.io/wiki/content/gh-a0286z.md","7864","7864","a173eb26d637c6d436b44a777f3119289e4700bc56b445541d05d8b95d0815c2","a173eb26d637c6d436b44a777f3119289e4700bc56b445541d05d8b95d0815c2",""
"gh-a0287zstar","NAPOT Revision 3: The Anti-Spike and Negative Soliton Waves","pages/gh-a0287zstar.md","/v5ma.github.io/wiki/content/gh-a0287zstar.md","20857","20857","ceb1e7ce9e1a5ef4e731de071f644417c9d454e68dbda38c38b04d11146b3b5a","ceb1e7ce9e1a5ef4e731de071f644417c9d454e68dbda38c38b04d11146b3b5a",""
"gh-a0288zslow","SCP Slow Cortical Potential","pages/gh-a0288zslow.md","/v5ma.github.io/wiki/content/gh-a0288zslow.md","27578","27578","6d09191169ee3d75cfe4a235eb9721f51d36a641a6fbb4a26e1145210c4e76dd","6d09191169ee3d75cfe4a235eb9721f51d36a641a6fbb4a26e1145210c4e76dd",""
"gh-a0289z","Gh A0289Z","pages/gh-a0289z.md","/v5ma.github.io/wiki/content/gh-a0289z.md","1442","1442","8599c1d2a19181c6936be602d4b54086fa0ecf9ac394b2bfa57a18cd1f4cd8b1","8599c1d2a19181c6936be602d4b54086fa0ecf9ac394b2bfa57a18cd1f4cd8b1",""
"gh-a0290z","Gh A0290Z","pages/gh-a0290z.md","/v5ma.github.io/wiki/content/gh-a0290z.md","1722","1108","81fc3d64d401ba074e3a90af88cdbab552f9b470b7edadbe5c1e302877e0ec3c","a20600939bb22c64c6422b189fed13d339ca0d0d7cd2ba23a0df1567818a4e12","routeBlocksRemoved:1"
"gh-a0291z","Gh A0291Z","pages/gh-a0291z.md","/v5ma.github.io/wiki/content/gh-a0291z.md","24912","24912","733bc1db19aa018c147af38e1d508620160d2be4c54248d9e4183fbf3626e801","733bc1db19aa018c147af38e1d508620160d2be4c54248d9e4183fbf3626e801",""
"gh-a0292z","Gh A0292Z","pages/gh-a0292z.md","/v5ma.github.io/wiki/content/gh-a0292z.md","3272","3272","9702ef7934a5cd9863afa137f13bf67368e1bcb841765cfb24b3b83cfca12095","9702ef7934a5cd9863afa137f13bf67368e1bcb841765cfb24b3b83cfca12095",""
"gh-a0293z","Gh A0293Z","pages/gh-a0293z.md","/v5ma.github.io/wiki/content/gh-a0293z.md","6959","6959","435a595a3fe2a9ec7cf9cd885ebf07958ace65da0cc8b73b688e20f13bdd4e36","435a595a3fe2a9ec7cf9cd885ebf07958ace65da0cc8b73b688e20f13bdd4e36",""
"gh-a0294z","Gh A0294Z","pages/gh-a0294z.md","/v5ma.github.io/wiki/content/gh-a0294z.md","1900","1286","43cc95d629aca184b1e78150f3b0f8c204347ca2a31b129003f3eeb7cb932feb","cb70b5adb93b262999804e24eb3b7d5f9b2a8c7e13094f23351805ab43998557","routeBlocksRemoved:1"
"gh-a0295z","Gh A0295Z","pages/gh-a0295z.md","/v5ma.github.io/wiki/content/gh-a0295z.md","808","808","b7bf33a0739270871d55f9b9208215299377bb431b0d15cdc9ff306d26ff91f8","b7bf33a0739270871d55f9b9208215299377bb431b0d15cdc9ff306d26ff91f8",""
"gh-a0296zwhisker","""Internal brain state regulates membrane potential synchrony in barrel cortex of behaving mice""","pages/gh-a0296zwhisker.md","/v5ma.github.io/wiki/content/gh-a0296zwhisker.md","7141","5915","d5a97f4ebccf218dd754c5aff5307908c4c9fd219ac3da086207634d44209643","4af2b82fd8b02cb72f3bcc0a1c05d0f436571b616bf71c45ece911add31b9f06","routeBlocksRemoved:1"
"gh-a0297z","Gh A0297Z","pages/gh-a0297z.md","/v5ma.github.io/wiki/content/gh-a0297z.md","2685","1703","1f1b17d80d8fd2e097ba21fdbc1232a65e10cbcc7433c8bd57e5ed7083a09adc","fbc94b299fd5c3cc85faa40e930de1d90d735b4594e831bad0e8733b03fde5b9","routeBlocksRemoved:1"
"gh-a0298z","Gh A0298Z","pages/gh-a0298z.md","/v5ma.github.io/wiki/content/gh-a0298z.md","1397","746","c59fdec30cc58523bc423bd23a5941d93100a3a0f25c3fb5dbc5c65c2df43966","3e36bd0061af4e0b5f565ffc9381fb4c54271c88154572379dd27afd1dd538be","routeBlocksRemoved:1"
"gh-a0299z","Gh A0299Z","pages/gh-a0299z.md","/v5ma.github.io/wiki/content/gh-a0299z.md","1092","1092","7d78ad9f532418cdd4a1e9108f097b981d21750da3bc7823057df02d2cc9abb6","7d78ad9f532418cdd4a1e9108f097b981d21750da3bc7823057df02d2cc9abb6",""
"gh-a0300z","Gh A0300Z","pages/gh-a0300z.md","/v5ma.github.io/wiki/content/gh-a0300z.md","1460","819","b0fd175b285ca5c315fdf62c558c4fdb991e8a71d26ab85512d485f5918ed5fb","2fb8c687bf505e6fd38104bd302fed7355388880f9183789137af11c0a4374e5","routeBlocksRemoved:1"
"gh-a0301z","Gh A0301Z","pages/gh-a0301z.md","/v5ma.github.io/wiki/content/gh-a0301z.md","1148","497","3731465efe45f3a19e92210d71276ac9b583074afa26be808e083014dc3f86bf","931a7433b6189250cec988d58e56ee2d0bad18f8508d479ab6ac3d718da5cbbe","routeBlocksRemoved:1"
"gh-a0303z","Gh A0303Z","pages/gh-a0303z.md","/v5ma.github.io/wiki/content/gh-a0303z.md","2570","1956","12ba2bdcd405fde65810d74d010aee079265af80d42c0478623bbb5787af7683","5a474879ce3f7375b70ef71ea63ea9e515df25cd12ed0f2a409b8a7d2d583926","routeBlocksRemoved:1"
"gh-a0304z","Gh A0304Z","pages/gh-a0304z.md","/v5ma.github.io/wiki/content/gh-a0304z.md","1335","1335","d53427cf8947eddbde45f070defb76929e71f999c4c466aa55d3ac6b663d5021","d53427cf8947eddbde45f070defb76929e71f999c4c466aa55d3ac6b663d5021",""
"gh-a0305z","""Spontaneous Spiking Is Governed by Broadband Fluctuations""","pages/gh-a0305z.md","/v5ma.github.io/wiki/content/gh-a0305z.md","3840","2600","c1ebac4362d66af99b33eca9fcc0b479626ed3aa18828fb8b164ee0a52f90f46","33f4b87c8a6e6602a17283de4ea243cd9c23412610f5a9d9b1fe16d2b36e633b","routeBlocksRemoved:1"
"gh-a0306z","""The basic circuit of the IC: tectothalamic neurons with different patterns of synaptic organization send different messages to the thalamus""","pages/gh-a0306z.md","/v5ma.github.io/wiki/content/gh-a0306z.md","10403","10403","b928f71f4d47f9e2e39579800c339e5e814a01bc0017631f72613b1c1b8fbca8","b928f71f4d47f9e2e39579800c339e5e814a01bc0017631f72613b1c1b8fbca8",""
"gh-a0307z","Gh A0307Z","pages/gh-a0307z.md","/v5ma.github.io/wiki/content/gh-a0307z.md","3320","3374","59c1f6211c6e3a5e345a99a42d3de46c97299c52a9c814a16f09e2574acf7577","4a53747497c0ee9393686734ce0ddcd1d041fdbe6601b7683dafa5bc6d22414a","privateArchiveNamesGeneralized:3"
"gh-a0308z","Gh A0308Z","pages/gh-a0308z.md","/v5ma.github.io/wiki/content/gh-a0308z.md","15021","15021","037e8ae54bd6c68c4ffc1660f61e58cfb09f1d35191b6d9e396098779363767d","037e8ae54bd6c68c4ffc1660f61e58cfb09f1d35191b6d9e396098779363767d",""
"gh-a0309z","Dr. Itzik Norman on Hippocampal Sharp-Wave Ripples and Episodic Memory","pages/gh-a0309z.md","/v5ma.github.io/wiki/content/gh-a0309z.md","14740","14740","d2b2700c37a634e3f189ad8d628490485a0fbc87f72f173126efa7eb46fe4eb0","d2b2700c37a634e3f189ad8d628490485a0fbc87f72f173126efa7eb46fe4eb0",""
"gh-a0310z","b0010y and a0310z","pages/gh-a0310z.md","/v5ma.github.io/wiki/content/gh-a0310z.md","100035","100035","38b5e668986ef8755cf1be7604edfc24e2893bc473e82c15f2ad6325611c33d9","38b5e668986ef8755cf1be7604edfc24e2893bc473e82c15f2ad6325611c33d9",""
"gh-a0311z","Advanced Study of Synaptic Plasticity","pages/gh-a0311z.md","/v5ma.github.io/wiki/content/gh-a0311z.md","2933","2144","eff061cdf2dd05faa8f953370cde1edfa7975faa7681a376d5548aa2c5aab203","9cc15815e3bab286c1575f469f673761edb919e0a14ad3f4017fa88f313fb201","routeBlocksRemoved:1"
"gh-a0312z","Consciousness as a Memory System","pages/gh-a0312z.md","/v5ma.github.io/wiki/content/gh-a0312z.md","4605","4605","002c211cc7f869d90ad6c88832cd0d559d31b49511199c837ed8fc8631a5c4e2","002c211cc7f869d90ad6c88832cd0d559d31b49511199c837ed8fc8631a5c4e2",""
"gh-a0314z","Gh A0314Z","pages/gh-a0314z.md","/v5ma.github.io/wiki/content/gh-a0314z.md","1090","1090","d3515821a5f74825e272fda2f70e20635195bc2454c2af5f2e7d8843121e74bc","d3515821a5f74825e272fda2f70e20635195bc2454c2af5f2e7d8843121e74bc",""
"gh-a0315z","Government Licensing Beta","pages/gh-a0315z.md","/v5ma.github.io/wiki/content/gh-a0315z.md","2929","2929","b6d8113699225102aa1ade4cd4ab6f66534bca3e84370e0a5a96179c702eb89d","b6d8113699225102aa1ade4cd4ab6f66534bca3e84370e0a5a96179c702eb89d",""
"gh-a0316z","Gh A0316Z","pages/gh-a0316z.md","/v5ma.github.io/wiki/content/gh-a0316z.md","1543","892","99a4702b9baded3f488c40f770e22e79713710b9afe460b46aa8af54877414e1","c5e791b5df6a7309efac864acf8c3210a9b28ac58684b69efe0d1d6f0b2c103f","routeBlocksRemoved:1"
"gh-a0317z","Gh A0317Z","pages/gh-a0317z.md","/v5ma.github.io/wiki/content/gh-a0317z.md","1367","1367","4955944d0ddaf6c2022c4ca43a030df380bc23d38e080d93a0e08b79a5d3c7f7","4955944d0ddaf6c2022c4ca43a030df380bc23d38e080d93a0e08b79a5d3c7f7",""
"gh-a0318z","Post this one on the Neo Mind Cycle faceobok page, and maybe create a wiki page map organizing all the Zebrafish research","pages/gh-a0318z.md","/v5ma.github.io/wiki/content/gh-a0318z.md","1850","1149","3d8d1a2a27c785bc1470a4c60e6bc71f318fa7b5038bf8eb3917cdd58fed3f83","af93d18b553aa261e38f239306df53dbb7205e5c2587c0bc2eb8ff646214d729","routeBlocksRemoved:1"
"gh-a0319z","Self Aware Networks Theory: Computational Phenomenological Consciousness.","pages/gh-a0319z.md","/v5ma.github.io/wiki/content/gh-a0319z.md","18945","18945","088ccb396b322d5fac03b83abb2d428031161fbb26b41f5d7058dfacb1e15c3f","088ccb396b322d5fac03b83abb2d428031161fbb26b41f5d7058dfacb1e15c3f",""
"gh-a0320z","Gh A0320Z","pages/gh-a0320z.md","/v5ma.github.io/wiki/content/gh-a0320z.md","5869","5869","f8b40308ded20d1397f534c7f7c5575ffd63b0ccb64b359895fa61ee1c502e23","f8b40308ded20d1397f534c7f7c5575ffd63b0ccb64b359895fa61ee1c502e23",""
"gh-a0321z","Gh A0321Z","pages/gh-a0321z.md","/v5ma.github.io/wiki/content/gh-a0321z.md","1327","681","735afe38db72bade17ccc14e45c068c1e229e1b44236c408172adeab524f5d33","658519c66d7b1c92c4d7ad9bc97c304c38f5780a1ca401db32cef047a41a4aa1","routeBlocksRemoved:1"
"gh-a0322z","Inverse-square law","pages/gh-a0322z.md","/v5ma.github.io/wiki/content/gh-a0322z.md","18876","18876","798a62d799ee162868d43eaf54b7e151cd7c6586cf66834a915be4cd48e907ed","798a62d799ee162868d43eaf54b7e151cd7c6586cf66834a915be4cd48e907ed",""
"gh-a0324z","The neural basis of psychedelic action","pages/gh-a0324z.md","/v5ma.github.io/wiki/content/gh-a0324z.md","12697","12697","e263513db5fd8eec729ec0032959d2070f400527f24e2051f6ed9cfc10b54f11","e263513db5fd8eec729ec0032959d2070f400527f24e2051f6ed9cfc10b54f11",""
"gh-a0325znapot6","NAPOT 6: Neural Array Projection Oscillation Tomography Revision 6","pages/gh-a0325znapot6.md","/v5ma.github.io/wiki/content/gh-a0325znapot6.md","44299","44299","6bdc879e5eee0e6aa34aff59fe6f321338760b61ff420c61175f6f9df1fd839c","6bdc879e5eee0e6aa34aff59fe6f321338760b61ff420c61175f6f9df1fd839c",""
"gh-a0326z","Gh A0326Z","pages/gh-a0326z.md","/v5ma.github.io/wiki/content/gh-a0326z.md","927","927","8ed5b75c49cfbf2b45e4b857fc81009c0a545283b53dac73be4fc7bf210077c4","8ed5b75c49cfbf2b45e4b857fc81009c0a545283b53dac73be4fc7bf210077c4",""
"gh-a0327z","Gh A0327Z","pages/gh-a0327z.md","/v5ma.github.io/wiki/content/gh-a0327z.md","1777","1131","e84aaaaf52d1c65b342550fdd9424e6177fbc4ec6f880e6d6d6b7347955cf3d9","10ca8644036baec2b105119ef6f9da50e58936dc4e53d635310b778fe0870d70","routeBlocksRemoved:1"
"gh-a0328z","Gh A0328Z","pages/gh-a0328z.md","/v5ma.github.io/wiki/content/gh-a0328z.md","6899","6899","7f0008a93d13d2cfac8ce0388064b68c606cc572f7d62815c51f9140797fcf97","7f0008a93d13d2cfac8ce0388064b68c606cc572f7d62815c51f9140797fcf97",""
"gh-a0329z","Here is a copy of my article Synaptic unreliability","pages/gh-a0329z.md","/v5ma.github.io/wiki/content/gh-a0329z.md","16452","16452","6f4b23cdff2d2d14d0c7c75c48eaaf4c75b070dd6f68b06a19229237d9b0e748","6f4b23cdff2d2d14d0c7c75c48eaaf4c75b070dd6f68b06a19229237d9b0e748",""
"gh-a0330z","Gh A0330Z","pages/gh-a0330z.md","/v5ma.github.io/wiki/content/gh-a0330z.md","1450","1450","fa2809e0e0e1c5df53d226f8e0d1d346cdc4833e29077fe543080860081ec60a","fa2809e0e0e1c5df53d226f8e0d1d346cdc4833e29077fe543080860081ec60a",""
"gh-a0331z","Gh A0331Z","pages/gh-a0331z.md","/v5ma.github.io/wiki/content/gh-a0331z.md","37138","37138","51e3a5bccc0e624fbea66cb880add9ee691886fd6b07d886a8f3046ecd9284f9","51e3a5bccc0e624fbea66cb880add9ee691886fd6b07d886a8f3046ecd9284f9",""
"gh-a0332z","Gh A0332Z","pages/gh-a0332z.md","/v5ma.github.io/wiki/content/gh-a0332z.md","2001","1355","287706e111e1a2236d7dea15ace01480375a6a56ae766ca567af65ce43827ca1","405f5234ad79597696763ad072e17472e2e8d41c6abbc1e36cc87ea0761e8ac9","routeBlocksRemoved:1"
"gh-a0333z","Gh A0333Z","pages/gh-a0333z.md","/v5ma.github.io/wiki/content/gh-a0333z.md","22580","22580","0ac42d8f9515f34f0a7ec5a05791b51bbdaeb82114085702e78994933c10d3cc","0ac42d8f9515f34f0a7ec5a05791b51bbdaeb82114085702e78994933c10d3cc",""
"gh-a0334z","Gh A0334Z","pages/gh-a0334z.md","/v5ma.github.io/wiki/content/gh-a0334z.md","2615","1969","c9a3483466177f53df7aae0fa7a2bcd3e415791fd6e1f546d98b4c14cfda8c92","af535b93598facbd82aaf1e4b1b7680036a57d71ce75eb0985799dc4be57e400","routeBlocksRemoved:1"
"gh-a0335z","Gh A0335Z","pages/gh-a0335z.md","/v5ma.github.io/wiki/content/gh-a0335z.md","2633","2633","7f25b2c89a96758584a59218549c94993abcd9ab3dbec92933fa00ec61a133ca","7f25b2c89a96758584a59218549c94993abcd9ab3dbec92933fa00ec61a133ca",""
"gh-a0336z","Gh A0336Z","pages/gh-a0336z.md","/v5ma.github.io/wiki/content/gh-a0336z.md","3297","3297","1d66ebec8afa559ed030ce3d236b2a479e61e762c6662da66cc9bf83f020ad98","1d66ebec8afa559ed030ce3d236b2a479e61e762c6662da66cc9bf83f020ad98",""
"gh-a0337z","Gh A0337Z","pages/gh-a0337z.md","/v5ma.github.io/wiki/content/gh-a0337z.md","2318","2318","9f5a3591c82bb5551fe2a7b70a1de04f36ea6163d06873613a6a241f927e2445","9f5a3591c82bb5551fe2a7b70a1de04f36ea6163d06873613a6a241f927e2445",""
"gh-a0338z","Gh A0338Z","pages/gh-a0338z.md","/v5ma.github.io/wiki/content/gh-a0338z.md","1930","1289","ed95dbcec5aac589c8bbe88aa33c9a316d5d37ad94e9a18ed2594b4c5beb7516","e58228e2b9941abceb7a9294638bbe3de824f03fc1ecaa00ac54f87c47935d74","routeBlocksRemoved:1"
"gh-a0339z","Gh A0339Z","pages/gh-a0339z.md","/v5ma.github.io/wiki/content/gh-a0339z.md","2673","2673","75214a9aee1057fd7f6ab6e0818666e20b9276613e4f26afd420ad5c522b945d","75214a9aee1057fd7f6ab6e0818666e20b9276613e4f26afd420ad5c522b945d",""
"gh-a0340z","""New Imaging Method Could Lead to Diagnosis of Early Stage Parkinson’s Disease""","pages/gh-a0340z.md","/v5ma.github.io/wiki/content/gh-a0340z.md","2943","2146","01561071e010f9044596874425331de7e4c7d71df39737b6b01231a4adf04251","12e25862d3d7609cd654a578ab891bd86883fdfc3fe0aeaa52bcffa3dce39e91","routeBlocksRemoved:1"
"gh-a0341z","Gh A0341Z","pages/gh-a0341z.md","/v5ma.github.io/wiki/content/gh-a0341z.md","5215","5215","cbef1c0d048d5baefad0bf7e692865be074a3c0f10b164cc81b6d5fbe7758198","cbef1c0d048d5baefad0bf7e692865be074a3c0f10b164cc81b6d5fbe7758198",""
"gh-a0342z","Gh A0342Z","pages/gh-a0342z.md","/v5ma.github.io/wiki/content/gh-a0342z.md","7064","6083","eb27d66a554d0bbf6fbbd0820565c9b079a5ba256b35e31b5c9540914a478dda","d2baa7f32cca07f6927bd4011e3abb7d234da9926e3d0a050e0f44f4c7bdff0d","routeBlocksRemoved:1"
"gh-a0344z","Gh A0344Z","pages/gh-a0344z.md","/v5ma.github.io/wiki/content/gh-a0344z.md","1318","672","d813cb580786337e38ad52139e5fe24b291e84d72554017f5d40fe83b1ff8428","3de52c1c94c02fa277d4de3f3177f24dbb8f6a7ee3bde463a0d9e30db84a9cc9","routeBlocksRemoved:1"
"gh-a0345z","Gh A0345Z","pages/gh-a0345z.md","/v5ma.github.io/wiki/content/gh-a0345z.md","32132","32132","e848e2a56d0e511f1b85ddfe2fca151a093af13709a5ceba313cde6c06b3db94","e848e2a56d0e511f1b85ddfe2fca151a093af13709a5ceba313cde6c06b3db94",""
"gh-a0346z","Gh A0346Z","pages/gh-a0346z.md","/v5ma.github.io/wiki/content/gh-a0346z.md","2791","2791","1f1250b95f199b5c4176220461fe45ee2786a1688973ba71bdc67824363afa5a","1f1250b95f199b5c4176220461fe45ee2786a1688973ba71bdc67824363afa5a",""
"gh-a0347z","Gh A0347Z","pages/gh-a0347z.md","/v5ma.github.io/wiki/content/gh-a0347z.md","8253","8253","e0a7c98ddda1c64f4159aa78db82a67bd14b5ace4f19fafb241584b131594bec","e0a7c98ddda1c64f4159aa78db82a67bd14b5ace4f19fafb241584b131594bec",""
"gh-a0348z","Gh A0348Z","pages/gh-a0348z.md","/v5ma.github.io/wiki/content/gh-a0348z.md","3862","3216","d09a8bb82d6a24d3a227d2e1642e44bfce810d0d309edb7ddb9bba368dc97f8d","a2c0d60ae2694b8411499579a85cd8d1a550291b3fd4ee3cb6f8a2f945231fd4","routeBlocksRemoved:1"
"gh-a0349z","Gh A0349Z","pages/gh-a0349z.md","/v5ma.github.io/wiki/content/gh-a0349z.md","3532","3532","cd27fc6303ac670a7d20f7bcf8291416c65ed70e05a2efacc20a76f7b5276e84","cd27fc6303ac670a7d20f7bcf8291416c65ed70e05a2efacc20a76f7b5276e84",""
"gh-a0350z","Gh A0350Z","pages/gh-a0350z.md","/v5ma.github.io/wiki/content/gh-a0350z.md","1131","1131","09c84d2c98773c2dd9c0d041aef948c204b7c73d79f7fb37ad558b7678782163","09c84d2c98773c2dd9c0d041aef948c204b7c73d79f7fb37ad558b7678782163",""
"gh-a0351z","Gh A0351Z","pages/gh-a0351z.md","/v5ma.github.io/wiki/content/gh-a0351z.md","2943","2943","0342d8a530dbc0c31258cfc79dec16faeb9c01211bc6b042726fcb12fdd70f7f","0342d8a530dbc0c31258cfc79dec16faeb9c01211bc6b042726fcb12fdd70f7f",""
"gh-a0352z","Gh A0352Z","pages/gh-a0352z.md","/v5ma.github.io/wiki/content/gh-a0352z.md","2758","1776","aa2cd71f765aa01f740389c78ecc78e5d7e989fb632eac5d75274bdeba97bed3","8d34e6fd0209a250aaf84f786312855cf6065a7a4ab0f484f81031d0214aeeda","routeBlocksRemoved:1"
"gh-a0353z","Gh A0353Z","pages/gh-a0353z.md","/v5ma.github.io/wiki/content/gh-a0353z.md","2801","1783","d2628cc76735c5384b473e6b448af0f67b6a130ef9c7fb2951defb79629f9606","7ccc7a918215a28061eda420165d4909372a18232bc89383699574a25b44d450","routeBlocksRemoved:1"
"gh-a0354z","Gh A0354Z","pages/gh-a0354z.md","/v5ma.github.io/wiki/content/gh-a0354z.md","10795","10795","092a481c653c1a1d7d91af657223d1af90d67a4870725d344bee0f3a1ecf3d20","092a481c653c1a1d7d91af657223d1af90d67a4870725d344bee0f3a1ecf3d20",""
"gh-a0355z","Richochet TMS","pages/gh-a0355z.md","/v5ma.github.io/wiki/content/gh-a0355z.md","2690","1708","c7cfd08633139ad53df9e50731b1aaa0450712ff920df3ac20cef127ed241edf","084f53bca0a131d9e75cd3fb4d0e27b0e76cd700b204901fa74fbe85fb37c9c4","routeBlocksRemoved:1"
"gh-a0356z","Gh A0356Z","pages/gh-a0356z.md","/v5ma.github.io/wiki/content/gh-a0356z.md","1483","837","e4a10dd7939857af14fd9bbe25e1f893de9d8dd20beda8c0d635e9674c72b281","3f4c5ae0fc2bc211790ea2de953de03c6b70ece0bfc077f8a15df2d13184056a","routeBlocksRemoved:1"
"gh-a0357z","Gh A0357Z","pages/gh-a0357z.md","/v5ma.github.io/wiki/content/gh-a0357z.md","5902","5902","480c80dd1d4423aa4a9122faadb1cdbf0309ea0a6e7927e64e169e02c01cc644","480c80dd1d4423aa4a9122faadb1cdbf0309ea0a6e7927e64e169e02c01cc644",""
"gh-a0358z","Note Created Jul 10, 2011, 10:42 AM","pages/gh-a0358z.md","/v5ma.github.io/wiki/content/gh-a0358z.md","6353","6353","4b91ca095e08b2ecdcdeef3d537533c773b93d307bbb8fadc7c7fd9aa1c81227","4b91ca095e08b2ecdcdeef3d537533c773b93d307bbb8fadc7c7fd9aa1c81227",""
"gh-a0359z","Gh A0359Z","pages/gh-a0359z.md","/v5ma.github.io/wiki/content/gh-a0359z.md","7893","7893","169e3f4864a5ff7c81971a9d4afb3c4aee3d62288011badbbf9fa17c504eb423","169e3f4864a5ff7c81971a9d4afb3c4aee3d62288011badbbf9fa17c504eb423",""
"gh-a0360z","Gh A0360Z","pages/gh-a0360z.md","/v5ma.github.io/wiki/content/gh-a0360z.md","2559","1311","e8562375e017601ba95d6a044d3f11824e84aeb0e862ebd670b9db6f8ff7d56b","35fdce32467b1eb2dc2bdc986ff8ef74d22506fef302a17716e647faa9c44a6d","routeBlocksRemoved:1"
"gh-a0361z","Company Name","pages/gh-a0361z.md","/v5ma.github.io/wiki/content/gh-a0361z.md","3122","3122","1e903c031ca869a69ee57671308d59c7d36cceaf792070f182d4c3d5a99c62c4","1e903c031ca869a69ee57671308d59c7d36cceaf792070f182d4c3d5a99c62c4",""
"gh-a0364z","Gh A0364Z","pages/gh-a0364z.md","/v5ma.github.io/wiki/content/gh-a0364z.md","3972","3972","417cd1e4bf29237193dcfafd0e61269989dc330d92a79fd7df4fcd14b62dd981","417cd1e4bf29237193dcfafd0e61269989dc330d92a79fd7df4fcd14b62dd981",""
"gh-a0365z","Gh A0365Z","pages/gh-a0365z.md","/v5ma.github.io/wiki/content/gh-a0365z.md","2662","2662","258bb356608c3ecc9aac97ba3d443e23c038e59e72504b6cb6b490a878088f1a","258bb356608c3ecc9aac97ba3d443e23c038e59e72504b6cb6b490a878088f1a",""
"gh-a0366z","Gh A0366Z","pages/gh-a0366z.md","/v5ma.github.io/wiki/content/gh-a0366z.md","5143","5143","34b675965cd47ea0975a6a238a17f63ca93738e8171cfb4908528d27869d9ff7","34b675965cd47ea0975a6a238a17f63ca93738e8171cfb4908528d27869d9ff7",""
"gh-a0367z","Gh A0367Z","pages/gh-a0367z.md","/v5ma.github.io/wiki/content/gh-a0367z.md","3343","2118","018dde245585c48db392c17fe2f48206973105345baac05753caec34998bb4c7","a7099b707337cfd871d1b2c6eef71ea375270953a0680839cdc468a445c8fc0b","routeBlocksRemoved:1"
"gh-a0368z","Gh A0368Z","pages/gh-a0368z.md","/v5ma.github.io/wiki/content/gh-a0368z.md","1915","1264","d002c1edcccbad8399f16f88d0c0311689db959733ecc633cb567f621fefccd3","4b675ccc9043eb1fefb563733e5c6cab8603b828437feff1bf18cb4c21194213","routeBlocksRemoved:1"
"gh-a0369z","New: Quantum Gradient Time Crystal Dilation note","pages/gh-a0369z.md","/v5ma.github.io/wiki/content/gh-a0369z.md","6020","4969","a2de140c3ddd24861481d3bb2892325a9133eda14843f81b5a504c66fef19a23","a1fbaed0c1e7846df13b765420f394d4c7d309e39e65d598e673bd7f46b94cd1","routeBlocksRemoved:1"
"gh-a0371z","Gh A0371Z","pages/gh-a0371z.md","/v5ma.github.io/wiki/content/gh-a0371z.md","10155","10155","ddbc96e2b7839e495322639bf861122acca75812edcd81414af3b13242e2bc12","ddbc96e2b7839e495322639bf861122acca75812edcd81414af3b13242e2bc12",""
"gh-a0372z","Gh A0372Z","pages/gh-a0372z.md","/v5ma.github.io/wiki/content/gh-a0372z.md","4047","3067","67d262f6260fb0cb84cf9ef2ee9883a8a34be6b5f07b6291f445db0ca2bb6b83","bf8eedb2fcd2d3e6f18830124aa077e7193cd708b36d076f70a104ecc1599793","routeBlocksRemoved:1"
"gh-a0374z","Gh A0374Z","pages/gh-a0374z.md","/v5ma.github.io/wiki/content/gh-a0374z.md","2670","2670","d2a3e86a28c179c627cdb7cfdd638407a6a3abefc41f9c80c4608f096c3132ed","d2a3e86a28c179c627cdb7cfdd638407a6a3abefc41f9c80c4608f096c3132ed",""
"gh-a0377z","Gh A0377Z","pages/gh-a0377z.md","/v5ma.github.io/wiki/content/gh-a0377z.md","4325","3361","1e72e11a1f4c13f72c2693e47f00d9d158d71a92d49224d0f083f2cfde8d350b","913d0da02180f4a8152ae126fc249db0735c3e6c7547ec4ac7f9a10a47c2f90f","routeBlocksRemoved:1"
"gh-a0378z","Gh A0378Z","pages/gh-a0378z.md","/v5ma.github.io/wiki/content/gh-a0378z.md","2490","1510","2531e45418196744199eaa963e58e9077f41caecb803c2bb1087da256d87c934","15feff160168d06772fcef0b3f23d2434472f659b987d57f2fa15e671276da48","routeBlocksRemoved:1"
"gh-a0379z","Gh A0379Z","pages/gh-a0379z.md","/v5ma.github.io/wiki/content/gh-a0379z.md","1602","1602","93de09d4018d61dd0fba80552cf9474a722e1ea6345ec69ada2bda9312596bf5","93de09d4018d61dd0fba80552cf9474a722e1ea6345ec69ada2bda9312596bf5",""
"gh-a0380z","Gh A0380Z","pages/gh-a0380z.md","/v5ma.github.io/wiki/content/gh-a0380z.md","1802","1151","323c482c6aed43297d9c798e734ae2396298ad7b09bbe877008c33e5c06ba0a0","952756c51248fefb0d23518165e669d9f5abee8d89ca0b1ca9f81e1ea90e7ba9","routeBlocksRemoved:1"
"gh-a0381z","Gh A0381Z","pages/gh-a0381z.md","/v5ma.github.io/wiki/content/gh-a0381z.md","5964","5964","0b94d791c6c31dec4e28f05950f4a2ca255d0877765c85f7772cbae11391afc4","0b94d791c6c31dec4e28f05950f4a2ca255d0877765c85f7772cbae11391afc4",""
"gh-a0382z","Gh A0382Z","pages/gh-a0382z.md","/v5ma.github.io/wiki/content/gh-a0382z.md","9963","9963","975a48d9f657abd79b02104a29087669b1286b0326263d9ff835d4b3a14fe2ae","975a48d9f657abd79b02104a29087669b1286b0326263d9ff835d4b3a14fe2ae",""
"gh-a0383z","Gh A0383Z","pages/gh-a0383z.md","/v5ma.github.io/wiki/content/gh-a0383z.md","1470","1470","aa6e96c81deffd2ec13cbab09cc9a0b8ee886a0eddc7065adee8940021ce8a6c","aa6e96c81deffd2ec13cbab09cc9a0b8ee886a0eddc7065adee8940021ce8a6c",""
"gh-a0384z","Gh A0384Z","pages/gh-a0384z.md","/v5ma.github.io/wiki/content/gh-a0384z.md","6651","6651","ffd02cb33d66cb824064a88617e8babdde6ab0fd28c3c0bd97cdc04bf4548b00","ffd02cb33d66cb824064a88617e8babdde6ab0fd28c3c0bd97cdc04bf4548b00",""
"gh-a0386z","Gh A0386Z","pages/gh-a0386z.md","/v5ma.github.io/wiki/content/gh-a0386z.md","6199","6199","7dc03a73f1d4a6d6a0fa50e7391beed5eefb41a1df80f4f2917d876c1135cb47","7dc03a73f1d4a6d6a0fa50e7391beed5eefb41a1df80f4f2917d876c1135cb47",""
"gh-a0387z","Gh A0387Z","pages/gh-a0387z.md","/v5ma.github.io/wiki/content/gh-a0387z.md","8347","7212","4ae78b5c765920d77113c6cc1d1c8a727bb8b8bec1f480a077425bb331443666","8f828547b23c105efa544301d331a4cf4d163e33d60674c5512eb0125e70a414","routeBlocksRemoved:1"
"gh-a0388z","Gh A0388Z","pages/gh-a0388z.md","/v5ma.github.io/wiki/content/gh-a0388z.md","1028","1028","4af082577be4b80d99354dd62ebea4c86d07a23b6a5fa878e03a6fd039e17d58","4af082577be4b80d99354dd62ebea4c86d07a23b6a5fa878e03a6fd039e17d58",""
"gh-a0389z","Gh A0389Z","pages/gh-a0389z.md","/v5ma.github.io/wiki/content/gh-a0389z.md","1723","1077","f5ddd6253fd7289e4039b4f34a4bff68fe6a7a8d0779913d67b8f9a139a134ee","beabab77d0ddb904c453c402b21c2a9d0bf334f18007d31529adb0bd37788b65","routeBlocksRemoved:1"
"gh-a0390z","Gh A0390Z","pages/gh-a0390z.md","/v5ma.github.io/wiki/content/gh-a0390z.md","6636","6636","5434de1a32722fbbdd814cec26529e2451e6900a8c78644693d88757319fc83e","5434de1a32722fbbdd814cec26529e2451e6900a8c78644693d88757319fc83e",""
"gh-a0391z","Gh A0391Z","pages/gh-a0391z.md","/v5ma.github.io/wiki/content/gh-a0391z.md","2883","2237","2550bc7889cb8fb0cd41884633c14cd626b76ee5d7b9f80122db189eb5e61061","c93a4f9e799d974ca6a762c764d484ed803e0f4771c2e562d64d7995ef677226","routeBlocksRemoved:1"
"gh-a0393z","Gh A0393Z","pages/gh-a0393z.md","/v5ma.github.io/wiki/content/gh-a0393z.md","2227","1581","c2b5d232038d6dda043b31b3830aad2732ad548c1deba46fda3aea251c440296","73c452ef976db8a41d04ccb76b4777d88a69d561aa5d4cc17a201e01140c7de3","routeBlocksRemoved:1"
"gh-a0395z","Gh A0395Z","pages/gh-a0395z.md","/v5ma.github.io/wiki/content/gh-a0395z.md","6950","6950","1c966a1e1dc306d3b694f8ea65c61ad6cdf4fc558f371986f685c1d13a42eb26","1c966a1e1dc306d3b694f8ea65c61ad6cdf4fc558f371986f685c1d13a42eb26",""
"gh-a0396z","Gh A0396Z","pages/gh-a0396z.md","/v5ma.github.io/wiki/content/gh-a0396z.md","2136","1485","0e1f76a24e0d84238a4dbcfb59c139cf3740886203a21ffd93c215066bfb6de3","2004011a486b1127002453122f9fc2a49430f42a27c7f820fb25005678cadd20","routeBlocksRemoved:1"
"gh-a0397z","Gh A0397Z","pages/gh-a0397z.md","/v5ma.github.io/wiki/content/gh-a0397z.md","5075","4094","c3233f289d6857db98c4cef40a23ab0aef76bfb8f2194edadd7513f85e814f38","d51d9dea0d62648e12b97ba4b9150bec1469b63d7b84d7a228be30bf0edb4e47","routeBlocksRemoved:1"
"gh-a0399z","Gh A0399Z","pages/gh-a0399z.md","/v5ma.github.io/wiki/content/gh-a0399z.md","3050","2068","86848c659b479b81bf1bb5d05672344bf84dada18fa723808a21ec3b41252f03","9ca1042f5d005d6676e90237c96e924107dda5785a06551a266253859a44eed5","routeBlocksRemoved:1"
"gh-a0400z","Gh A0400Z","pages/gh-a0400z.md","/v5ma.github.io/wiki/content/gh-a0400z.md","1124","1124","d5ea806f82b358a393c6b1f915a47e43020643fefa9d60fcd2a87d19df62ac67","d5ea806f82b358a393c6b1f915a47e43020643fefa9d60fcd2a87d19df62ac67",""
"gh-a0401z","A 2018 Proposal for World-Body-Brain Semantic Co-Registration","pages/gh-a0401z.md","/v5ma.github.io/wiki/content/gh-a0401z.md","6778","6778","90437e00e622017c412500809fab1c6f894e4b2cfdc1d2141e6b4f5b584adc1a","90437e00e622017c412500809fab1c6f894e4b2cfdc1d2141e6b4f5b584adc1a",""
"gh-a0402z","Gh A0402Z","pages/gh-a0402z.md","/v5ma.github.io/wiki/content/gh-a0402z.md","1727","1081","8c59f398b6ff41e92e02da275e1d02e7c502aed837aae2b7429ab7e4a3d23082","6cdb08b11434b40f6d58e9357df9a4721f7ed1c1144424b5952825de6a0a1fa4","routeBlocksRemoved:1"
"gh-a0403z","Introduction","pages/gh-a0403z.md","/v5ma.github.io/wiki/content/gh-a0403z.md","54118","54118","ca251262cb5d5501d5384c6d9e44633553978708729b9b469fb3f86c0d40d57d","ca251262cb5d5501d5384c6d9e44633553978708729b9b469fb3f86c0d40d57d",""
"gh-a0404z","Gh A0404Z","pages/gh-a0404z.md","/v5ma.github.io/wiki/content/gh-a0404z.md","20504","20504","ad933962f6f2e1b25e2da8b04def5ced481c7a949148edb8d440159e35f535f0","ad933962f6f2e1b25e2da8b04def5ced481c7a949148edb8d440159e35f535f0",""
"gh-a0405z","Gh A0405Z","pages/gh-a0405z.md","/v5ma.github.io/wiki/content/gh-a0405z.md","4017","2979","fb16c1d53c6090d53c406bbdfc5fd78aca8a3ab3588d5056fb3d5caf4391030c","9ed9583fb4de08fe26169b00357aab23fdd76fb4c3ea92e9f4b8b5779a727fae","routeBlocksRemoved:1"
"gh-a0409z","Gh A0409Z","pages/gh-a0409z.md","/v5ma.github.io/wiki/content/gh-a0409z.md","1264","1264","e7b113a567b9adbf1fe507a9a20b5bfbe35cd377ae9f231138f44d0080cf1724","e7b113a567b9adbf1fe507a9a20b5bfbe35cd377ae9f231138f44d0080cf1724",""
"gh-a0410z","Gh A0410Z","pages/gh-a0410z.md","/v5ma.github.io/wiki/content/gh-a0410z.md","3089","2107","3d0c42f5eb6b4ea01ab401481769ad37bcb98db7f78b6c320ace4ed424bcfeb8","6be8975130a615cecc30169ccb3a02ade97412562efce39fb14da51ffcc0d514","routeBlocksRemoved:1"
"gh-a0411z","Gh A0411Z","pages/gh-a0411z.md","/v5ma.github.io/wiki/content/gh-a0411z.md","28675","28675","a20333207af1f2fe0be6a3a94ed743c878a234cebec2fce70763b3e3cbab51b0","a20333207af1f2fe0be6a3a94ed743c878a234cebec2fce70763b3e3cbab51b0",""
"gh-a0412z","Gh A0412Z","pages/gh-a0412z.md","/v5ma.github.io/wiki/content/gh-a0412z.md","6761","6761","f81cc4f78d81730c6df02d12a976ee549dfae42d63d2b706af562add67391194","f81cc4f78d81730c6df02d12a976ee549dfae42d63d2b706af562add67391194",""
"gh-a0414z","Gh A0414Z","pages/gh-a0414z.md","/v5ma.github.io/wiki/content/gh-a0414z.md","6230","6230","4866092fe61876dbf35c98316dc981d07ecc8840153f0db06f7879058ca1f6d4","4866092fe61876dbf35c98316dc981d07ecc8840153f0db06f7879058ca1f6d4",""
"gh-a0415z","Gh A0415Z","pages/gh-a0415z.md","/v5ma.github.io/wiki/content/gh-a0415z.md","5611","5611","6fd9e0ea3a55986a0f0cdc07f2117ba56a90404c8d9a150bc07504d6025a8245","6fd9e0ea3a55986a0f0cdc07f2117ba56a90404c8d9a150bc07504d6025a8245",""
"gh-a0417z","Gh A0417Z","pages/gh-a0417z.md","/v5ma.github.io/wiki/content/gh-a0417z.md","7252","7252","77fec3985f9c36838892d87561ee10c5fc79b51524d75b8e4904a41507ba9386","77fec3985f9c36838892d87561ee10c5fc79b51524d75b8e4904a41507ba9386",""
"gh-a0419z","Gh A0419Z","pages/gh-a0419z.md","/v5ma.github.io/wiki/content/gh-a0419z.md","1972","1326","3c8265e89d66885b8c4b292d466d150456709b6bc04df0eeba888853eb6f2496","aabd6e8c82db69af7e546efab7bff7dbfe3bc3d6b9affc9575b06661bd66bef3","routeBlocksRemoved:1"
"gh-a0420z","Gh A0420Z","pages/gh-a0420z.md","/v5ma.github.io/wiki/content/gh-a0420z.md","14509","14509","95ff21cdb79925d26569748d10b994bbe670f8301a9de8875b684a9695490fc9","95ff21cdb79925d26569748d10b994bbe670f8301a9de8875b684a9695490fc9",""
"gh-a0428z","Gh A0428Z","pages/gh-a0428z.md","/v5ma.github.io/wiki/content/gh-a0428z.md","2075","1429","e70e227e52a427bd1d24c1ee81c8d31b0913051c1dbd50623804078c11e3384c","42ed6cc06ecc486b06bab7f8ada69e1b3280bb3a7cb64c4fe8bdbec597f04219","routeBlocksRemoved:1"
"gh-a0432z","Gh A0432Z","pages/gh-a0432z.md","/v5ma.github.io/wiki/content/gh-a0432z.md","12705","12705","f220a1d7b91865c1d5db46f74fd044a3597fd3393ef25114911f3e01edf66a6e","f220a1d7b91865c1d5db46f74fd044a3597fd3393ef25114911f3e01edf66a6e",""
"gh-a0433z","Gh A0433Z","pages/gh-a0433z.md","/v5ma.github.io/wiki/content/gh-a0433z.md","3801","3801","4402576b2446077daa94fb1faa285ccbe852ed5913e74232daa5cdb2499a3c47","4402576b2446077daa94fb1faa285ccbe852ed5913e74232daa5cdb2499a3c47",""
"gh-a0434z","Gh A0434Z","pages/gh-a0434z.md","/v5ma.github.io/wiki/content/gh-a0434z.md","7323","6355","fc6ef2444a04760f20b88065f1069a3d0cee794d98fe4e521fbf33008d37dfd2","da9d85441fa5d36636f441c38893d99f1843c3f95c4ea22c2be4a01b8db68670","routeBlocksRemoved:1"
"gh-a0435z","Gh A0435Z","pages/gh-a0435z.md","/v5ma.github.io/wiki/content/gh-a0435z.md","2796","1814","58d1d6f11805ce13f2086641d8e1b632ca5a4608702fb66626f4fa49a2d7c5ef","b60eac82c6c82fd527b9cb876a8ffdd325bd9506b962dace5e593bcb98706610","routeBlocksRemoved:1"
"gh-a0437z","Gh A0437Z","pages/gh-a0437z.md","/v5ma.github.io/wiki/content/gh-a0437z.md","4297","4297","11bde748afb44cd06584efca9f6d44f9e0f1c25aed21a8e6f090a10753c107c4","11bde748afb44cd06584efca9f6d44f9e0f1c25aed21a8e6f090a10753c107c4",""
"gh-a0438z","Gh A0438Z","pages/gh-a0438z.md","/v5ma.github.io/wiki/content/gh-a0438z.md","1620","969","59fca6c55343c8340f4cb30e7405917d20424db952dd5622fa454ebf76f40778","608e4a90d84e645f81f01ec87db265e1f1cc34dd8aec3c9a63737bc3cc520dd3","routeBlocksRemoved:1"
"gh-a0439z","Gh A0439Z","pages/gh-a0439z.md","/v5ma.github.io/wiki/content/gh-a0439z.md","1586","940","2e91448ba507726c9d888a2f651837ff0aedd7cba8f059b397cdabc64fd2297c","7235c8cde413c7fea66f9bd846e38a3e0bcedb1d097b1ae68c9282da178a606a","routeBlocksRemoved:1"
"gh-a0440z","Gh A0440Z","pages/gh-a0440z.md","/v5ma.github.io/wiki/content/gh-a0440z.md","2736","2090","fb5e54195c6f73dbdd2967dfc2dd1ff88a82a3a378ddbb033202a307a5873e1f","b5f6dc4ab11eafba78e2ac7a398e78fd233773865816757bebf0bcdf64fc6bcc","routeBlocksRemoved:1"
"gh-a0441z","Gh A0441Z","pages/gh-a0441z.md","/v5ma.github.io/wiki/content/gh-a0441z.md","2876","1897","9c340c5ff3fc3208547363361c1109c816565b0da33f651257ac7d31765fc639","05cd669ac49d2daad4ac66390afb3b8a642bc7a407c0605445553b700898f6bf","routeBlocksRemoved:1"
"gh-a0442z","Gh A0442Z","pages/gh-a0442z.md","/v5ma.github.io/wiki/content/gh-a0442z.md","3392","3392","80ca2d66b457ad4b331f36eefbcecf713a55f69ed8450bb505cc6959d1b889ed","80ca2d66b457ad4b331f36eefbcecf713a55f69ed8450bb505cc6959d1b889ed",""
"gh-a0443z","Gh A0443Z","pages/gh-a0443z.md","/v5ma.github.io/wiki/content/gh-a0443z.md","2833","1823","506451cd09480f47fe41aceaa21d71e4ea8bcfed192f77569d96c795dd7b02ae","3f5e3bcf6de349c7f9cd688ae5123fdd6b6810607f2676eebf182d900778ffa1","routeBlocksRemoved:1"
"gh-a0444z","Gh A0444Z","pages/gh-a0444z.md","/v5ma.github.io/wiki/content/gh-a0444z.md","3772","2748","45f1231923bfe6d5ad13ba8e24ecfd1cc111f4adf000de926ccf039b726cfe1d","13bd722fe5aff7cc1e82b15062d5a62c9dadf9306d2fb4f90b8bb222eb1944d0","routeBlocksRemoved:1"
"gh-a0445z","Gh A0445Z","pages/gh-a0445z.md","/v5ma.github.io/wiki/content/gh-a0445z.md","5200","5200","840d877f772966130d06937fa259209bc65390933c7a80fd3e30d3038f2db433","840d877f772966130d06937fa259209bc65390933c7a80fd3e30d3038f2db433",""
"gh-a0448z","Gh A0448Z","pages/gh-a0448z.md","/v5ma.github.io/wiki/content/gh-a0448z.md","13229","13229","44d65fe0bb6985a6661d8c7c24b697e41b64cdf8df6d9c94b3a195bb5de73844","44d65fe0bb6985a6661d8c7c24b697e41b64cdf8df6d9c94b3a195bb5de73844",""
"gh-a0449z","Gh A0449Z","pages/gh-a0449z.md","/v5ma.github.io/wiki/content/gh-a0449z.md","3324","3324","bba70f8cb9a8211b94b76720865cacefd4135be078fcd8f2df27fe464b67a507","bba70f8cb9a8211b94b76720865cacefd4135be078fcd8f2df27fe464b67a507",""
"gh-a0450z","Gh A0450Z","pages/gh-a0450z.md","/v5ma.github.io/wiki/content/gh-a0450z.md","3700","2718","e8a91eaa7ebd7f4280bb1aac9e2c37fac4335280960550b2a9cee4d406f6303f","c777fa5a4a99dc37c5e915ef0b45b926412330ddedb4342061404aafc2b660b2","routeBlocksRemoved:1"
"gh-a0452z","Gh A0452Z","pages/gh-a0452z.md","/v5ma.github.io/wiki/content/gh-a0452z.md","1631","1631","d7c199c71b3264d649ce67a46b9a9ef347922c8cbdc1cdb14af587d2abb28672","d7c199c71b3264d649ce67a46b9a9ef347922c8cbdc1cdb14af587d2abb28672",""
"gh-a0453z","Gh A0453Z","pages/gh-a0453z.md","/v5ma.github.io/wiki/content/gh-a0453z.md","19712","19712","5415c1b1d331497a29406b76b5f348d1cbd615ac37bdbc964039960ff56c3989","5415c1b1d331497a29406b76b5f348d1cbd615ac37bdbc964039960ff56c3989",""
"gh-a0457z","Gh A0457Z","pages/gh-a0457z.md","/v5ma.github.io/wiki/content/gh-a0457z.md","2208","1562","762d3f0b27dd50c5cf4aa109300b2b48fb55ca518224d516c3a275b3f6632574","bc415ddfaef5ace1ed9701084af334dee4100d2acca4205038639e03e373299f","routeBlocksRemoved:1"
"gh-a0459z","Gh A0459Z","pages/gh-a0459z.md","/v5ma.github.io/wiki/content/gh-a0459z.md","5666","4684","7168ee443f566bcc46068211d0476dcfcae88d4b6bce89335062cb2f48d60259","fc3ef2499d86cb09b5679a6311f400c036c6c95b176b02ad9e4c665799ba3905","routeBlocksRemoved:1"
"gh-a0462z","Gh A0462Z","pages/gh-a0462z.md","/v5ma.github.io/wiki/content/gh-a0462z.md","1494","1494","89ffa119f9a425193089504221589627c9f2065bfe7f836171605562451b197d","89ffa119f9a425193089504221589627c9f2065bfe7f836171605562451b197d",""
"gh-a0464z","Gh A0464Z","pages/gh-a0464z.md","/v5ma.github.io/wiki/content/gh-a0464z.md","3112","3112","dd123f5068791d5be938e415b3fe24f55695c0bdf4f386237e1b46e1d1c74d90","dd123f5068791d5be938e415b3fe24f55695c0bdf4f386237e1b46e1d1c74d90",""
"gh-a0465z","Gh A0465Z","pages/gh-a0465z.md","/v5ma.github.io/wiki/content/gh-a0465z.md","5480","5480","25fbf3251d987432ad2d04b5ac61f7a418daed4d44cb577b86f1c04c33f6b840","25fbf3251d987432ad2d04b5ac61f7a418daed4d44cb577b86f1c04c33f6b840",""
"gh-a0467z","Gh A0467Z","pages/gh-a0467z.md","/v5ma.github.io/wiki/content/gh-a0467z.md","2755","2755","f76a12ebcd42023d9154e932595c0fcdaf20a779f3c33b04f85834d1ffc1c699","f76a12ebcd42023d9154e932595c0fcdaf20a779f3c33b04f85834d1ffc1c699",""
"gh-a0468z","Gh A0468Z","pages/gh-a0468z.md","/v5ma.github.io/wiki/content/gh-a0468z.md","5297","5297","86a8659a181ea6dddb32dfdffb862508d93574d39927a5599d272b899469e9d6","86a8659a181ea6dddb32dfdffb862508d93574d39927a5599d272b899469e9d6",""
"gh-a0469z","Gh A0469Z","pages/gh-a0469z.md","/v5ma.github.io/wiki/content/gh-a0469z.md","747","747","3355c91e67b8f6d8017826e4d7b443cc175e3e3f1f17d04cd97e3a48cd247aa5","3355c91e67b8f6d8017826e4d7b443cc175e3e3f1f17d04cd97e3a48cd247aa5",""
"gh-a0470z","Gh A0470Z","pages/gh-a0470z.md","/v5ma.github.io/wiki/content/gh-a0470z.md","1278","1278","d82f198981d0a0f730b7b588df3e2a19dbdf7aaa63dca45be3be68109a7f0dbe","d82f198981d0a0f730b7b588df3e2a19dbdf7aaa63dca45be3be68109a7f0dbe",""
"gh-a0472z","Gh A0472Z","pages/gh-a0472z.md","/v5ma.github.io/wiki/content/gh-a0472z.md","8793","8793","fafe8f4cb004ba897f60f1576251b25f9544f4a7a350cddfdffec7a5438f34d8","fafe8f4cb004ba897f60f1576251b25f9544f4a7a350cddfdffec7a5438f34d8",""
"gh-a0473z","Gh A0473Z","pages/gh-a0473z.md","/v5ma.github.io/wiki/content/gh-a0473z.md","2043","2043","9da7468f1abb02db91c39ec0d29763bf5d7f7c0e98d89446c73e88bdafc8bc55","9da7468f1abb02db91c39ec0d29763bf5d7f7c0e98d89446c73e88bdafc8bc55",""
"gh-a0476z","Gh A0476Z","pages/gh-a0476z.md","/v5ma.github.io/wiki/content/gh-a0476z.md","6229","6229","44e082925ab83edbdc27c709d3373f989704e1dbe9a6133856e24e17a4c19882","44e082925ab83edbdc27c709d3373f989704e1dbe9a6133856e24e17a4c19882",""
"gh-a0477z","Gh A0477Z","pages/gh-a0477z.md","/v5ma.github.io/wiki/content/gh-a0477z.md","4438","4438","080443f6bf138a954d85b6ef88b2857fc0d12f01b5dd86550f7162124510807f","080443f6bf138a954d85b6ef88b2857fc0d12f01b5dd86550f7162124510807f",""
"gh-a0478z","Gh A0478Z","pages/gh-a0478z.md","/v5ma.github.io/wiki/content/gh-a0478z.md","2141","1495","f1f163b9a9f3a1d1c870dc112d04b9e1030753414e3452c50720afc7c94b3d1a","191181c1a25761ff5bd6d24a6f56f85df6f25d215f7752396aa080ce41443fa5","routeBlocksRemoved:1"
"gh-a0480z","Gh A0480Z","pages/gh-a0480z.md","/v5ma.github.io/wiki/content/gh-a0480z.md","848","848","5bac84b6f65df5b0b101214166fdcdbb6b14a66f813ae86961dcb1cb35d1dadc","5bac84b6f65df5b0b101214166fdcdbb6b14a66f813ae86961dcb1cb35d1dadc",""
"gh-a0481z","Matrices, Morphisms, and Neural State Change (a0481z)","pages/gh-a0481z.md","/v5ma.github.io/wiki/content/gh-a0481z.md","9718","9718","0f491d45996df7063b8b0fb04d1039b7cb81fe266bbe643e20251d30445f7ef0","0f491d45996df7063b8b0fb04d1039b7cb81fe266bbe643e20251d30445f7ef0",""
"gh-a0482z","Gh A0482Z","pages/gh-a0482z.md","/v5ma.github.io/wiki/content/gh-a0482z.md","5903","5903","aca9c8af015a2ce819594e1804371bfabf8538d6555ca8658654a6d348ff7b21","aca9c8af015a2ce819594e1804371bfabf8538d6555ca8658654a6d348ff7b21",""
"gh-a0487z","Gh A0487Z","pages/gh-a0487z.md","/v5ma.github.io/wiki/content/gh-a0487z.md","624","624","2b4a62055084ac617bf68b8169f8eaff012ce40159ae4dd377ca1267841b7322","2b4a62055084ac617bf68b8169f8eaff012ce40159ae4dd377ca1267841b7322",""
"gh-a0489z","Gh A0489Z","pages/gh-a0489z.md","/v5ma.github.io/wiki/content/gh-a0489z.md","1677","1677","344dda1fbd2850f48c1e18429d57296d5caf0f0d0f59a1ff683aa37c44d197aa","344dda1fbd2850f48c1e18429d57296d5caf0f0d0f59a1ff683aa37c44d197aa",""
"gh-a0491z","Gh A0491Z","pages/gh-a0491z.md","/v5ma.github.io/wiki/content/gh-a0491z.md","6113","6113","8f8ff503a13406c8a9988250dc3445e0286fda681802d793b128a63aba89e68b","8f8ff503a13406c8a9988250dc3445e0286fda681802d793b128a63aba89e68b",""
"gh-a0492z","Gh A0492Z","pages/gh-a0492z.md","/v5ma.github.io/wiki/content/gh-a0492z.md","3384","3384","e2d135da8b4ae3f34b9f74d23137ca0382b49fd12a2258246a1ea5fa2612f00e","e2d135da8b4ae3f34b9f74d23137ca0382b49fd12a2258246a1ea5fa2612f00e",""
"gh-a0493z","Gh A0493Z","pages/gh-a0493z.md","/v5ma.github.io/wiki/content/gh-a0493z.md","2781","2781","eab8ec1deb6cec02001a6f1c399f3cb583fa559fa1b53c020516285869452b3a","eab8ec1deb6cec02001a6f1c399f3cb583fa559fa1b53c020516285869452b3a",""
"gh-a0495z","Gh A0495Z","pages/gh-a0495z.md","/v5ma.github.io/wiki/content/gh-a0495z.md","5324","4342","a24374c0615b3c5e3ad3ce20f86a870ca1c67bd4a3899ec3675385a3439b1616","4d0490bf8f0286ce108f085b38083418965f1f71cac13f200d550a16a8d68f8f","routeBlocksRemoved:1"
"gh-a0496z","Gh A0496Z","pages/gh-a0496z.md","/v5ma.github.io/wiki/content/gh-a0496z.md","6961","6961","e1a9dd6f83aad5d2e78a3fb6cc8820c91626f4750d3816dfc85e6644b8b678ca","e1a9dd6f83aad5d2e78a3fb6cc8820c91626f4750d3816dfc85e6644b8b678ca",""
"gh-a0497z","Gh A0497Z","pages/gh-a0497z.md","/v5ma.github.io/wiki/content/gh-a0497z.md","33211","33211","50f6196811238ce5977babb9bb81e3049dfd57eab0ef56294684b333b5b795ec","50f6196811238ce5977babb9bb81e3049dfd57eab0ef56294684b333b5b795ec",""
"gh-a0499z","Gh A0499Z","pages/gh-a0499z.md","/v5ma.github.io/wiki/content/gh-a0499z.md","3001","2355","cb30b263834ff5a4b6465a664d591c3dd83fc2b690cc6796b6442d3b08a17b12","bfa1cf05f9abdac3e51ef642850a5964a4ed9cba122b938ae4e8497234df3594","routeBlocksRemoved:1"
"gh-a0500z","Gh A0500Z","pages/gh-a0500z.md","/v5ma.github.io/wiki/content/gh-a0500z.md","3806","2824","77e74da9617f80ee0204675d76629becd6a7d68a92565f14ec72e38ddf926a6d","af69cdcf0a30457aae82969e5f88fcc9533bde066ba1718b1fff6791031e6a54","routeBlocksRemoved:1"
"gh-a0502z","Gh A0502Z","pages/gh-a0502z.md","/v5ma.github.io/wiki/content/gh-a0502z.md","6231","6231","136a42af252593dafd9314315e7c4e6d0c20d3fa9ba263c611f565aa68c5f2f5","136a42af252593dafd9314315e7c4e6d0c20d3fa9ba263c611f565aa68c5f2f5",""
"gh-a0503z","Gh A0503Z","pages/gh-a0503z.md","/v5ma.github.io/wiki/content/gh-a0503z.md","5965","5965","93e0191c4aefb6ff864db3283dd2acbfdad9f13e3ed0162666f048906656b79d","93e0191c4aefb6ff864db3283dd2acbfdad9f13e3ed0162666f048906656b79d",""
"gh-a0505z","Gh A0505Z","pages/gh-a0505z.md","/v5ma.github.io/wiki/content/gh-a0505z.md","638","638","6de268181fc13de150e9dcc882313329ad075f67a7bba7b47a7201594bc3cc33","6de268181fc13de150e9dcc882313329ad075f67a7bba7b47a7201594bc3cc33",""
"gh-a0506z","Gh A0506Z","pages/gh-a0506z.md","/v5ma.github.io/wiki/content/gh-a0506z.md","1206","1206","d39c1e7591b89ee240793e31cc60e67d707d4fb73ce6373bd0b32b4a21394264","d39c1e7591b89ee240793e31cc60e67d707d4fb73ce6373bd0b32b4a21394264",""
"gh-a0508z","Postural sway and regional cerebellar volume in adults with attention-deficit/hyperactivity disorder","pages/gh-a0508z.md","/v5ma.github.io/wiki/content/gh-a0508z.md","6914","6134","4bc33761500bfb6af125f151b4ba07a28e59001b53c4c37c8c7f159661386f3a","b49087b8188009a88876e9712be2cfb08c0d667152bb24f79e6f5f898b52b453","routeBlocksRemoved:1"
"gh-a0509z","Gh A0509Z","pages/gh-a0509z.md","/v5ma.github.io/wiki/content/gh-a0509z.md","12556","12556","23e746922bcfb6233b4b9634e2be0ffb111fad7307fb4a82e0ce2b2d2bef3245","23e746922bcfb6233b4b9634e2be0ffb111fad7307fb4a82e0ce2b2d2bef3245",""
"gh-a0510z","Gh A0510Z","pages/gh-a0510z.md","/v5ma.github.io/wiki/content/gh-a0510z.md","6982","6982","8c9e868012a25ae02d2a05d4fa1845cbb4015063d7d37fbf0106e9c92967655c","8c9e868012a25ae02d2a05d4fa1845cbb4015063d7d37fbf0106e9c92967655c",""
"gh-a0511z","Gh A0511Z","pages/gh-a0511z.md","/v5ma.github.io/wiki/content/gh-a0511z.md","11521","11521","042dcb7223292d531c9bf8c36fa611089a8b930946227c103d4ca5a2342a1ef0","042dcb7223292d531c9bf8c36fa611089a8b930946227c103d4ca5a2342a1ef0",""
"gh-a0512z","Gh A0512Z","pages/gh-a0512z.md","/v5ma.github.io/wiki/content/gh-a0512z.md","5103","5103","ceb3c53daf52518dd46f4e4ecb58f3a01035dc141c2c8a43d375d3305180a912","ceb3c53daf52518dd46f4e4ecb58f3a01035dc141c2c8a43d375d3305180a912",""
"gh-a0521z","Gh A0521Z","pages/gh-a0521z.md","/v5ma.github.io/wiki/content/gh-a0521z.md","2816","1834","09ffc3c34e22c60f1439476b2cf88a0d98ea62c53ddd6d28e53fec28ba361cf3","4ad61010069db8b7f599679f44e4ad784c131169dc56ee8bd88e7e837e55552c","routeBlocksRemoved:1"
"gh-a0523z","Gh A0523Z","pages/gh-a0523z.md","/v5ma.github.io/wiki/content/gh-a0523z.md","4925","4925","0a5c6e6830f1a103ab102601658b4ea1cdb91da69dd5af72a3d228ed9054da09","0a5c6e6830f1a103ab102601658b4ea1cdb91da69dd5af72a3d228ed9054da09",""
"gh-a0524z","Gh A0524Z","pages/gh-a0524z.md","/v5ma.github.io/wiki/content/gh-a0524z.md","1753","1107","265843560d0e63d72ace9d3c28a4533b3e19e7b6d9be9d592538d935b738f67c","e8796b1551ff4574605ddb1b5da5abc2a019f5da4a4c9efc2fd2512cad2b9ee1","routeBlocksRemoved:1"
"gh-a0525z","Gh A0525Z","pages/gh-a0525z.md","/v5ma.github.io/wiki/content/gh-a0525z.md","4766","4766","025e18d87f4e0908a054a69093cb0aac591141cbf0805ef0faf7ccc9a3bcd8fe","025e18d87f4e0908a054a69093cb0aac591141cbf0805ef0faf7ccc9a3bcd8fe",""
"gh-a0526z","Gh A0526Z","pages/gh-a0526z.md","/v5ma.github.io/wiki/content/gh-a0526z.md","1587","1587","a0608485c10070ccdcc4cbbfc78de459c69e9ea8f009ff2c4c2be459fb6a1085","a0608485c10070ccdcc4cbbfc78de459c69e9ea8f009ff2c4c2be459fb6a1085",""
"gh-a0527z","Gh A0527Z","pages/gh-a0527z.md","/v5ma.github.io/wiki/content/gh-a0527z.md","1238","1238","69bf58121d9769b6d31b4cb417a7d70a6ee01b7167b3a85b90c569c604997a61","69bf58121d9769b6d31b4cb417a7d70a6ee01b7167b3a85b90c569c604997a61",""
"gh-a0529z","Gh A0529Z","pages/gh-a0529z.md","/v5ma.github.io/wiki/content/gh-a0529z.md","4573","4573","83289f2a5e39dd08c2adedf5d00db0fc300ba9372f54496acf0d5b38fdb7acf9","83289f2a5e39dd08c2adedf5d00db0fc300ba9372f54496acf0d5b38fdb7acf9",""
"gh-a0530z","Gh A0530Z","pages/gh-a0530z.md","/v5ma.github.io/wiki/content/gh-a0530z.md","4874","4874","485649c2616e7e04117a977b1dacaee1fbaf2386030680ea3510b58f9cadb06d","485649c2616e7e04117a977b1dacaee1fbaf2386030680ea3510b58f9cadb06d",""
"gh-a0531z","Gh A0531Z","pages/gh-a0531z.md","/v5ma.github.io/wiki/content/gh-a0531z.md","2760","2114","6ca50ba666e228254e88b4f6eafbec6b748a72b1e2708f518933e9702424ccd4","a7923c5a143097e10086deacff786f5beb4699dc4dc05d8f28e9d37903ba30a9","routeBlocksRemoved:1"
"gh-a0532z","Gh A0532Z","pages/gh-a0532z.md","/v5ma.github.io/wiki/content/gh-a0532z.md","1375","724","f52ae9446f7cd34da9c909b470ec547d00b46f9a3839ea68b9ab808151f7eb6b","da1b00924f26f4e4ce58b53f00ef6ad448f732111632d9c9965c7f916e13879c","routeBlocksRemoved:1"
"gh-a0533z","Gh A0533Z","pages/gh-a0533z.md","/v5ma.github.io/wiki/content/gh-a0533z.md","1365","1365","fa3c8c90df9d63e69974644f2881f606a7c2b1ac32b1c92f898540379d872f23","fa3c8c90df9d63e69974644f2881f606a7c2b1ac32b1c92f898540379d872f23",""
"gh-a0534z","Gh A0534Z","pages/gh-a0534z.md","/v5ma.github.io/wiki/content/gh-a0534z.md","2938","2938","60ceb2a3ea9f58234fcecb383994310305636697fe9152c1a0de8984a45a7c1e","60ceb2a3ea9f58234fcecb383994310305636697fe9152c1a0de8984a45a7c1e",""
"gh-a0535z","Gh A0535Z","pages/gh-a0535z.md","/v5ma.github.io/wiki/content/gh-a0535z.md","3005","2023","e6c7c8739ff6c0257e6fb0c77363f62720adbde20d0a40b60f97360ce5c38b05","59c7a503df97fe1f8e669dd85509061830fab418b25dd9fce7155e808c7cc94a","routeBlocksRemoved:1"
"gh-a0539z","Gh A0539Z","pages/gh-a0539z.md","/v5ma.github.io/wiki/content/gh-a0539z.md","1720","1079","d33968c9130f0e6dbca63049a8a76d580331206d544ad49a7df4595ed7ee7a8c","62c66959e1785d1ee445da5cb8b03b44cfb169ed7e7ffd3ae4423f1fdea98d91","routeBlocksRemoved:1"
"gh-a0541z","Gh A0541Z","pages/gh-a0541z.md","/v5ma.github.io/wiki/content/gh-a0541z.md","2417","2417","5020cfd0a631fe5f2458fc845d06c0fe6641bc0535e20b43d4b82f4c803bcb9f","5020cfd0a631fe5f2458fc845d06c0fe6641bc0535e20b43d4b82f4c803bcb9f",""
"gh-a0543z","Gh A0543Z","pages/gh-a0543z.md","/v5ma.github.io/wiki/content/gh-a0543z.md","2869","2869","80ecf5d0cdf8fdbf447ecdf8533e7528533e03b48e5d3b73acd394b6c88bad55","80ecf5d0cdf8fdbf447ecdf8533e7528533e03b48e5d3b73acd394b6c88bad55",""
"gh-a0546z","Gh A0546Z","pages/gh-a0546z.md","/v5ma.github.io/wiki/content/gh-a0546z.md","4234","4234","e4dabf1d859ff9f0a6d9bf6b0c8591fb514be9596d0e19cac15a9b63ce698298","e4dabf1d859ff9f0a6d9bf6b0c8591fb514be9596d0e19cac15a9b63ce698298",""
"gh-a0547z","Gh A0547Z","pages/gh-a0547z.md","/v5ma.github.io/wiki/content/gh-a0547z.md","1105","1105","45f8f26075518065fdb10cff7c1b9583800bc5f02fd28eda6d01bf43e23c40e6","45f8f26075518065fdb10cff7c1b9583800bc5f02fd28eda6d01bf43e23c40e6",""
"gh-a0551z","Gh A0551Z","pages/gh-a0551z.md","/v5ma.github.io/wiki/content/gh-a0551z.md","6893","5911","ffb033b48cd0446a29f9ef8ffa81c684922548ac4372324c0c2f0c099c9ea434","ae937d421328110bb7c3a6fcc6950b4b2cc69bd674fa09c9e36ee057095eb0c4","routeBlocksRemoved:1"
"gh-a0552z","Gh A0552Z","pages/gh-a0552z.md","/v5ma.github.io/wiki/content/gh-a0552z.md","13983","13983","a55bd87b2ae0c9456353befca10c220fa47aa8da14a8adfa41a865390bb075f5","a55bd87b2ae0c9456353befca10c220fa47aa8da14a8adfa41a865390bb075f5",""
"gh-a0553z","Gh A0553Z","pages/gh-a0553z.md","/v5ma.github.io/wiki/content/gh-a0553z.md","5718","5718","4e4ee8cdc5992c5f19dd3bad6df115df54a88348a20991b74d6d8c892d3bbaab","4e4ee8cdc5992c5f19dd3bad6df115df54a88348a20991b74d6d8c892d3bbaab",""
"gh-a0555z","Gh A0555Z","pages/gh-a0555z.md","/v5ma.github.io/wiki/content/gh-a0555z.md","4344","3324","2907e0b87cdd81a6af36a0764c834510a78b71d8526c3f8b80890d3f8f84e972","afd0d7cad9ad6341f9892ad90e3f7db0a0d03eb589116932f23e21640e4b89aa","routeBlocksRemoved:1"
"gh-a0559z","Gh A0559Z","pages/gh-a0559z.md","/v5ma.github.io/wiki/content/gh-a0559z.md","866","866","a87a9cf5a4416042caa28c1fb64932144c175210de79f52e85bf5960761eee8e","a87a9cf5a4416042caa28c1fb64932144c175210de79f52e85bf5960761eee8e",""
"gh-a0560z","Gh A0560Z","pages/gh-a0560z.md","/v5ma.github.io/wiki/content/gh-a0560z.md","6102","6102","3a3b47620d12c966e8293886f5b35b7c89c1739aef7125cf5f3645fdecd4476f","3a3b47620d12c966e8293886f5b35b7c89c1739aef7125cf5f3645fdecd4476f",""
"gh-a0561z","Gh A0561Z","pages/gh-a0561z.md","/v5ma.github.io/wiki/content/gh-a0561z.md","3092","2446","578a1ce7aa00cf3ab2e8280f0a96ae7195f97e470459d640857fb1ef57a2b3b6","5d9825ee68dea57eeacff107d4976cfc6010ae79cd507cb5cba1c8f1e240bdcc","routeBlocksRemoved:1"
"gh-a0562z","Gh A0562Z","pages/gh-a0562z.md","/v5ma.github.io/wiki/content/gh-a0562z.md","3235","2589","bfc52397deddf5cd5b9678d7656ccb78983f181871fc7c72edf2f46993346534","8a67b53074a02f5a562c0f5eedeb1d1bec4979cf8e0441c8a959aa7c45287ab7","routeBlocksRemoved:1"
"gh-a0563z","Gh A0563Z","pages/gh-a0563z.md","/v5ma.github.io/wiki/content/gh-a0563z.md","21333","21333","4aa24d453acd5c77e3521c5e87b986c8c9721c6b699f2a02ffe1e444ceb92f05","4aa24d453acd5c77e3521c5e87b986c8c9721c6b699f2a02ffe1e444ceb92f05",""
"gh-a0564z","Gh A0564Z","pages/gh-a0564z.md","/v5ma.github.io/wiki/content/gh-a0564z.md","9475","9475","ea058f3e313c5ef409659eb317f0faf5e70f5bf41dd11df5ec4e6ddeab9c7fdc","ea058f3e313c5ef409659eb317f0faf5e70f5bf41dd11df5ec4e6ddeab9c7fdc",""
"gh-a0569z","Gh A0569Z","pages/gh-a0569z.md","/v5ma.github.io/wiki/content/gh-a0569z.md","11892","11892","1581d45077e03f09c738f07608f542c9cc04865f89f805d8a899f466d56141bf","1581d45077e03f09c738f07608f542c9cc04865f89f805d8a899f466d56141bf",""
"gh-a0570z","Gh A0570Z","pages/gh-a0570z.md","/v5ma.github.io/wiki/content/gh-a0570z.md","1442","801","ef127830161880d278f24948bced4d3cef1aeba0460c67c4d7335231987c9fab","c2963eb23c60f36f942521bc267091b3cc60e35f64b3bdd77ce2e840a76c6b2e","routeBlocksRemoved:1"
"gh-a0571z","Gh A0571Z","pages/gh-a0571z.md","/v5ma.github.io/wiki/content/gh-a0571z.md","2968","1986","30a56303f488ff3e49089bf6d40a9fe7427dd9a454b2b2fc096cf8d06e6eb412","f8b50effa8424dfb2739120e3fcbd15518a733b3e291538991a253da97596a4e","routeBlocksRemoved:1"
"gh-a0572z","Gh A0572Z","pages/gh-a0572z.md","/v5ma.github.io/wiki/content/gh-a0572z.md","3258","3258","d99f813b51ccdebe0289a5ea8c092d69c5e463b931113bda5ab04bd17accc0c3","d99f813b51ccdebe0289a5ea8c092d69c5e463b931113bda5ab04bd17accc0c3",""
"gh-a0573z","Gh A0573Z","pages/gh-a0573z.md","/v5ma.github.io/wiki/content/gh-a0573z.md","6651","6651","6fb3875e1263742ec298754aeee14d7586caeeef1c3bfa50dea25eb1c7e9e58a","6fb3875e1263742ec298754aeee14d7586caeeef1c3bfa50dea25eb1c7e9e58a",""
"gh-a0574z","Gh A0574Z","pages/gh-a0574z.md","/v5ma.github.io/wiki/content/gh-a0574z.md","11454","11454","449fcb224eb61cb9927d2a5d992dfdebe98ce7f52d54a99084b5042012122bd0","449fcb224eb61cb9927d2a5d992dfdebe98ce7f52d54a99084b5042012122bd0",""
"gh-a0575z","Gh A0575Z","pages/gh-a0575z.md","/v5ma.github.io/wiki/content/gh-a0575z.md","4781","4781","19b7754e869d5fa89954a0942e261853385bfa93354133b5d1e1d449f6008d77","19b7754e869d5fa89954a0942e261853385bfa93354133b5d1e1d449f6008d77",""
"gh-a0576z","Gh A0576Z","pages/gh-a0576z.md","/v5ma.github.io/wiki/content/gh-a0576z.md","19336","19336","0bb9c40b7ecbdb4b6a1f85d87e53f4f8eec24f76ceff0718b09a3cb378242087","0bb9c40b7ecbdb4b6a1f85d87e53f4f8eec24f76ceff0718b09a3cb378242087",""
"gh-a0577z","Gh A0577Z","pages/gh-a0577z.md","/v5ma.github.io/wiki/content/gh-a0577z.md","5624","5624","89306918d1bc6c771cba8b9cdea17bfbe3867b22f0a35f5e4203d5d26784bf8c","89306918d1bc6c771cba8b9cdea17bfbe3867b22f0a35f5e4203d5d26784bf8c",""
"gh-a0578z","Gh A0578Z","pages/gh-a0578z.md","/v5ma.github.io/wiki/content/gh-a0578z.md","3047","2401","ae9711c6e1d89729d26f33d0c77e0f65dd16ec37848798fd1e1bdadf52a01a2e","1c7b45767126e7385900ce00fa26ad6ce05ea08030eb7769ced5fcedd6c92bb1","routeBlocksRemoved:1"
"gh-a0579z","Gh A0579Z","pages/gh-a0579z.md","/v5ma.github.io/wiki/content/gh-a0579z.md","859","859","46853d9dcdff41bbb66f5f6c149a2d448a51bc44893511ed45c494229375bbaf","46853d9dcdff41bbb66f5f6c149a2d448a51bc44893511ed45c494229375bbaf",""
"gh-a0580z","Gh A0580Z","pages/gh-a0580z.md","/v5ma.github.io/wiki/content/gh-a0580z.md","3745","3099","37a8926314b470222e43265ede5cbbd3e6ce62213b9ee1d324ce797e272ddaa0","a939001e6d4c40801312e92cda9f13bf0f440972b03f3396f5c2fb858238fd25","routeBlocksRemoved:1"
"gh-a0581z","Gh A0581Z","pages/gh-a0581z.md","/v5ma.github.io/wiki/content/gh-a0581z.md","9704","9704","e7724570ed9221e6bcb65a9a23db5b73ef995990066218b4906388bef4ae4653","e7724570ed9221e6bcb65a9a23db5b73ef995990066218b4906388bef4ae4653",""
"gh-a0583z","Gh A0583Z","pages/gh-a0583z.md","/v5ma.github.io/wiki/content/gh-a0583z.md","4388","4388","8fb7764562378f07d964697d231aa2adea45798d59652a47cb0878da622c082a","8fb7764562378f07d964697d231aa2adea45798d59652a47cb0878da622c082a",""
"gh-a0585z","Gh A0585Z","pages/gh-a0585z.md","/v5ma.github.io/wiki/content/gh-a0585z.md","2825","1815","fa761cc6485a960d894c8216dedb64bf559041aac4ce33ee63c9fbe25a8e67fd","b9340305597214443edc8bd2ea13836176b569cec0ff1829eb10965025b70cbb","routeBlocksRemoved:1"
"gh-a0586z","Gh A0586Z","pages/gh-a0586z.md","/v5ma.github.io/wiki/content/gh-a0586z.md","1191","545","eca5669a6892f4630918b2bd8ccddbd6cad7d59859e043eb8e85235ff62f8f83","f08745565e58d1187755af71289b1f507fb25196a11510796134f9aeef6ce8b5","routeBlocksRemoved:1"
"gh-a0587z","Gh A0587Z","pages/gh-a0587z.md","/v5ma.github.io/wiki/content/gh-a0587z.md","879","879","d871a2b85fffb1fc60957b04793ca5510d6b76858cd30023c97f716bf91d2d05","d871a2b85fffb1fc60957b04793ca5510d6b76858cd30023c97f716bf91d2d05",""
"gh-a0588z","Gh A0588Z","pages/gh-a0588z.md","/v5ma.github.io/wiki/content/gh-a0588z.md","6563","5582","963a1bf08942856bf4e8805f516cc3361972e66a1ce2cc821be1c921631d22cd","f3c3ae64607dcd36aceee14aba11f3eb6b5f8809c0ab66a8d6db4911998b9dbc","routeBlocksRemoved:1"
"gh-a0589z","Gh A0589Z","pages/gh-a0589z.md","/v5ma.github.io/wiki/content/gh-a0589z.md","2498","1852","fcbb17736f7175e71cf963065b93838e70101e09b50096e78727f815ea93072f","6126d3c96ad2f8660eec050422235f95b569601fad092d4eae64afd5d0903794","routeBlocksRemoved:1"
"gh-a0590z","Gh A0590Z","pages/gh-a0590z.md","/v5ma.github.io/wiki/content/gh-a0590z.md","1935","1935","c77cfb18263601f93390bbd65818e3960e68b35bb0a8db0bd1d678ec46814292","c77cfb18263601f93390bbd65818e3960e68b35bb0a8db0bd1d678ec46814292",""
"gh-a0591z","Gh A0591Z","pages/gh-a0591z.md","/v5ma.github.io/wiki/content/gh-a0591z.md","4788","4788","85f248bcae22172d3b452f1bbf90fd144f0eec278ec30136d1b28a7e86f12ac7","85f248bcae22172d3b452f1bbf90fd144f0eec278ec30136d1b28a7e86f12ac7",""
"gh-a0592z","Gh A0592Z","pages/gh-a0592z.md","/v5ma.github.io/wiki/content/gh-a0592z.md","1470","829","9eb09c8398ba661525b57a436c7caa7fdad72e641a3c987168fbe99b346a8418","6139dabeae3ebe2614d168d885e4303645ae48f3bf695f3b8f1cfb488faa8552","routeBlocksRemoved:1"
"gh-a0593z","Gh A0593Z","pages/gh-a0593z.md","/v5ma.github.io/wiki/content/gh-a0593z.md","654","654","fafbfe739a9be66dd4aacda4d96619687aa6d702baa3e18521b3fb396bf5c0b9","fafbfe739a9be66dd4aacda4d96619687aa6d702baa3e18521b3fb396bf5c0b9",""
"gh-a0594z","Gh A0594Z","pages/gh-a0594z.md","/v5ma.github.io/wiki/content/gh-a0594z.md","1366","720","b43200308567cdc698043094f1d9d4ca0e0d1e299be4978ed51fc6d89fdae51b","176a3f8a2afc0820817839e139efd2b73ff0cdbb8f1f8ea12aa23aa52454b848","routeBlocksRemoved:1"
"gh-a0595z","Gh A0595Z","pages/gh-a0595z.md","/v5ma.github.io/wiki/content/gh-a0595z.md","1589","1589","5546e43d7d23a6903b947d94c0ecfd940b481146bf99f8043418708fe63bb902","5546e43d7d23a6903b947d94c0ecfd940b481146bf99f8043418708fe63bb902",""
"gh-a0597z","see note a0011z Cellular Oscillating Tomography","pages/gh-a0597z.md","/v5ma.github.io/wiki/content/gh-a0597z.md","11774","11774","6c746b060ed58f18dbf17c281d08d08d4492d959d7c4bf2533339f1fe37d98f3","6c746b060ed58f18dbf17c281d08d08d4492d959d7c4bf2533339f1fe37d98f3",""
"gh-a0598z","imagine as a thought experiment that each array is a complete deep neural network,","pages/gh-a0598z.md","/v5ma.github.io/wiki/content/gh-a0598z.md","7145","6164","72517ed32926267016b07d9a17570588dd8b03cd451afc80e615e0f6fa438a46","96aeba21578a8705a97883b62c35c35c4393dd35a836024cd90a6fa57d3f6217","routeBlocksRemoved:1"
"gh-a0599z","Gh A0599Z","pages/gh-a0599z.md","/v5ma.github.io/wiki/content/gh-a0599z.md","2026","1380","364aca6f95a4357deddc78b4adc728d0d50cbe083c5efc4d8fec81f87d7ec7bb","30458ea5badecca2830c9eabbf8496591c9cd8dc8477a920d4a2e5348dc7f999","routeBlocksRemoved:1"
"gh-a0600z","Gh A0600Z","pages/gh-a0600z.md","/v5ma.github.io/wiki/content/gh-a0600z.md","6755","6755","7058718001af62258311e1bcbd45fc0b922c366eaad70d1d65b99da8fad19945","7058718001af62258311e1bcbd45fc0b922c366eaad70d1d65b99da8fad19945",""
"gh-a0601z","Gh A0601Z","pages/gh-a0601z.md","/v5ma.github.io/wiki/content/gh-a0601z.md","7542","7542","15c889c353d0e9febd282fe8c9fe5021ec31358c380c16093dd3ae18f0cd6085","15c889c353d0e9febd282fe8c9fe5021ec31358c380c16093dd3ae18f0cd6085",""
"gh-a0602z","Gh A0602Z","pages/gh-a0602z.md","/v5ma.github.io/wiki/content/gh-a0602z.md","6939","6939","bf8ddeed861325fec40529cb42555b75404909fd9b9c87e80b1fbbf63ee5a359","bf8ddeed861325fec40529cb42555b75404909fd9b9c87e80b1fbbf63ee5a359",""
"gh-a0603z","Gh A0603Z","pages/gh-a0603z.md","/v5ma.github.io/wiki/content/gh-a0603z.md","4070","3088","c506e2d1f26a9000808dafa4a20815f9684bf1769ae3fdfd19038ffda9b84d43","842ac724466be70abfe0885c4c84ac62dfe5270f72ca1c70b7df531ffca16247","routeBlocksRemoved:1"
"gh-a0604z","""Genetically Engineered, Sound-Controlled Bacteria That Seek and Destroy Cancer Cells""","pages/gh-a0604z.md","/v5ma.github.io/wiki/content/gh-a0604z.md","4168","3377","e4a94f73b25b17fe5e0b22849a8e70a0e7a0cae480a4294350ee3ad634137da0","005785c22501ac8d04a43a2b0171b369a5cb374c466ca4554baf15926ce1a320","routeBlocksRemoved:1"
"gh-a0605z","Gh A0605Z","pages/gh-a0605z.md","/v5ma.github.io/wiki/content/gh-a0605z.md","2566","1584","140a2797534a15b192b822ce296e6d266f8c584bb5616823d2a78e1f8d4b5354","2a099a2f2fc41c66fc71b28c8be281c0de997d7da8ec6873c1ad3e6934efdf09","routeBlocksRemoved:1"
"gh-a0606z","Gh A0606Z","pages/gh-a0606z.md","/v5ma.github.io/wiki/content/gh-a0606z.md","5684","4702","3a04d348a28da36c7cf837162a3263ac979f51d28d0105a46fadee6ef0860405","10e3f509d729d2a580a239fb6c57b31dbb788089bbb349ecdfc24523311c4298","routeBlocksRemoved:1"
"gh-a0607z","""Towards 3D printing flesh with AI: Artificial intelligence folds RNA molecules""","pages/gh-a0607z.md","/v5ma.github.io/wiki/content/gh-a0607z.md","14024","14024","1d85d684cb7e18496a23ff260b443f8dea1ada5313bdc69b7f60c16fdacab19f","1d85d684cb7e18496a23ff260b443f8dea1ada5313bdc69b7f60c16fdacab19f",""
"gh-a0608z","Gh A0608Z","pages/gh-a0608z.md","/v5ma.github.io/wiki/content/gh-a0608z.md","2697","2697","87feda09babad16cbe1a5dbd82d7fb414f13581619c6d5d0df0d22b88ec65487","87feda09babad16cbe1a5dbd82d7fb414f13581619c6d5d0df0d22b88ec65487",""
"gh-a0609z","Gh A0609Z","pages/gh-a0609z.md","/v5ma.github.io/wiki/content/gh-a0609z.md","3766","3766","a530f75796b190455647b89c02168ba7a6395a4adfb06922837ba3b557756d2a","a530f75796b190455647b89c02168ba7a6395a4adfb06922837ba3b557756d2a",""
"gh-a0610z","Gh A0610Z","pages/gh-a0610z.md","/v5ma.github.io/wiki/content/gh-a0610z.md","4182","3172","cfb9a254f8b93fcf55f79001b209748f06f0f60d3818b4ee06d566f926e4dca1","db2f50b4e00eb6afbba0d9d794e01f4ccca8c7a872ca71ec7a2f82dddaa0a6c9","routeBlocksRemoved:1"
"gh-a0611z","Gh A0611Z","pages/gh-a0611z.md","/v5ma.github.io/wiki/content/gh-a0611z.md","2640","1994","f6a4118888ade1af713c1b6509dde61edb2c6e82bd76dca6bafc79dd7fb9f71d","67ac9b6c064b466e4a9746a9e53c2d797ba9d7233b5c1b3ff86a79da486b4b19","routeBlocksRemoved:1"
"gh-a0612z","Gh A0612Z","pages/gh-a0612z.md","/v5ma.github.io/wiki/content/gh-a0612z.md","3874","2892","cedee1f7c82bd0c4ac4549e2461f8f5c4f459beca17e476a99183853ce7e0c3f","d259fc7bccaba871320253aff9014d7c0b253e3e826be64314543a7c7801b8dc","routeBlocksRemoved:1"
"gh-a0613z","Gh A0613Z","pages/gh-a0613z.md","/v5ma.github.io/wiki/content/gh-a0613z.md","22907","22907","26cee771d263f7b7483f94d9c3c4f5c93e49f64349436c40787255ad0ced2b0d","26cee771d263f7b7483f94d9c3c4f5c93e49f64349436c40787255ad0ced2b0d",""
"gh-a0614z","Gh A0614Z","pages/gh-a0614z.md","/v5ma.github.io/wiki/content/gh-a0614z.md","4104","3094","f5e2ca16033ffb46443a9cebdcc5feefdce4fc2efbe095ebf577c70df0479acc","051d148c07f17f6098111f9b00819c7f4b9dcc539b154c898b4ac14fbb0be134","routeBlocksRemoved:1"
"gh-a0615z","Look to science fiction to understand the implications of the world of The Self Aware Networks Institute","pages/gh-a0615z.md","/v5ma.github.io/wiki/content/gh-a0615z.md","7317","7317","ab4fb49d2c3d28e6d8e867e3ee3c4ae3fce5c28af087ad89454e6df671667b0b","ab4fb49d2c3d28e6d8e867e3ee3c4ae3fce5c28af087ad89454e6df671667b0b",""
"gh-a0616z","Self Aware Networks (working from google doc this is a backup)","pages/gh-a0616z.md","/v5ma.github.io/wiki/content/gh-a0616z.md","14476","14476","aceb237177d6880f3ea03e563ccf54dd21f18de25361d8c849d4ff64520ad87f","aceb237177d6880f3ea03e563ccf54dd21f18de25361d8c849d4ff64520ad87f",""
"gh-a0617z","Gh A0617Z","pages/gh-a0617z.md","/v5ma.github.io/wiki/content/gh-a0617z.md","1904","1904","22624e8b8a3f2b5cd1ee2b17aecb160a6d430a0bb16e375395eeca5eca888e6a","22624e8b8a3f2b5cd1ee2b17aecb160a6d430a0bb16e375395eeca5eca888e6a",""
"gh-a0618z","Gh A0618Z","pages/gh-a0618z.md","/v5ma.github.io/wiki/content/gh-a0618z.md","1547","901","ddc13e35c52867cf6f3033c2f02aa65871f89dceb0717750230af8e04ccef30b","7c198d07920db260523e17e9c1355768dda1de45d5a25ab90079f6e833a93815","routeBlocksRemoved:1"
"gh-a0619z","Gh A0619Z","pages/gh-a0619z.md","/v5ma.github.io/wiki/content/gh-a0619z.md","27748","27748","08987e1b0ad6085c846c753428980bf7a0931ca3dabbdc430396038430ea3e2c","08987e1b0ad6085c846c753428980bf7a0931ca3dabbdc430396038430ea3e2c",""
"gh-a0620z","Gh A0620Z","pages/gh-a0620z.md","/v5ma.github.io/wiki/content/gh-a0620z.md","4052","3070","678aba33368f15bd8ac56f7f2df5ae81c88a7b32f112936ef410c9ee6a45cc52","49c00cbfb2a2bcdbbc44cd0f1b6ab5a03dd4366b08d317f76da20822ff738ce5","routeBlocksRemoved:1"
"gh-a0621z","Gh A0621Z","pages/gh-a0621z.md","/v5ma.github.io/wiki/content/gh-a0621z.md","21872","21872","5092ba1283f986117323b9e2bc0c21081a4eea2ccc9280c587e52779b557e215","5092ba1283f986117323b9e2bc0c21081a4eea2ccc9280c587e52779b557e215",""
"gh-a0622z","Gh A0622Z","pages/gh-a0622z.md","/v5ma.github.io/wiki/content/gh-a0622z.md","1530","879","a9d585618268d9ba915963b46273d5f9632b3831a60c8e34dc7ced2f3cfbc135","811b2b7b2c0395f602407dc30b7f5c619910e203be212d64c764da802ebbec14","routeBlocksRemoved:1"
"gh-a0623z","Gh A0623Z","pages/gh-a0623z.md","/v5ma.github.io/wiki/content/gh-a0623z.md","1873","1873","167991f418769756132582a60f17597b5076f0b89354d5bdc2cfb772bd21147e","167991f418769756132582a60f17597b5076f0b89354d5bdc2cfb772bd21147e",""
"gh-a0624z","Gh A0624Z","pages/gh-a0624z.md","/v5ma.github.io/wiki/content/gh-a0624z.md","9824","9824","e87735466a3be5c304230849c052acc73f257afd992866da5b5bb80e10dad316","e87735466a3be5c304230849c052acc73f257afd992866da5b5bb80e10dad316",""
"gh-a0625z","Gh A0625Z","pages/gh-a0625z.md","/v5ma.github.io/wiki/content/gh-a0625z.md","9055","9055","2f7598f3d781780e6fd8625395b245ebed6c912f96cbfc393a249c234e6b6d91","2f7598f3d781780e6fd8625395b245ebed6c912f96cbfc393a249c234e6b6d91",""
"gh-a0626z","Gh A0626Z","pages/gh-a0626z.md","/v5ma.github.io/wiki/content/gh-a0626z.md","995","995","49500a854a9adf46a94040e84b774feae702bf8c39a561eb7689fa498328d2da","49500a854a9adf46a94040e84b774feae702bf8c39a561eb7689fa498328d2da",""
"gh-a0627z","Gh A0627Z","pages/gh-a0627z.md","/v5ma.github.io/wiki/content/gh-a0627z.md","1536","1536","d161a473ac348a49cca3164091191de6760372d1bb2d4d5476ce79be57be82a9","d161a473ac348a49cca3164091191de6760372d1bb2d4d5476ce79be57be82a9",""
"gh-a0628z","Gh A0628Z","pages/gh-a0628z.md","/v5ma.github.io/wiki/content/gh-a0628z.md","1259","1259","461f7d011192967244f63ee2ccf5067364f2d93081af9e3124e4be0ffa3c8a8e","461f7d011192967244f63ee2ccf5067364f2d93081af9e3124e4be0ffa3c8a8e",""
"gh-a0629z","Gh A0629Z","pages/gh-a0629z.md","/v5ma.github.io/wiki/content/gh-a0629z.md","798","798","7c912ee151908ec45987c893658ee11f6d5f70ea494994cac64c6846618e5b10","7c912ee151908ec45987c893658ee11f6d5f70ea494994cac64c6846618e5b10",""
"gh-a0630z","Gh A0630Z","pages/gh-a0630z.md","/v5ma.github.io/wiki/content/gh-a0630z.md","3441","2466","ac7a49ab2c9f80120a75b6ad39e3465448f29371adba8b4007cb400dcda5e6d1","98d723af827f3fb713e698e3d70eeee6a0d785acec1e1298c494d64e45f732f1","routeBlocksRemoved:1"
"gh-a0631z","Gh A0631Z","pages/gh-a0631z.md","/v5ma.github.io/wiki/content/gh-a0631z.md","3394","2765","56711192f3e34fda9c39fdd341f7869f1ea4f8d347376f1cc9a80ae78e41b399","79678b262e97e0e14da791be32d299f36650787ca9ff1dcb058f3ccbbe5d4305","routeBlocksRemoved:1"
"gh-a0632z","Gh A0632Z","pages/gh-a0632z.md","/v5ma.github.io/wiki/content/gh-a0632z.md","10021","10021","ed416157aeb96a5e1ef55be14b93f28025dedd87d7d641771c1602e9da164068","ed416157aeb96a5e1ef55be14b93f28025dedd87d7d641771c1602e9da164068",""
"gh-a0633z","Gh A0633Z","pages/gh-a0633z.md","/v5ma.github.io/wiki/content/gh-a0633z.md","1489","1489","c56e10b412eaf84f18ca7ad10f79e57dae587364167f76ee5f51a4984ff9281a","c56e10b412eaf84f18ca7ad10f79e57dae587364167f76ee5f51a4984ff9281a",""
"gh-a0634z","Gh A0634Z","pages/gh-a0634z.md","/v5ma.github.io/wiki/content/gh-a0634z.md","6255","5273","b9b4c0a4f8221f60fa69a9830d181ac3d5638934c4388bdc0e11b8bc92e8069e","df7eb588c0ed92fc1b9d3adaf5eb55354e6deb03d24e7dc41fa1076ad5ea9d64","routeBlocksRemoved:1"
"gh-a0635z","Gh A0635Z","pages/gh-a0635z.md","/v5ma.github.io/wiki/content/gh-a0635z.md","1933","1282","e242af53dce2a8502237d52a7405aaa26691bb1a2a464e87efb2957b55e9e5de","afb2678074c623609d2c468ff95c29fa2716b6889b08c54f55b71aa2138ece90","routeBlocksRemoved:1"
"gh-a0636z","Gh A0636Z","pages/gh-a0636z.md","/v5ma.github.io/wiki/content/gh-a0636z.md","8033","8033","8ff6af48519aabf6ab78248a6828f3adc0876f898aefd381b9c3694f75ff7b05","8ff6af48519aabf6ab78248a6828f3adc0876f898aefd381b9c3694f75ff7b05",""
"gh-a0637z","Gh A0637Z","pages/gh-a0637z.md","/v5ma.github.io/wiki/content/gh-a0637z.md","1439","798","4f2fed0475795cd1a4b65d8fe5119a23d9ea78576f73f4af50e2998b95c74960","3687c36f19aa878fd62ddd8586439ffd4a9c16b5a4444ad68ca79a24afbc206c","routeBlocksRemoved:1"
"gh-a0638z","Gh A0638Z","pages/gh-a0638z.md","/v5ma.github.io/wiki/content/gh-a0638z.md","2529","1900","4d5f37343090c5a024bacd67d9f33cfb5eba7070882c7499f2aa97efe788bc3b","6b9e21216c620d2ed69fb854fa98a7382b3f5ae73022149957feeeea38ad4116","routeBlocksRemoved:1"
"gh-a0640z","Gh A0640Z","pages/gh-a0640z.md","/v5ma.github.io/wiki/content/gh-a0640z.md","1193","1193","d2f40ff7e8878b469f02dd49c6f91febed25d4db033a2ceee1517b6a57ad29b5","d2f40ff7e8878b469f02dd49c6f91febed25d4db033a2ceee1517b6a57ad29b5",""
"gh-a0641z","Gh A0641Z","pages/gh-a0641z.md","/v5ma.github.io/wiki/content/gh-a0641z.md","4420","4420","2ad991f64601f9fdb826e42948385948da7c94117c6dc021f78a0de681ec61bf","2ad991f64601f9fdb826e42948385948da7c94117c6dc021f78a0de681ec61bf",""
"gh-a0642z","Gh A0642Z","pages/gh-a0642z.md","/v5ma.github.io/wiki/content/gh-a0642z.md","5533","4573","c73592d3d14b0bb5385d5fa96ec6c5440bae2d46533346c8486bd065a8d973a3","422fe8d5e530d45be7874177e4a8fadda93e6aa466bd9b23a6a5d2a86fb85c41","routeBlocksRemoved:1"
"gh-a0643z","Gh A0643Z","pages/gh-a0643z.md","/v5ma.github.io/wiki/content/gh-a0643z.md","1583","954","7bc65729656c45683eb5f5564ea2a02c8537a7a236666e0f0f733345c69af8a3","83e3f64e3057865bc2724e837ee015752cf1151acc20b7bf4677dbb11492956c","routeBlocksRemoved:1"
"gh-a0644z","Gh A0644Z","pages/gh-a0644z.md","/v5ma.github.io/wiki/content/gh-a0644z.md","20479","20515","3aa85d84150453cef6d5e0f167169a09047f285bbb25a588a34eab413731632a","b1a32289b8d9c0d31b3fd7122bc30309e740667e880981cd573e1b8375d7a817","privateArchiveNamesGeneralized:2"
"gh-a0645z","Are Grid-Like Representations a Component of All Perception and Cognition?","pages/gh-a0645z.md","/v5ma.github.io/wiki/content/gh-a0645z.md","10231","10231","b5d60da9b07a7db3058d6a4d0ec45fb578299c04f3d76dd29263539d5bd33733","b5d60da9b07a7db3058d6a4d0ec45fb578299c04f3d76dd29263539d5bd33733",""
"gh-a0646z","Gh A0646Z","pages/gh-a0646z.md","/v5ma.github.io/wiki/content/gh-a0646z.md","2287","2287","e325f9ff3aee68d115c6efb34310cc7a939fd032fe3d781fcb2c2a36743de6e2","e325f9ff3aee68d115c6efb34310cc7a939fd032fe3d781fcb2c2a36743de6e2",""
"gh-a0647z","Gh A0647Z","pages/gh-a0647z.md","/v5ma.github.io/wiki/content/gh-a0647z.md","3933","3933","60a3fa368f379eddd90cdcd2db7cb7076e59f4369c02fadae45e2a58a758689c","60a3fa368f379eddd90cdcd2db7cb7076e59f4369c02fadae45e2a58a758689c",""
"gh-a0648z","Gh A0648Z","pages/gh-a0648z.md","/v5ma.github.io/wiki/content/gh-a0648z.md","1740","1089","e672253a6de50be6e9f8a8662687345770f52eb894d1ae6d1a2db315033cbf2b","4db80b2b7380c626beec1b2e371eef16381e51daf517d6bdf9599f7532262ecd","routeBlocksRemoved:1"
"gh-a0649z","Gh A0649Z","pages/gh-a0649z.md","/v5ma.github.io/wiki/content/gh-a0649z.md","19421","19421","847f3d02b0eacfa267affa086d706b21dcbd0f5053a5deba902be0d44b443f4f","847f3d02b0eacfa267affa086d706b21dcbd0f5053a5deba902be0d44b443f4f",""
"gh-a0650z","Sage Synapse GPT:","pages/gh-a0650z.md","/v5ma.github.io/wiki/content/gh-a0650z.md","7198","6418","488259e15e0e7824c098fcf148f21b4eca876971318841fe6725d863add265a6","b3e3cd7067bb8500c6fdf996971e4c50c59d77013b9417fe820412d7a5c98c26","routeBlocksRemoved:1"
"gh-a0651z","Gh A0651Z","pages/gh-a0651z.md","/v5ma.github.io/wiki/content/gh-a0651z.md","3454","2472","4d7c286653c0bb49048d673619e04899417286742a2041f27d32b5fbd19863de","fdd0208b3e2f9446914e48b3c0803f6e15800eadb2fcdbe7d3ea69d84eb1de0d","routeBlocksRemoved:1"
"gh-b0001y","Gh B0001Y","pages/gh-b0001y.md","/v5ma.github.io/wiki/content/gh-b0001y.md","5135","4153","1ba61635aa950e19ba80df7f11effab65b59f09b0924a69c057847f413304501","73c6bd79d711a87e87c49cf44eaa90e22604e797385294a472f4bc99bee239d0","routeBlocksRemoved:1"
"gh-b0002y","Gh B0002Y","pages/gh-b0002y.md","/v5ma.github.io/wiki/content/gh-b0002y.md","32631","32631","ac4ee759ac586b4a79c6ef4bf98857c9a94a07daa228b18548bd8cb39ab850f1","ac4ee759ac586b4a79c6ef4bf98857c9a94a07daa228b18548bd8cb39ab850f1",""
"gh-b0003y","Sage Synapse (ChatGPT 4 GPT bot) summary:","pages/gh-b0003y.md","/v5ma.github.io/wiki/content/gh-b0003y.md","32514","32514","88f877a00be44910d4fedb22a00b0abcec0a80464ac9caed1b450602baa6453d","88f877a00be44910d4fedb22a00b0abcec0a80464ac9caed1b450602baa6453d",""
"gh-b0004y","The biggest failure in the entire history of neuroscience is that we have been using the term amplitude instead of the term magnitude to model the action potential.","pages/gh-b0004y.md","/v5ma.github.io/wiki/content/gh-b0004y.md","8747","8747","ffcf76edb0e630940662dcefb330482812c77ce8395fd1704bc0a2ca4db2227a","ffcf76edb0e630940662dcefb330482812c77ce8395fd1704bc0a2ca4db2227a",""
"gh-b0005y","a0618z.md","pages/gh-b0005y.md","/v5ma.github.io/wiki/content/gh-b0005y.md","2889","2188","7caf2de5b1c45c1af93adb35d7a703ca1dda7dc6090c220e168525db0b9c71f5","430944dea8954a76e55da01e50bdedfb18f5aee7e40f2bc9e16ba78bae06f420","routeBlocksRemoved:1"
"gh-b0006y","Gh B0006Y","pages/gh-b0006y.md","/v5ma.github.io/wiki/content/gh-b0006y.md","19166","19166","231267d10d786688580ad9c6f0665cc725a37c618a77e57d94d5cbac617665c4","231267d10d786688580ad9c6f0665cc725a37c618a77e57d94d5cbac617665c4",""
"gh-b0007y","Gh B0007Y","pages/gh-b0007y.md","/v5ma.github.io/wiki/content/gh-b0007y.md","2503","1521","25bbc805f7d75dab628b2e6eabaf2c5e6cbd85593bdeacefdd7f351934322147","eae9716882245d423b221fe1e47b8a3a50d7fb51d72a440c8376cf010eb8b257","routeBlocksRemoved:1"
"gh-b0008y","Gh B0008Y","pages/gh-b0008y.md","/v5ma.github.io/wiki/content/gh-b0008y.md","5352","4723","86ab8eed31a991ea96ab0198831e696630a89d62c5a6abea402573b3db83ef01","bb412921e4b73b37e32a19816e8d730878088b12cfe771568c623c8986d72589","routeBlocksRemoved:1"
"gh-b0009y","Gh B0009Y","pages/gh-b0009y.md","/v5ma.github.io/wiki/content/gh-b0009y.md","49341","49341","c14967900943c72ef2834ef19a8fa4e3edc76f062eb2d619d3afdd38552d6284","c14967900943c72ef2834ef19a8fa4e3edc76f062eb2d619d3afdd38552d6284",""
"gh-b0010y","b0010 and a0310z","pages/gh-b0010y.md","/v5ma.github.io/wiki/content/gh-b0010y.md","29766","29766","3a91af7fe4fca219406c19741685af72485310b844892dce1b0338799c8f7728","3a91af7fe4fca219406c19741685af72485310b844892dce1b0338799c8f7728",""
"gh-b0011y","""Direct spinal projections to limbic and striatal areas: Anterograde transport studies from the upper cervical spinal cord and the cervical enlargement in squirrel monkey and rat""","pages/gh-b0011y.md","/v5ma.github.io/wiki/content/gh-b0011y.md","9606","8624","bffad9391cfa686a3634ea856bbb733ba94614b89eec6183a6a5501ef434f2b2","df8125fbfa63e21aeb3ff0f28d869e275a07a810e30a09e792bd223238c3f270","routeBlocksRemoved:1"
"gh-b0012y","Gh B0012Y","pages/gh-b0012y.md","/v5ma.github.io/wiki/content/gh-b0012y.md","3668","3039","c7057b3cc2ed609497a9d8ca66b62e9af45130d00c52d1b62317799f158279ad","517b73b6da9c5816f8143495e78e16fb424e7889668af1ec4cc66437bf92697b","routeBlocksRemoved:1"
"gh-b0014y","Gh B0014Y","pages/gh-b0014y.md","/v5ma.github.io/wiki/content/gh-b0014y.md","17630","17630","0e48a2c03631ecb6bfbd93d7b91e942fca394b31c3315385fff59e98f65d04c3","0e48a2c03631ecb6bfbd93d7b91e942fca394b31c3315385fff59e98f65d04c3",""
"gh-b0015y","Gh B0015Y","pages/gh-b0015y.md","/v5ma.github.io/wiki/content/gh-b0015y.md","6324","6324","8b3726ccaf71beb8cd9005a8df236f9297840b560dc7dc1d073d7885eae00687","8b3726ccaf71beb8cd9005a8df236f9297840b560dc7dc1d073d7885eae00687",""
"gh-b0016y","Gh B0016Y","pages/gh-b0016y.md","/v5ma.github.io/wiki/content/gh-b0016y.md","10782","10782","7488dfefbe0209f2d59efd1f9cab21e0a5ba206e11a026f6a5b991381ba82438","7488dfefbe0209f2d59efd1f9cab21e0a5ba206e11a026f6a5b991381ba82438",""
"gh-b0017y","Gh B0017Y","pages/gh-b0017y.md","/v5ma.github.io/wiki/content/gh-b0017y.md","41315","41315","abbcd4f2c72101723f44a066a13211de7d6ca0b2450e004642c49b1d1b718f8b","abbcd4f2c72101723f44a066a13211de7d6ca0b2450e004642c49b1d1b718f8b",""
"gh-b0018y","Gh B0018Y","pages/gh-b0018y.md","/v5ma.github.io/wiki/content/gh-b0018y.md","78301","78301","d191b6523efbba18eb8f900d7b8a0f9064ca2dff81a30ed1128fe23489a94c3c","d191b6523efbba18eb8f900d7b8a0f9064ca2dff81a30ed1128fe23489a94c3c",""
"gh-b0020y","Gh B0020Y","pages/gh-b0020y.md","/v5ma.github.io/wiki/content/gh-b0020y.md","3946","3317","60c46b1b7e70b23c39d467a5dd1858be4bf9b5ca23b5fd37833ec530c7eda738","3b9bdc9dc1cb04a577b0c01224dfda639cc0c8c9dd45015beefad0eee0cb4d74","routeBlocksRemoved:1"
"gh-b0036y","Original Whisper Transcription:","pages/gh-b0036y.md","/v5ma.github.io/wiki/content/gh-b0036y.md","8761","7779","865f98d595e24ea74b68d1b7d69dcd64cae3a34c0920059332a5932f3eb789e1","3632ed179f3de6d34c7b1cf11028d2a96a5d4b00b44e133743d74365cec4a212","routeBlocksRemoved:1"
"gh-b0038y","15:41 Last update at 15:41","pages/gh-b0038y.md","/v5ma.github.io/wiki/content/gh-b0038y.md","38951","38951","196a3f974e8c746650097f90abdbded50fba0342bd083238064768a7acae9d0c","196a3f974e8c746650097f90abdbded50fba0342bd083238064768a7acae9d0c",""
"gh-b0041y","The Brain as a 3D Phase Field: Perception through Oscillation and Phase Space","pages/gh-b0041y.md","/v5ma.github.io/wiki/content/gh-b0041y.md","14867","14032","e848fd9c4de44f00fd986ffcdde12b3af2ef0fdd6d30cb26d69ef0cc97667cca","e78093daa73e308a063f788b33d46825380355a4a90974328eb56e50ba2ad5e2","routeBlocksRemoved:1"
"gh-b0042y","Key arguments in this note and why they are important to Self Aware Networks:","pages/gh-b0042y.md","/v5ma.github.io/wiki/content/gh-b0042y.md","6605","6605","c74638ecd5fabb635a573b45b71a4aa4c7129aa9429a928c877e6aef57180732","c74638ecd5fabb635a573b45b71a4aa4c7129aa9429a928c877e6aef57180732",""
"gh-b0044y","Major arguments found in this note:","pages/gh-b0044y.md","/v5ma.github.io/wiki/content/gh-b0044y.md","12393","12393","8db9d8ba419f3942c83a7f3a9cf322b7d9acead156f6e3b000d2d215b8c62482","8db9d8ba419f3942c83a7f3a9cf322b7d9acead156f6e3b000d2d215b8c62482",""
"gh-b0045y","Transcribed by OpenAI's Whisper.","pages/gh-b0045y.md","/v5ma.github.io/wiki/content/gh-b0045y.md","39945","39945","dbb7e109b3c7cbef31a55874591882ff803c6a147c153f234fa5532cc06f49b6","dbb7e109b3c7cbef31a55874591882ff803c6a147c153f234fa5532cc06f49b6",""
"gh-b0047y","1. The TACS reference","pages/gh-b0047y.md","/v5ma.github.io/wiki/content/gh-b0047y.md","67431","67431","5f530be7d71c59ca093845fdf89caf824b0367160fc6228fc43dd135086b625a","5f530be7d71c59ca093845fdf89caf824b0367160fc6228fc43dd135086b625a",""
"gh-b0049y","Summary","pages/gh-b0049y.md","/v5ma.github.io/wiki/content/gh-b0049y.md","30799","30799","a090cf4fa0f9c1d09ff417bf2094647268e29c459ce604c9961bec0c7b8f6829","a090cf4fa0f9c1d09ff417bf2094647268e29c459ce604c9961bec0c7b8f6829",""
"gh-b0050y","Gh B0050Y","pages/gh-b0050y.md","/v5ma.github.io/wiki/content/gh-b0050y.md","67188","67188","840a512a824d52d2c2cdc95551ce95c6e51d8fb3c7b9879b647e6df1c8cef1cc","840a512a824d52d2c2cdc95551ce95c6e51d8fb3c7b9879b647e6df1c8cef1cc",""
"gh-b0051y","1. Rephrased:","pages/gh-b0051y.md","/v5ma.github.io/wiki/content/gh-b0051y.md","3824","3824","810f8258eef9018456f86f970b3def19d3dc14c50c6a214b750654b42084f7ca","810f8258eef9018456f86f970b3def19d3dc14c50c6a214b750654b42084f7ca",""
"gh-b0052y","2. Audio Summary:","pages/gh-b0052y.md","/v5ma.github.io/wiki/content/gh-b0052y.md","16407","16407","e2f3e305fb76b5ed36c4848445425f93afce92f9a79b61b6e98b8724eb5fe0e8","e2f3e305fb76b5ed36c4848445425f93afce92f9a79b61b6e98b8724eb5fe0e8",""
"gh-b0053y","1. Summary","pages/gh-b0053y.md","/v5ma.github.io/wiki/content/gh-b0053y.md","58105","58105","8c7de10c804f9e6f228604577225f75e3f3b0d5bfa4c95050d250ee3aa999af1","8c7de10c804f9e6f228604577225f75e3f3b0d5bfa4c95050d250ee3aa999af1",""
"gh-b0054y","1. Summary of original audio:","pages/gh-b0054y.md","/v5ma.github.io/wiki/content/gh-b0054y.md","27497","27497","ff4952010e2f5e074c40cfc7293342b1fe18eab9cc10b020d55614a79bd88d7c","ff4952010e2f5e074c40cfc7293342b1fe18eab9cc10b020d55614a79bd88d7c",""
"gh-b0055y","1. Summary:","pages/gh-b0055y.md","/v5ma.github.io/wiki/content/gh-b0055y.md","17116","17116","49dff7f94de871a0459146d45227775c17fd4f0991d0b43002337852ba26dcd9","49dff7f94de871a0459146d45227775c17fd4f0991d0b43002337852ba26dcd9",""
"gh-b0056y","1. Summary","pages/gh-b0056y.md","/v5ma.github.io/wiki/content/gh-b0056y.md","6891","6223","3a23c4d7eca888bbab2dc72ee2b37816a99cc411281a70d4e1304dbc5972f9d2","8c4216a3cf730bbe36a6e710bddb92e55e801208ec6978e5837a5b8f074aa02c","routeBlocksRemoved:1"
"gh-b0057y","Gh B0057Y","pages/gh-b0057y.md","/v5ma.github.io/wiki/content/gh-b0057y.md","1580","951","78cc60a9afa255d2f23412e028980040b8fda59d6cb36e22136ebd18c230dbea","7117ea0ef406a22c3c0d97be1bdea68d7ec1914ea367a5d763ef54dc0fe9a8ba","routeBlocksRemoved:1"
"gh-b0058y","Summary","pages/gh-b0058y.md","/v5ma.github.io/wiki/content/gh-b0058y.md","5007","5007","dd95fe8a06432fc3681f6677b1e9680e9f90d98dbbba69e62de658489e3e170e","dd95fe8a06432fc3681f6677b1e9680e9f90d98dbbba69e62de658489e3e170e",""
"gh-b0059ywhisper","Gh B0059Ywhisper","pages/gh-b0059ywhisper.md","/v5ma.github.io/wiki/content/gh-b0059ywhisper.md","5978","5349","ec63beb60c165f1b6764a29c694e1cfc59f6843865413c7ffc15c4583f62dc68","e3a6dfb3a312c9dc3ec3e92c64bd9d4d11f6e6c69bed607386061ad0d48c0ee4","routeBlocksRemoved:1"
"gh-b0060y","Gh B0060Y","pages/gh-b0060y.md","/v5ma.github.io/wiki/content/gh-b0060y.md","12469","12469","4e653c24296c445c8a86e20f7f451051c8729d35187dbd3c01c97a6b78f324d3","4e653c24296c445c8a86e20f7f451051c8729d35187dbd3c01c97a6b78f324d3",""
"gh-b0061y","Gh B0061Y","pages/gh-b0061y.md","/v5ma.github.io/wiki/content/gh-b0061y.md","4905","4905","8478396e0bcdbd70a19a015f365570202058fd2d9cf06b2eb458181fecc03907","8478396e0bcdbd70a19a015f365570202058fd2d9cf06b2eb458181fecc03907",""
"gh-b0062y","Gh B0062Y","pages/gh-b0062y.md","/v5ma.github.io/wiki/content/gh-b0062y.md","4806","4165","1f683a945e14f66d028fbc44311907297085dda4c07537ea608ccc1a9ba6fb2e","ab872333b63233407ebf7329946b815f633c22f211a5dd23a93d7c42c9fdbeb4","routeBlocksRemoved:1"
"gh-b0063y","Gh B0063Y","pages/gh-b0063y.md","/v5ma.github.io/wiki/content/gh-b0063y.md","5704","5704","afcd79cc58628ab1ff0bb9ffb68b219c710d18fa2319878461d1692e317a7968","afcd79cc58628ab1ff0bb9ffb68b219c710d18fa2319878461d1692e317a7968",""
"gh-b0064y","Gh B0064Y","pages/gh-b0064y.md","/v5ma.github.io/wiki/content/gh-b0064y.md","12673","12673","b8eb2516dfc31a5ca16728625a9e3833d3e45f461155759d7303e792838341c3","b8eb2516dfc31a5ca16728625a9e3833d3e45f461155759d7303e792838341c3",""
"gh-b0065y","Gh B0065Y","pages/gh-b0065y.md","/v5ma.github.io/wiki/content/gh-b0065y.md","11554","11554","c43e1b1684cc676354d7f1c18368df3b4799dd14132bc3ac343bbce4ff869a0b","c43e1b1684cc676354d7f1c18368df3b4799dd14132bc3ac343bbce4ff869a0b",""
"gh-b0066y","Whisper Transcription:","pages/gh-b0066y.md","/v5ma.github.io/wiki/content/gh-b0066y.md","10041","9261","4b80abab0bd66ceec8d28cd46d740b4e0970a972b8cb489f7d27f8acdc0613ac","27bb3f0c3df3ba63b4b545ccd8401540fe37dd8142011bf521aab667bf393716","routeBlocksRemoved:1"
"gh-b0067ywhisper","Gh B0067Ywhisper","pages/gh-b0067ywhisper.md","/v5ma.github.io/wiki/content/gh-b0067ywhisper.md","34340","34340","25f98c290193a396a72c0bf43aa42a5c1237d9788957948b03b6b7dde6ab4aaa","25f98c290193a396a72c0bf43aa42a5c1237d9788957948b03b6b7dde6ab4aaa",""
"gh-b0068y","Gh B0068Y","pages/gh-b0068y.md","/v5ma.github.io/wiki/content/gh-b0068y.md","14839","14839","158c008f66d8875cfc3b8549f770116c93600ebc9072cb723b8045fe577bc9ac","158c008f66d8875cfc3b8549f770116c93600ebc9072cb723b8045fe577bc9ac",""
"gh-b0069y","Gh B0069Y","pages/gh-b0069y.md","/v5ma.github.io/wiki/content/gh-b0069y.md","63495","63495","8d9d98ef8c89dd944df46d6d46ebc5738e4d1cfbdb1bce5bf95cbc77a7e0f371","8d9d98ef8c89dd944df46d6d46ebc5738e4d1cfbdb1bce5bf95cbc77a7e0f371",""
"gh-b0070y","Gh B0070Y","pages/gh-b0070y.md","/v5ma.github.io/wiki/content/gh-b0070y.md","28726","28726","725ad865a02bb7ff2335383a91ea1ad5d7cbb0b7f55c36c1cf079c20d9e63d2c","725ad865a02bb7ff2335383a91ea1ad5d7cbb0b7f55c36c1cf079c20d9e63d2c",""
"gh-b0072y","Gh B0072Y","pages/gh-b0072y.md","/v5ma.github.io/wiki/content/gh-b0072y.md","10316","10316","4e9c1bb059d2022d0492013ccd4f6f173f12e10a77acb1e86a3ed6b0e9ebcc98","4e9c1bb059d2022d0492013ccd4f6f173f12e10a77acb1e86a3ed6b0e9ebcc98",""
"gh-b0073y","Gh B0073Y","pages/gh-b0073y.md","/v5ma.github.io/wiki/content/gh-b0073y.md","24658","24658","c6d7bbc59dddfe1991d5e65094f09f5ce92207e06fe8199335e9ade147e82eba","c6d7bbc59dddfe1991d5e65094f09f5ce92207e06fe8199335e9ade147e82eba",""
"gh-b0075ydone","Self Aware Networks: The Scope of the Book.","pages/gh-b0075ydone.md","/v5ma.github.io/wiki/content/gh-b0075ydone.md","12825","12825","e0460470845c8c659a0bfb53a45a5c8baa2f74db842a04bee58407014981bd78","e0460470845c8c659a0bfb53a45a5c8baa2f74db842a04bee58407014981bd78",""
"gh-b0077y","Gh B0077Y","pages/gh-b0077y.md","/v5ma.github.io/wiki/content/gh-b0077y.md","26386","25757","944cb7122973a4f5e7dd2e4340dd8e07475fbd8ed68da6b770dca2734078771a","8b7bb28ac8069b9fe90d3611308904d133a4808864266046e8cf45346474bf17","routeBlocksRemoved:1"
"gh-b0080y","Gh B0080Y","pages/gh-b0080y.md","/v5ma.github.io/wiki/content/gh-b0080y.md","3316","3316","a3b46eb70091d21f75a8d9daa3e1a7e9bf14446e4714ebfc787351f52a1c495e","a3b46eb70091d21f75a8d9daa3e1a7e9bf14446e4714ebfc787351f52a1c495e",""
"gh-b0081ydone","A neuron is made distinct by its connections, so when it fires a neuron's distinct pattern activates its connections, the oscillating group of neurons that are connected become aware of the memory that exists as the unique configuration of synaptic connections embodied by that neuron.","pages/gh-b0081ydone.md","/v5ma.github.io/wiki/content/gh-b0081ydone.md","39421","39421","10f5b333ebd0e7ac4b80f32bd3dec9fbd1ffe611cf4b568b17386820cc5d06a7","10f5b333ebd0e7ac4b80f32bd3dec9fbd1ffe611cf4b568b17386820cc5d06a7",""
"gh-b0084y","Gh B0084Y","pages/gh-b0084y.md","/v5ma.github.io/wiki/content/gh-b0084y.md","8206","8206","83114b32eeac0f6e86cc5a9a862c5ad3e05547c24242b7179caed7b73b34db3e","83114b32eeac0f6e86cc5a9a862c5ad3e05547c24242b7179caed7b73b34db3e",""
"gh-b0085y","Gh B0085Y","pages/gh-b0085y.md","/v5ma.github.io/wiki/content/gh-b0085y.md","37638","37638","70b6bc2e497de9714cc2584694e8e431b91eb62279a18d37e3fbf3079f41ed6a","70b6bc2e497de9714cc2584694e8e431b91eb62279a18d37e3fbf3079f41ed6a",""
"gh-b0087y","Gh B0087Y","pages/gh-b0087y.md","/v5ma.github.io/wiki/content/gh-b0087y.md","4026","3397","723917a8f36b218a45108b5cea69d0d587cba90045761252cc4150ee22a9be21","f91bf214c3623c937a73a7af5f8521befea714a67b9fe89203f4b740628871e9","routeBlocksRemoved:1"
"gh-b0089y","Gh B0089Y","pages/gh-b0089y.md","/v5ma.github.io/wiki/content/gh-b0089y.md","4975","4975","838802381b974efbe11b615df382f36172588faee6caacf8b162c21761b908c9","838802381b974efbe11b615df382f36172588faee6caacf8b162c21761b908c9",""
"gh-b0091y","Gh B0091Y","pages/gh-b0091y.md","/v5ma.github.io/wiki/content/gh-b0091y.md","9943","8962","0ec28f21e8294459e3fcbc147813d54f31ea27689012d5121da6fd057bba4310","3019e008a433f93bf74f64a40f1848b4d8ea2f6e5a800f4204f86d262e3d2f9c","routeBlocksRemoved:1"
"gh-b0092ywhisper","Gh B0092Ywhisper","pages/gh-b0092ywhisper.md","/v5ma.github.io/wiki/content/gh-b0092ywhisper.md","40988","40988","f81fadff40f8ed2fb89be21f1baa878e65dec9c0e9b74e91a477809934a97c76","f81fadff40f8ed2fb89be21f1baa878e65dec9c0e9b74e91a477809934a97c76",""
"gh-b0093y","Gh B0093Y","pages/gh-b0093y.md","/v5ma.github.io/wiki/content/gh-b0093y.md","16312","16312","bdc6e0a0c25cf129f83c724325a25c048fb0efbe8a9a0a5c5e8bc8faf390e671","bdc6e0a0c25cf129f83c724325a25c048fb0efbe8a9a0a5c5e8bc8faf390e671",""
"gh-b0095ydone","realization is a differential pattern in the phase field of the brain","pages/gh-b0095ydone.md","/v5ma.github.io/wiki/content/gh-b0095ydone.md","4307","3326","b32e958659582c6e497868658f14cedbbbb367ca1ae11a8d486181251c6530d4","2c3b6c708dc6dd15e6a70dbf87fbf32e6de6e1a98c02ab2de24135a338e1977d","routeBlocksRemoved:1"
"gh-b0096y","Gh B0096Y","pages/gh-b0096y.md","/v5ma.github.io/wiki/content/gh-b0096y.md","5416","4787","60a4ab665e4c8c187ef8cc731a59659eae4c61d37c092ac58fc4bfd54223491b","7effc1a66d5db18cda4e32c5d1acb3d123fc0613c29cade8f26e8c49da18755e","routeBlocksRemoved:1"
"gh-b0097y","Gh B0097Y","pages/gh-b0097y.md","/v5ma.github.io/wiki/content/gh-b0097y.md","13427","12445","f4c9fce06168601d7910ed961800707f06fd91b138f953c40294cb5742487b67","2ca7a29d400185631801770d82c1560edf3b1e9d8c828b209dd59370c8199d8b","routeBlocksRemoved:1"
"gh-b0098y","Gh B0098Y","pages/gh-b0098y.md","/v5ma.github.io/wiki/content/gh-b0098y.md","29019","28390","eb123afcee5fa3b24a8a74da982b0fa42aac27db3adbcce62f895445d47d7709","10421f719d10a9d84943c062d448865c4a3458024d005d7b23172fa0ec66fce4","routeBlocksRemoved:1"
"gh-b0099y","Gh B0099Y","pages/gh-b0099y.md","/v5ma.github.io/wiki/content/gh-b0099y.md","5600","4971","51fad4dd6be70de3534e871f6d7760d8eb292c174649088bf4f73a62d3a4236a","7265f5c982f5297e96a8752aab649d5c31022eee8ac54c042dbf1461f8bd915a","routeBlocksRemoved:1"
"gh-b0100y","Gh B0100Y","pages/gh-b0100y.md","/v5ma.github.io/wiki/content/gh-b0100y.md","25270","25270","f5d20c346a71e79fe80d0e58fbb273b4d62f0dd667fb808c03b90ed19d895c0e","f5d20c346a71e79fe80d0e58fbb273b4d62f0dd667fb808c03b90ed19d895c0e",""
"gh-b0101ygpt","ChatGPT Summary","pages/gh-b0101ygpt.md","/v5ma.github.io/wiki/content/gh-b0101ygpt.md","16739","16739","76e54f881813cff91b3c7ce894d2ea968ad6556a78eb328123de8dbf4637f8a9","76e54f881813cff91b3c7ce894d2ea968ad6556a78eb328123de8dbf4637f8a9",""
"gh-b0102ysci","SciSummary (CHATGPT) & EDITED by Micah","pages/gh-b0102ysci.md","/v5ma.github.io/wiki/content/gh-b0102ysci.md","47059","47059","4327f02bc0b345d4150fa9a6a8074b9131755046a8b5e95d4063577db4aca9b5","4327f02bc0b345d4150fa9a6a8074b9131755046a8b5e95d4063577db4aca9b5",""
"gh-b0103ywhisper","Gh B0103Ywhisper","pages/gh-b0103ywhisper.md","/v5ma.github.io/wiki/content/gh-b0103ywhisper.md","62784","62784","7e5e8186be9c0ca18f394d32e5d4144e964034f0e643cb814ac3e2a194cca945","7e5e8186be9c0ca18f394d32e5d4144e964034f0e643cb814ac3e2a194cca945",""
"gh-b0104y","Gh B0104Y","pages/gh-b0104y.md","/v5ma.github.io/wiki/content/gh-b0104y.md","46791","46791","f63af2b710ff768c90b32cb616883564667fcb0f5274fbff04eb535b6838e049","f63af2b710ff768c90b32cb616883564667fcb0f5274fbff04eb535b6838e049",""
"gh-b0105ywhisper","Gh B0105Ywhisper","pages/gh-b0105ywhisper.md","/v5ma.github.io/wiki/content/gh-b0105ywhisper.md","28335","28335","c8fb93e995095755ee9e1e0b5c38f4e76bbc8588d109b13393957d3909077c77","c8fb93e995095755ee9e1e0b5c38f4e76bbc8588d109b13393957d3909077c77",""
"gh-b0106y","Gh B0106Y","pages/gh-b0106y.md","/v5ma.github.io/wiki/content/gh-b0106y.md","24688","24688","7ec61d6e39ca7b81d566fc1048ef810eb37649fdfabc62bed30a9775508259ae","7ec61d6e39ca7b81d566fc1048ef810eb37649fdfabc62bed30a9775508259ae",""
"gh-b0108ygpt","ChatGPT 4 Summary","pages/gh-b0108ygpt.md","/v5ma.github.io/wiki/content/gh-b0108ygpt.md","16442","16442","46941e2395530e924b3beab6c716c741e1b0a0f9e7505978deab280f5a2bb15d","46941e2395530e924b3beab6c716c741e1b0a0f9e7505978deab280f5a2bb15d",""
"gh-b0109y","Gh B0109Y","pages/gh-b0109y.md","/v5ma.github.io/wiki/content/gh-b0109y.md","8884","8884","30d4fa4e7595e5f3a21649290c39822fbee78f14a588e20bc893fa9369016e73","30d4fa4e7595e5f3a21649290c39822fbee78f14a588e20bc893fa9369016e73",""
"gh-b0110y","Gh B0110Y","pages/gh-b0110y.md","/v5ma.github.io/wiki/content/gh-b0110y.md","17930","17930","11eb52573d5515d919d3dc4655c6348d620fbbcdfdd69466ba9cb287a636bf56","11eb52573d5515d919d3dc4655c6348d620fbbcdfdd69466ba9cb287a636bf56",""
"gh-b0112y","Gh B0112Y","pages/gh-b0112y.md","/v5ma.github.io/wiki/content/gh-b0112y.md","11298","11298","fbfc2eac0f31772d3b3cfcb1c0bb327557652f2abcae598b7118e1aa23bf15e8","fbfc2eac0f31772d3b3cfcb1c0bb327557652f2abcae598b7118e1aa23bf15e8",""
"gh-b0113y","Gh B0113Y","pages/gh-b0113y.md","/v5ma.github.io/wiki/content/gh-b0113y.md","8371","8371","95bc2d6e20990cf208cfd6c456dd0b2eb7c8012cc90172326a1cefd403114b46","95bc2d6e20990cf208cfd6c456dd0b2eb7c8012cc90172326a1cefd403114b46",""
"gh-b0114y","A new paper shows that dopamine levels influence when someone moves.","pages/gh-b0114y.md","/v5ma.github.io/wiki/content/gh-b0114y.md","15710","15710","83aa7996c292b69f855bd38f83530d84f71a445d54c8250f616b34c81c4a2daa","83aa7996c292b69f855bd38f83530d84f71a445d54c8250f616b34c81c4a2daa",""
"gh-b0116y","Gh B0116Y","pages/gh-b0116y.md","/v5ma.github.io/wiki/content/gh-b0116y.md","28317","28317","0ceb093a1e31b498690d260bd24c95452d0926a250807fb5fd2a8895f7b04c8d","0ceb093a1e31b498690d260bd24c95452d0926a250807fb5fd2a8895f7b04c8d",""
"gh-b0121y","Gh B0121Y","pages/gh-b0121y.md","/v5ma.github.io/wiki/content/gh-b0121y.md","3529","2547","c61e967029b14092837194eda92fb5a40ea0747dc30193be4dd921c17d3626b5","00022da42b3f541a82d00a84dc1d605f5a9f558d59ba80a1baf811b26f6b033b","routeBlocksRemoved:1"
"gh-b0122y","Gh B0122Y","pages/gh-b0122y.md","/v5ma.github.io/wiki/content/gh-b0122y.md","7709","7709","e2398cbf74df1aa89a3887b1ce76261a38546ec2ea4753363762cc46c2122f52","e2398cbf74df1aa89a3887b1ce76261a38546ec2ea4753363762cc46c2122f52",""
"gh-b0123y","Multi-Vesicle Sensitivity in note a0286z.md","pages/gh-b0123y.md","/v5ma.github.io/wiki/content/gh-b0123y.md","5627","4651","677d854d6d39a69e545c824cc3c311b6a0f7c686f068f730cd7c011071b33ef1","49ada92f415b9c9251e6a0de01add4268a45acf6f811700f886be51482159109","routeBlocksRemoved:1"
"gh-b0124y","Gh B0124Y","pages/gh-b0124y.md","/v5ma.github.io/wiki/content/gh-b0124y.md","32584","32584","748f2b04b74e1444c9c782e6a91db96b8d1b9ba26421c35fb7b1fb1413ebab06","748f2b04b74e1444c9c782e6a91db96b8d1b9ba26421c35fb7b1fb1413ebab06",""
"gh-b0125ygpt","ChatGPT 4 Summary","pages/gh-b0125ygpt.md","/v5ma.github.io/wiki/content/gh-b0125ygpt.md","10962","9980","fc9f732c43af39c50e761b28414c575c6e27be17fed0ac091c869202219001ac","2482f40fb761e04fcb6a56141e03f65654266720010b80a341f05b49117847cb","routeBlocksRemoved:1"
"gh-b0126y","Gh B0126Y","pages/gh-b0126y.md","/v5ma.github.io/wiki/content/gh-b0126y.md","2216","1587","7076e175f6a30aa32cf84a1a08d2424edd2ea2806b7431d5da0d9fc52e683bcf","5f3c0436ece422000c51fd5e103910495724dd60900bd0885dce3ee4902e0db8","routeBlocksRemoved:1"
"gh-b0127y","Gh B0127Y","pages/gh-b0127y.md","/v5ma.github.io/wiki/content/gh-b0127y.md","8675","8675","6479dda8c299cd532e9a6f0fdd3cef4fcdf5f25dc42654515f91ebc4b9326657","6479dda8c299cd532e9a6f0fdd3cef4fcdf5f25dc42654515f91ebc4b9326657",""
"gh-b0129y","Gh B0129Y","pages/gh-b0129y.md","/v5ma.github.io/wiki/content/gh-b0129y.md","6204","5575","73b2ed597029479dac153c82c3d3f92ab3de83615df3815167eed98495420125","d5df4874336d69c7be7d0dc0981c7f9d80f25163980407f6755e26b193ff4a90","routeBlocksRemoved:1"
"gh-b0130y","Gh B0130Y","pages/gh-b0130y.md","/v5ma.github.io/wiki/content/gh-b0130y.md","8548","8548","c9d9bd53b4c71d809fd6557ea2d4bb7bba055b7e9ddcb5ac2ed1a056d024e42a","c9d9bd53b4c71d809fd6557ea2d4bb7bba055b7e9ddcb5ac2ed1a056d024e42a",""
"gh-b0131y","Tomographic Language Oscillators (b0131y)","pages/gh-b0131y.md","/v5ma.github.io/wiki/content/gh-b0131y.md","20636","20007","df27e673fd67f91d62bb0ba1d53d656a31729238eb5389a2291da19340dbea98","21866d6940599108a225231b8f49fbaa31f8dafcb40b42f0ffa780de589ed5f7","routeBlocksRemoved:1"
"gh-b0132y","Gh B0132Y","pages/gh-b0132y.md","/v5ma.github.io/wiki/content/gh-b0132y.md","12883","12254","649af184b1c551aa03af1c725d6fa56591753fa91052d08a9f9daee417245900","4d42ceb575722c0cd24d049006465aeec297bbf57d1b50748430390aa07743a5","routeBlocksRemoved:1"
"gh-b0134y","Gh B0134Y","pages/gh-b0134y.md","/v5ma.github.io/wiki/content/gh-b0134y.md","24794","24794","e481c9db594f81e39b79ad052fb96b7580faf2742cc7833c748c070456934fb7","e481c9db594f81e39b79ad052fb96b7580faf2742cc7833c748c070456934fb7",""
"gh-b0136y","Gh B0136Y","pages/gh-b0136y.md","/v5ma.github.io/wiki/content/gh-b0136y.md","12274","12274","c928b0f3e9d26ccb08697cd974f6987234a1a59214d1a6174f243b1d310db010","c928b0f3e9d26ccb08697cd974f6987234a1a59214d1a6174f243b1d310db010",""
"gh-b0138y","Gh B0138Y","pages/gh-b0138y.md","/v5ma.github.io/wiki/content/gh-b0138y.md","4260","3278","1c89cb15bddcf6600247a7f59e3cff424091ef8db9539ec89ed0463dc6c3efe3","839b14d222d0822c39307184268d226f8ef33fc596c5263223cc866baf5db54a","routeBlocksRemoved:1"
"gh-b0139y","Gh B0139Y","pages/gh-b0139y.md","/v5ma.github.io/wiki/content/gh-b0139y.md","6199","5217","4f8af989a3a8d3faa1abd6b0075088df7fa22abc223ac323a11a59605799c4d3","00d81c05f7440607d5ebf4eae227af1b2c79ef1068ad871b4ac5d263e9602612","routeBlocksRemoved:1"
"gh-b0140y","Gh B0140Y","pages/gh-b0140y.md","/v5ma.github.io/wiki/content/gh-b0140y.md","5952","4970","66eea5bfcd87f4303dddd4625def191ff5858b30fb39d5169cce5d36785d4951","88a65f38e429818bef504ad124520ac9cccb17a236d75ce40498c8f0c82416c3","routeBlocksRemoved:1"
"gh-b0141y","Gh B0141Y","pages/gh-b0141y.md","/v5ma.github.io/wiki/content/gh-b0141y.md","6942","6942","2b94943127ab31291883f3f6c101e1709b83cc0403702df66f4f46316778fa79","2b94943127ab31291883f3f6c101e1709b83cc0403702df66f4f46316778fa79",""
"gh-b0143y","Gh B0143Y","pages/gh-b0143y.md","/v5ma.github.io/wiki/content/gh-b0143y.md","3349","2720","14142c37cda190fa96517a3dd71888a3801b9c2afcf5b14d3d4a44b8408727be","ea4465aba5c399d7275d3cf91280e92d4aa4f6997d81e5e462b75bd02abc883d","routeBlocksRemoved:1"
"gh-b0144y","Gh B0144Y","pages/gh-b0144y.md","/v5ma.github.io/wiki/content/gh-b0144y.md","2521","1892","32317f08c777231176c95c8b271792697b3af26f4cb1868f461381dcbfd6ff6f","063e2512e35c0120d23c02ba1b735f758e40dd014cf440b928b607cafb7c3704","routeBlocksRemoved:1"
"gh-b0145ywhisper","Gh B0145Ywhisper","pages/gh-b0145ywhisper.md","/v5ma.github.io/wiki/content/gh-b0145ywhisper.md","32410","32410","f3a5050ae700df24abdc201c3238c99f2022dd3ff59235d96bc86e1322e06b53","f3a5050ae700df24abdc201c3238c99f2022dd3ff59235d96bc86e1322e06b53",""
"gh-b0146ygpt","ChatGPT 4 Summary of Part 1 & 2 in one sentence","pages/gh-b0146ygpt.md","/v5ma.github.io/wiki/content/gh-b0146ygpt.md","20080","20080","5ad63aeee9d2ba7807e321c3f97f6c537165e134267677881d206284675b600b","5ad63aeee9d2ba7807e321c3f97f6c537165e134267677881d206284675b600b",""
"gh-b0146yhand","Confusing Cortical Columns (Hand-Modified Transcript)","pages/gh-b0146yhand.md","/v5ma.github.io/wiki/content/gh-b0146yhand.md","24862","24862","4b5b967ae2f36157b4dc6d77e1b4b778047000c056e6ca60c2550a0f37cc9a09","4b5b967ae2f36157b4dc6d77e1b4b778047000c056e6ca60c2550a0f37cc9a09",""
"gh-b0148y","Gh B0148Y","pages/gh-b0148y.md","/v5ma.github.io/wiki/content/gh-b0148y.md","7884","7884","032700d661768dcb487e6997b96115421ac72f2457e231621c7600bebf16548a","032700d661768dcb487e6997b96115421ac72f2457e231621c7600bebf16548a",""
"gh-b0149y","Gh B0149Y","pages/gh-b0149y.md","/v5ma.github.io/wiki/content/gh-b0149y.md","5781","5781","22b8846e3dfeb8b54363c20b4d250bf9760d5efc41761a519391a527fd9c7f1c","22b8846e3dfeb8b54363c20b4d250bf9760d5efc41761a519391a527fd9c7f1c",""
"gh-b0150y","Gh B0150Y","pages/gh-b0150y.md","/v5ma.github.io/wiki/content/gh-b0150y.md","2197","2197","67548b6bd6a8d1bd6349dcfba9b58c21196b9b0040566dfca9c4e161344bc815","67548b6bd6a8d1bd6349dcfba9b58c21196b9b0040566dfca9c4e161344bc815",""
"gh-b0151ywhisper","Gh B0151Ywhisper","pages/gh-b0151ywhisper.md","/v5ma.github.io/wiki/content/gh-b0151ywhisper.md","18860","18860","f973b4cfc5d03ebc93102e174b683f8cbdbd39dc03ffb1bf7d97aa59063c4855","f973b4cfc5d03ebc93102e174b683f8cbdbd39dc03ffb1bf7d97aa59063c4855",""
"gh-b0152y","Gh B0152Y","pages/gh-b0152y.md","/v5ma.github.io/wiki/content/gh-b0152y.md","1328","1328","24f6754c55b1cedf6da949dafc092a8da7852a40bfb734d81ff4fa5db7dddbe2","24f6754c55b1cedf6da949dafc092a8da7852a40bfb734d81ff4fa5db7dddbe2",""
"gh-b0153y","Transformed Neural Slices and Oscillatory Tomography (b0153y)","pages/gh-b0153y.md","/v5ma.github.io/wiki/content/gh-b0153y.md","12098","12098","ab486b97b8171f62612787a6a7766cf1b18b465c833b6d3abb4a97243b2bcb85","ab486b97b8171f62612787a6a7766cf1b18b465c833b6d3abb4a97243b2bcb85",""
"gh-b0153ywhispertranscription","Concise with ChatGPT Summary:","pages/gh-b0153ywhispertranscription.md","/v5ma.github.io/wiki/content/gh-b0153ywhispertranscription.md","5353","5353","1f5edb66270644000c4a3274ed53f9f7f48922ecbe057597ac8c7a7e1629018e","1f5edb66270644000c4a3274ed53f9f7f48922ecbe057597ac8c7a7e1629018e",""
"gh-b0154y","Gh B0154Y","pages/gh-b0154y.md","/v5ma.github.io/wiki/content/gh-b0154y.md","3043","3043","1620c38049ddd6a69466831029b5f2ece51ea7333becd8fa24495eedeb82573a","1620c38049ddd6a69466831029b5f2ece51ea7333becd8fa24495eedeb82573a",""
"gh-b0154ywhispertranscription","b0154y Concise Summary","pages/gh-b0154ywhispertranscription.md","/v5ma.github.io/wiki/content/gh-b0154ywhispertranscription.md","4191","3411","cecf7fff0716e26fe3bcef072a9f63a5e48febfc982feb2f6a236fd3dec30526","b0886f9167011fc9b4b1e0643bd7021b5bdcf4e0e40a14f775c93c6b376cd545","routeBlocksRemoved:1"
"gh-b0155y","Gh B0155Y","pages/gh-b0155y.md","/v5ma.github.io/wiki/content/gh-b0155y.md","16855","16855","1f770f0c6c33e57df79d8651d2ddf807ebb8318c66226101c5adf398560917cd","1f770f0c6c33e57df79d8651d2ddf807ebb8318c66226101c5adf398560917cd",""
"gh-b0156y","Gh B0156Y","pages/gh-b0156y.md","/v5ma.github.io/wiki/content/gh-b0156y.md","6575","6575","68b473a9724dbd16b7f1b768c9fe14c11a36925e42f4d3a79ed5535e2bda0964","68b473a9724dbd16b7f1b768c9fe14c11a36925e42f4d3a79ed5535e2bda0964",""
"gh-b0157","Gh B0157","pages/gh-b0157.md","/v5ma.github.io/wiki/content/gh-b0157.md","1195","566","315be751ca9cafccdb69a4988f3adff09bac24e724002e8f01126f60e6ff7bad","5dde11c8fd05af32629779cce89c55ed52e24b97cdd20e3da0d0da47ffca337e","routeBlocksRemoved:1"
"gh-b0158y","Gh B0158Y","pages/gh-b0158y.md","/v5ma.github.io/wiki/content/gh-b0158y.md","7346","7346","d2496ee6eb9bf32c0a659a405e4e23b99f8c495335c9dd62ac0a235e103d75a5","d2496ee6eb9bf32c0a659a405e4e23b99f8c495335c9dd62ac0a235e103d75a5",""
"gh-b0159y","Gh B0159Y","pages/gh-b0159y.md","/v5ma.github.io/wiki/content/gh-b0159y.md","5590","5590","fe0dacaf843b72c091b0bfcd800f332a95dcdb5798760c3531c3d7775cf462b4","fe0dacaf843b72c091b0bfcd800f332a95dcdb5798760c3531c3d7775cf462b4",""
"gh-b0160y","Gh B0160Y","pages/gh-b0160y.md","/v5ma.github.io/wiki/content/gh-b0160y.md","4361","4361","0165112a4ec6481923a2050140415a4dd82b9a4035213acf3fcd79829e07f5b8","0165112a4ec6481923a2050140415a4dd82b9a4035213acf3fcd79829e07f5b8",""
"gh-b0161y","Gh B0161Y","pages/gh-b0161y.md","/v5ma.github.io/wiki/content/gh-b0161y.md","12176","12176","89ad5b30c5c5371c0fca4ddb05971c933a5192586375246c3e1705b28b1b018d","89ad5b30c5c5371c0fca4ddb05971c933a5192586375246c3e1705b28b1b018d",""
"gh-b0162y","Gh B0162Y","pages/gh-b0162y.md","/v5ma.github.io/wiki/content/gh-b0162y.md","21354","21354","cfa8e652255b6b775db9bd7aebe2bb15f132a383ee05d414d53cc128d063d935","cfa8e652255b6b775db9bd7aebe2bb15f132a383ee05d414d53cc128d063d935",""
"gh-b0163y","Gh B0163Y","pages/gh-b0163y.md","/v5ma.github.io/wiki/content/gh-b0163y.md","4016","3387","5ca8c99a604c82dc7b0703103603f15f694208dc6de18b44a6eb09f6cf486db0","afbd0a961b5ec52df06ed0e5e9ac29eec4e98c9aebb1a521a12ef972fcd46851","routeBlocksRemoved:1"
"gh-b0165y","Gh B0165Y","pages/gh-b0165y.md","/v5ma.github.io/wiki/content/gh-b0165y.md","12197","11215","4c39f558f9402e3172e0cee29a9ae3d875bf01caeda34f1d7325e0c49954ab5e","53763f85c1e6ff9c751dfdf7f3ca77704e9580c810ae0f8de3b81d4672d92bcd","routeBlocksRemoved:1"
"gh-b0166y","Gh B0166Y","pages/gh-b0166y.md","/v5ma.github.io/wiki/content/gh-b0166y.md","9159","8177","602a52351e23dbda08500bde3ce9b7694eac0417747c02daaa563153af29cb9c","58bcbe1fc010c1aa21fe747c63f888ea246a3f4c660ddf9f1402fb6161fee19f","routeBlocksRemoved:1"
"gh-b0167y","Gh B0167Y","pages/gh-b0167y.md","/v5ma.github.io/wiki/content/gh-b0167y.md","9876","9225","7498d6e187ae91b0edfb032349bac005a91057fcaf65c82b5b24ab36fda20091","930b77060186dac3ab8df62f62f82f55872c5448c325624a503fcc0c5d542143","routeBlocksRemoved:1"
"gh-b0171y","Gh B0171Y","pages/gh-b0171y.md","/v5ma.github.io/wiki/content/gh-b0171y.md","7696","7696","4a63646c48b5eec468498674df6520635fef611d88b92b6a4011bc91f4873b5f","4a63646c48b5eec468498674df6520635fef611d88b92b6a4011bc91f4873b5f",""
"gh-b0172y","Concise Summary (b0172y):","pages/gh-b0172y.md","/v5ma.github.io/wiki/content/gh-b0172y.md","9216","8548","697505188605ba92fe56d47729c3190f67b6874e47933b62b33ffc3575d4c2d6","fe5b07c1ade20d568ef52c6da44c73a75b234c6c55521678e2195f2ec3ef098f","routeBlocksRemoved:1"
"gh-b0173y","Gh B0173Y","pages/gh-b0173y.md","/v5ma.github.io/wiki/content/gh-b0173y.md","4916","4265","1b0c23f4a635caae85f33302da5defea17f8bbd03f8fce3a6d035dbc5f87f1a7","7cd4b53d75a7b7fcb74d2dee92534f881d879876c42ca572f2cca3e66b802d49","routeBlocksRemoved:1"
"gh-b0174y","Gh B0174Y","pages/gh-b0174y.md","/v5ma.github.io/wiki/content/gh-b0174y.md","3723","3723","a3ad453d93a5a27f39e761ffa492141195a38a7a3bce06315316cfffdc632325","a3ad453d93a5a27f39e761ffa492141195a38a7a3bce06315316cfffdc632325",""
"gh-b0175y","Gh B0175Y","pages/gh-b0175y.md","/v5ma.github.io/wiki/content/gh-b0175y.md","2491","1862","25d972fc5e7026b002442fb117968ec19f454039f9f14b3e8198055297fb1be6","668a510dc759c87db9ff3a22643885d9578c1c202071667421d86f4f1bd8fd9b","routeBlocksRemoved:1"
"gh-b0178y","Gh B0178Y","pages/gh-b0178y.md","/v5ma.github.io/wiki/content/gh-b0178y.md","4137","3155","983554ac142cf5b4c76157425f9c2c22e3a37db3d34c20df306dfad4eb6b1061","c12250f7d7c81c489c6adfa56ba4739812d61bcfd8f2d7bf38d76dcadb8f3ceb","routeBlocksRemoved:1"
"gh-b0179y","Gh B0179Y","pages/gh-b0179y.md","/v5ma.github.io/wiki/content/gh-b0179y.md","1371","720","3434eff8704d7032b3873a036c3c10853aac0811c8d75fb338bb8099ec9a364a","0f12c6e05543fc958e43e0b9ceb443af8a762589f9c6b9ebe24587ee948e4b99","routeBlocksRemoved:1"
"gh-b0180y","Gh B0180Y","pages/gh-b0180y.md","/v5ma.github.io/wiki/content/gh-b0180y.md","6963","5981","9b0da955c52a941b04764439dce2c9b90e047e904cf55b184d320cce7b4e8730","12f1e4803c1b5552bbde7218576509a68ceeb468e8bb4c0e7c225f7ab029a323","routeBlocksRemoved:1"
"gh-b0181y","Gh B0181Y","pages/gh-b0181y.md","/v5ma.github.io/wiki/content/gh-b0181y.md","10892","9910","e6018958c04954eb62a8487a09d8f250cbd0d6b30b27454eb1fa7078b39ecee6","75dccc39d32003e86fa7eef60a90fb9d3c5082e09dc3fd48b1e3b4f5a4fa754e","routeBlocksRemoved:1"
"gh-b0183y","Gh B0183Y","pages/gh-b0183y.md","/v5ma.github.io/wiki/content/gh-b0183y.md","19521","19521","413a2b7c494ff49e7a3e897f8858c028870ecfcc3f89dbc5b47a0b7c34c07f7c","413a2b7c494ff49e7a3e897f8858c028870ecfcc3f89dbc5b47a0b7c34c07f7c",""
"gh-b0187y","Gh B0187Y","pages/gh-b0187y.md","/v5ma.github.io/wiki/content/gh-b0187y.md","18041","18041","1ea4be911b65f92a8ceee4d787aef95828957db42f82328da8117d50059168d7","1ea4be911b65f92a8ceee4d787aef95828957db42f82328da8117d50059168d7",""
"gh-b0189y","Gh B0189Y","pages/gh-b0189y.md","/v5ma.github.io/wiki/content/gh-b0189y.md","6227","5245","c6320ecc9e8af81cd46fea351a650a648489917de9ef3183d1bca23d95f10fe5","e822c783b22a48adca0025f72dbe126071fa3dda4632b1c568f1421dcf347a32","routeBlocksRemoved:1"
"gh-b0190y","Gh B0190Y","pages/gh-b0190y.md","/v5ma.github.io/wiki/content/gh-b0190y.md","7466","7466","5469b1267d266447e579940860545699a12b055a6a0e85b990f58d44932996d5","5469b1267d266447e579940860545699a12b055a6a0e85b990f58d44932996d5",""
"gh-b0191y","Gh B0191Y","pages/gh-b0191y.md","/v5ma.github.io/wiki/content/gh-b0191y.md","3955","3955","f33fbf9cc6d1073b0fa788fa698e9fbe4d6bd9c9d20d3598a15ce122f1257f97","f33fbf9cc6d1073b0fa788fa698e9fbe4d6bd9c9d20d3598a15ce122f1257f97",""
"gh-b0192y","Gh B0192Y","pages/gh-b0192y.md","/v5ma.github.io/wiki/content/gh-b0192y.md","5006","4377","aa53a7013115d7053da2467df3f72ab4b04e0eabc9299909dd445b45a1942013","76c3064b2c2aa876482e05022345b30820b6af14b38ed4935a3de03d1f8b0a07","routeBlocksRemoved:1"
"gh-b0194y","Gh B0194Y","pages/gh-b0194y.md","/v5ma.github.io/wiki/content/gh-b0194y.md","9409","9409","627cdfea86e43ebe501f9755bcc85ad3d6a529f5bad5b59aa07a8dd9f6148b67","627cdfea86e43ebe501f9755bcc85ad3d6a529f5bad5b59aa07a8dd9f6148b67",""
"gh-b0195ywhisper","Gh B0195Ywhisper","pages/gh-b0195ywhisper.md","/v5ma.github.io/wiki/content/gh-b0195ywhisper.md","107362","107362","c680c08645f261f516363fd65c33bdc000948ea362a2fbcd2c821965faa784ce","c680c08645f261f516363fd65c33bdc000948ea362a2fbcd2c821965faa784ce",""
"gh-b0197y","Gh B0197Y","pages/gh-b0197y.md","/v5ma.github.io/wiki/content/gh-b0197y.md","41265","41265","4a9c997f9af564d04f8d9269619af73eabd7aef0b63868851e01c2aadcdddd96","4a9c997f9af564d04f8d9269619af73eabd7aef0b63868851e01c2aadcdddd96",""
"gh-b0198y","Gh B0198Y","pages/gh-b0198y.md","/v5ma.github.io/wiki/content/gh-b0198y.md","11292","11292","bd3d8774cec513db2c3c46d996b2be8493c87de6b7cf21ab57eb79bda79808da","bd3d8774cec513db2c3c46d996b2be8493c87de6b7cf21ab57eb79bda79808da",""
"gh-b0199y","Gh B0199Y","pages/gh-b0199y.md","/v5ma.github.io/wiki/content/gh-b0199y.md","3421","2439","9b26457658d354bf26651240cfba25c1627c7783909d783b5646e504fd81e79e","d66e36a4c23b471ef2e88da014639a65b620e8dbe50fef08ca96e2b34cc80b2e","routeBlocksRemoved:1"
"gh-b0200y","Gh B0200Y","pages/gh-b0200y.md","/v5ma.github.io/wiki/content/gh-b0200y.md","27485","27485","8336843220cba5e176ada21a9ee674710140d882e9ff2295966dc4faa55fd0cb","8336843220cba5e176ada21a9ee674710140d882e9ff2295966dc4faa55fd0cb",""
"gh-b0201y","Gh B0201Y","pages/gh-b0201y.md","/v5ma.github.io/wiki/content/gh-b0201y.md","4340","3711","1aab800ba170fbf3b1b323715c4a8fd9d523423012455ea2b0d5d8dbf3566c32","681076d110c9b0672c2bf1449cde9848f4bca7f5dffe634a0df5c194e9353f75","routeBlocksRemoved:1"
"gh-b0205y","Gh B0205Y","pages/gh-b0205y.md","/v5ma.github.io/wiki/content/gh-b0205y.md","2958","2317","92fe40802e0f1f3d52f64fdf4f3a42a028265028c9911765f6611917329556b5","ccb4f58c4a505ef538ceab4cff7e553f202d8da3e7cf5830e4752eeccb63ad13","routeBlocksRemoved:1"
"gh-b0209y","Gh B0209Y","pages/gh-b0209y.md","/v5ma.github.io/wiki/content/gh-b0209y.md","12483","12483","3098b60a8f382f9b8c8d79f0a895d9417ceba6fccbd3170d82583b86c3fa1fdd","3098b60a8f382f9b8c8d79f0a895d9417ceba6fccbd3170d82583b86c3fa1fdd",""
"gh-b0210y","Gh B0210Y","pages/gh-b0210y.md","/v5ma.github.io/wiki/content/gh-b0210y.md","19185","19185","5b3a662a34b3f51edff7a292134b0d6613382ccf6b62fcc3808c41b32c99f977","5b3a662a34b3f51edff7a292134b0d6613382ccf6b62fcc3808c41b32c99f977",""
"gh-b0212y","Gh B0212Y","pages/gh-b0212y.md","/v5ma.github.io/wiki/content/gh-b0212y.md","7765","7765","400df03f9360a22c9781d2543a37655ec5190fc6d372aec0714f996f2c666d9f","400df03f9360a22c9781d2543a37655ec5190fc6d372aec0714f996f2c666d9f",""
"gh-b0213y","Gh B0213Y","pages/gh-b0213y.md","/v5ma.github.io/wiki/content/gh-b0213y.md","19342","19342","19b30a43bf83e2865901b40ae5cb2b4eeb29f4536716d867828793a8b55da10a","19b30a43bf83e2865901b40ae5cb2b4eeb29f4536716d867828793a8b55da10a",""
"gh-b0228y","Gh B0228Y","pages/gh-b0228y.md","/v5ma.github.io/wiki/content/gh-b0228y.md","3351","2700","ca110623e0904657a68f17d0a578728267bf775f996f92599f5d240ddf47463f","f7d4e5da11aad1b40641db9aca9b6fe9b891202f22a837db8132b34724469583","routeBlocksRemoved:1"
"gh-b0229y","Gh B0229Y","pages/gh-b0229y.md","/v5ma.github.io/wiki/content/gh-b0229y.md","8728","8728","8aaed8f6734a30e0bace8c54f3574ebc5624c695065f985b883bb8a97a0492b1","8aaed8f6734a30e0bace8c54f3574ebc5624c695065f985b883bb8a97a0492b1",""
"gh-b0230y","Gh B0230Y","pages/gh-b0230y.md","/v5ma.github.io/wiki/content/gh-b0230y.md","12024","12024","5ec3ad2a0326b193df1eaa4fd7952ef2dff88deb54d4f0ea7dbec513505a4e5a","5ec3ad2a0326b193df1eaa4fd7952ef2dff88deb54d4f0ea7dbec513505a4e5a",""
"gh-b0232y","General Anesthesia Decouples Cortical Pyramidal Neurons","pages/gh-b0232y.md","/v5ma.github.io/wiki/content/gh-b0232y.md","5615","5615","beb5f099ec37b58c81c123e8d70dbf736bb028d2a4deb979451d8a92b4fad6fe","beb5f099ec37b58c81c123e8d70dbf736bb028d2a4deb979451d8a92b4fad6fe",""
"gh-b0233y","Gh B0233Y","pages/gh-b0233y.md","/v5ma.github.io/wiki/content/gh-b0233y.md","18901","18901","3e49ef3760376cc882fad3496dac64a10e36d11a02773e1c64bda1e98064c75c","3e49ef3760376cc882fad3496dac64a10e36d11a02773e1c64bda1e98064c75c",""
"gh-b0234y","Gh B0234Y","pages/gh-b0234y.md","/v5ma.github.io/wiki/content/gh-b0234y.md","10469","9487","04699d34fab24bfe238e86181b58cf5559da89e491f91619f01b2e7f39c0848b","5f419259fd5aae3ce7766446eabda94f7f810c3e6936d37a5fdb6d729865f473","routeBlocksRemoved:1"
"gh-b0235ygoogle","""Cellular Mechanisms of Conscious Processing""","pages/gh-b0235ygoogle.md","/v5ma.github.io/wiki/content/gh-b0235ygoogle.md","61718","61718","066d127512ba088cd65ed558d115870d297257d18cfa55c4d014fe36fec790c4","066d127512ba088cd65ed558d115870d297257d18cfa55c4d014fe36fec790c4",""
"gh-b0236y","Gh B0236Y","pages/gh-b0236y.md","/v5ma.github.io/wiki/content/gh-b0236y.md","8879","8250","2c521b7f91b328f162a57ff0153bdef803a8c9110e5544d556d5d5a4f47e8009","4fd08f21fa9396c06a04c1583f613b520d5c21bca6d9ff85f525cc0d392cffe7","routeBlocksRemoved:1"
"gh-b0237y","Gh B0237Y","pages/gh-b0237y.md","/v5ma.github.io/wiki/content/gh-b0237y.md","4404","3753","12fb42fdf3a52e3d2c6cb58f8c91eb4424e43a9d6bf1e604ebc67826554314ed","9f10d91d8c5b21cc5d728bf73ba499fda0d3170466129f114b25630448fa7bee","routeBlocksRemoved:1"
"gh-b0240y","Gh B0240Y","pages/gh-b0240y.md","/v5ma.github.io/wiki/content/gh-b0240y.md","11703","11703","1a82577932942490b7c8050e1cd6fc4b89a15c1ecbd10e238ab769d0db06bfea","1a82577932942490b7c8050e1cd6fc4b89a15c1ecbd10e238ab769d0db06bfea",""
"gh-b0241y","Gh B0241Y","pages/gh-b0241y.md","/v5ma.github.io/wiki/content/gh-b0241y.md","17161","16510","66eb7565987c6d5b23b85965eb989499694c05610a4313b42652ea27d4442e72","56d0cceacab8b5e180fd56276ec301868839392bb00bd1668bfec6354dcc3079","routeBlocksRemoved:1"
"gh-b0242y","Gh B0242Y","pages/gh-b0242y.md","/v5ma.github.io/wiki/content/gh-b0242y.md","4662","3680","e8a88ca6e0ff37150c925beadcc4803077f6627cf0d9ebef3cad9e2127aadde1","66f0562d6fcf8ec797ac46af11e345f9086bba11cf002716e7e39a3056b69b91","routeBlocksRemoved:1"
"gh-b0247y","Gh B0247Y","pages/gh-b0247y.md","/v5ma.github.io/wiki/content/gh-b0247y.md","9210","8228","aebc5efb09d345a029ee7c4515f7b9e20ea03c41db5a29d0747c7743bfc3af81","0efa044e60013a4b0080a67ff1b1389ffa30ad2bf3e50979a50388760e4ca107","routeBlocksRemoved:1"
"gh-b0252y","Gh B0252Y","pages/gh-b0252y.md","/v5ma.github.io/wiki/content/gh-b0252y.md","80986","80986","f7b1b80ed34489c1d3fd344397f5a6c590a47d03153f04fb651ff3eebb3d8b6c","f7b1b80ed34489c1d3fd344397f5a6c590a47d03153f04fb651ff3eebb3d8b6c",""
"gh-b0257y","Gh B0257Y","pages/gh-b0257y.md","/v5ma.github.io/wiki/content/gh-b0257y.md","11212","11212","4a3b8f2bc1bcb19a8d8d5550b6fa7b33129db8083656e506c727bb979322ced8","4a3b8f2bc1bcb19a8d8d5550b6fa7b33129db8083656e506c727bb979322ced8",""
"gh-b0259y","Gh B0259Y","pages/gh-b0259y.md","/v5ma.github.io/wiki/content/gh-b0259y.md","3215","2574","9c63f05d6e1c68eebf9c199869e4197f6cfabbe285680a6094835b9749521d43","a09b376cedb6e74701cadffdf45befd5d5e26621f69bf77b6be7a7c69d1a0933","routeBlocksRemoved:1"
"gh-b0263y","Gh B0263Y","pages/gh-b0263y.md","/v5ma.github.io/wiki/content/gh-b0263y.md","30113","30113","96d26d8708b6769c85820965d920d41c1dab5184f5ff8531165f1132f5502580","96d26d8708b6769c85820965d920d41c1dab5184f5ff8531165f1132f5502580",""
"gh-b0267y","Gh B0267Y","pages/gh-b0267y.md","/v5ma.github.io/wiki/content/gh-b0267y.md","55105","55105","fbf696010202190fdf01f4fe6982f6ce29803cb8ccb57004fb4f483ac16138e5","fbf696010202190fdf01f4fe6982f6ce29803cb8ccb57004fb4f483ac16138e5",""
"gh-b0268ywhisper","Gh B0268Ywhisper","pages/gh-b0268ywhisper.md","/v5ma.github.io/wiki/content/gh-b0268ywhisper.md","59612","59612","a4e6826edc0f1b748b77410b64bb1a890b7e60424edded403fefe82598789864","a4e6826edc0f1b748b77410b64bb1a890b7e60424edded403fefe82598789864",""
"gh-b0269y","Gh B0269Y","pages/gh-b0269y.md","/v5ma.github.io/wiki/content/gh-b0269y.md","5807","4825","4c42d87bc4aaff54c858f06ee42bd3adf9b48e67de63e6b58f57b7deca00d336","717831ec20813f83faf5799cacd35b7996d8134f4edbd745d2b7442b5105d38e","routeBlocksRemoved:1"
"gh-b0271y","New findings reveal how neurons build and maintain their capacity to communicate","pages/gh-b0271y.md","/v5ma.github.io/wiki/content/gh-b0271y.md","20160","20160","d4c8cb6a920fa12310fe4af0d1782d18caca4d0fbdf607e761a7d42b28632029","d4c8cb6a920fa12310fe4af0d1782d18caca4d0fbdf607e761a7d42b28632029",""
"gh-b0272ydone","Synaptotagmin is what the Calcium ions bind to in order to facilitate greater neurotransmitter release.","pages/gh-b0272ydone.md","/v5ma.github.io/wiki/content/gh-b0272ydone.md","7797","7797","c8399be99ea8516dce8eee59107b25837416b0f5e2bd74e97e7bffe2758b43aa","c8399be99ea8516dce8eee59107b25837416b0f5e2bd74e97e7bffe2758b43aa",""
"gh-b0275y","Gh B0275Y","pages/gh-b0275y.md","/v5ma.github.io/wiki/content/gh-b0275y.md","13850","12868","c0ec260fd57e5f8e9158f6ae806d6e9672ddeaedd2b0e48196e39a2eda75295f","b8ef90c6fecc82c166271743d448b2ef7b74e0da17c6cd4d1fa5f1d14acb62ce","routeBlocksRemoved:1"
"gh-b0276ysci","Summary by AI (LLM, SciSummary with ChatGPT 4):","pages/gh-b0276ysci.md","/v5ma.github.io/wiki/content/gh-b0276ysci.md","61877","61877","8bbee6d3c6523ea788d4f7afb5e602ff0a33e2db9fcecb57b5b57100f520a324","8bbee6d3c6523ea788d4f7afb5e602ff0a33e2db9fcecb57b5b57100f520a324",""
"gh-b0277y","Gh B0277Y","pages/gh-b0277y.md","/v5ma.github.io/wiki/content/gh-b0277y.md","12583","12583","4c9a25fbc2b81c6b87a52bafad287d8e7d7746c56e2c018690dc3e4507f1c0fd","4c9a25fbc2b81c6b87a52bafad287d8e7d7746c56e2c018690dc3e4507f1c0fd",""
"gh-b0278y","Gh B0278Y","pages/gh-b0278y.md","/v5ma.github.io/wiki/content/gh-b0278y.md","18869","18869","e9fe89d2ba3c2f86845c8f8d66a54011762fd37e3645e53e213accb781b7d683","e9fe89d2ba3c2f86845c8f8d66a54011762fd37e3645e53e213accb781b7d683",""
"gh-b0281y","Gh B0281Y","pages/gh-b0281y.md","/v5ma.github.io/wiki/content/gh-b0281y.md","6594","5612","c33a81ce1c9ac391597dca8aba7046b0a227d8b526f72ff59e2319559c7c3b21","c31de942f977d32dc32b977bbb14ddc9f2b6e0857a2a581665f018ab5abb9fb8","routeBlocksRemoved:1"
"gh-b0282y","Gh B0282Y","pages/gh-b0282y.md","/v5ma.github.io/wiki/content/gh-b0282y.md","43514","43514","8e9a76ba5f8abb11ea461d44872790bde4152f650b6f0f3dfbbdbfce8eda5205","8e9a76ba5f8abb11ea461d44872790bde4152f650b6f0f3dfbbdbfce8eda5205",""
"gh-b0294y","Gh B0294Y","pages/gh-b0294y.md","/v5ma.github.io/wiki/content/gh-b0294y.md","33601","33601","93e530f2820047e15aa25e8f34c55ff203fd181ef2555cfa915bd74319db59b9","93e530f2820047e15aa25e8f34c55ff203fd181ef2555cfa915bd74319db59b9",""
"gh-b0296y","Gh B0296Y","pages/gh-b0296y.md","/v5ma.github.io/wiki/content/gh-b0296y.md","25650","25650","92edd99eea161ed16134d4d30aa26a5cb5d840c1d601ccf2fc51d24fac4b6c09","92edd99eea161ed16134d4d30aa26a5cb5d840c1d601ccf2fc51d24fac4b6c09",""
"gh-b0300y","Gh B0300Y","pages/gh-b0300y.md","/v5ma.github.io/wiki/content/gh-b0300y.md","5210","5210","2b8f9ac4ea663989b3850ac16ac0598dda04cbad9b5b25b99ee35d424a438431","2b8f9ac4ea663989b3850ac16ac0598dda04cbad9b5b25b99ee35d424a438431",""
"gh-b0301y","Gh B0301Y","pages/gh-b0301y.md","/v5ma.github.io/wiki/content/gh-b0301y.md","21095","21095","31c6c0310dbaa7c861e666e52a9ab222f24a9d69d47cee7aed3b9ec16faf2cbe","31c6c0310dbaa7c861e666e52a9ab222f24a9d69d47cee7aed3b9ec16faf2cbe",""
"gh-b0302ywhisper","SciSummary: Key Points:","pages/gh-b0302ywhisper.md","/v5ma.github.io/wiki/content/gh-b0302ywhisper.md","288904","288904","e8bd3c662342ad106c0c43ddae4072ce270ab7475a10f7df1802a0e73f93e265","e8bd3c662342ad106c0c43ddae4072ce270ab7475a10f7df1802a0e73f93e265",""
"gh-b0303y","Gh B0303Y","pages/gh-b0303y.md","/v5ma.github.io/wiki/content/gh-b0303y.md","55328","55328","1080b9989a1f2d61b58c40dc9dc609173e9946d5431e6f3086f9e20677610a30","1080b9989a1f2d61b58c40dc9dc609173e9946d5431e6f3086f9e20677610a30",""
"gh-b0304y","Gh B0304Y","pages/gh-b0304y.md","/v5ma.github.io/wiki/content/gh-b0304y.md","97296","97296","e0c4029cbf37675e80aa4d761d58a5cedb56debf34d4ff9a62f97c9ce3771256","e0c4029cbf37675e80aa4d761d58a5cedb56debf34d4ff9a62f97c9ce3771256",""
"gh-b0305y","Gh B0305Y","pages/gh-b0305y.md","/v5ma.github.io/wiki/content/gh-b0305y.md","57032","56403","19d7619aba64f0c93b33a7c075090f299ea89a786e0ff93a1a07f44c0ae75a64","105b036ce616bdd1e9770dd7b43501aa31d549452bce712d2285471e828d3453","routeBlocksRemoved:1"
"gh-b0306y","Gh B0306Y","pages/gh-b0306y.md","/v5ma.github.io/wiki/content/gh-b0306y.md","76910","76910","a91e42d81781954e170da4fb58e447ec9945a4ab2f61feeafacd46b8c8ef1539","a91e42d81781954e170da4fb58e447ec9945a4ab2f61feeafacd46b8c8ef1539",""
"gh-b0307y","Gh B0307Y","pages/gh-b0307y.md","/v5ma.github.io/wiki/content/gh-b0307y.md","6967","5985","f0c8c66ee94ccae2ef570d729a978e5f58ee4262c1a1e5ed22021201fd4b6a91","181076ecb63a6bb481e8e5a361719469367973a820a9b1907b6ac086c0c195c6","routeBlocksRemoved:1"
"gh-b0308y","Gh B0308Y","pages/gh-b0308y.md","/v5ma.github.io/wiki/content/gh-b0308y.md","61799","61799","7626eff2adeaff65e0d63bf49ad8ff307eea6cbb48bd59e3f91eb6d5cc178ccc","7626eff2adeaff65e0d63bf49ad8ff307eea6cbb48bd59e3f91eb6d5cc178ccc",""
"gh-b0309ywhisper","Gh B0309Ywhisper","pages/gh-b0309ywhisper.md","/v5ma.github.io/wiki/content/gh-b0309ywhisper.md","54432","54432","48c9415cb2530cc82dfd2da9bf6dfc9237c54da8e4cd274767d80fac08d8758d","48c9415cb2530cc82dfd2da9bf6dfc9237c54da8e4cd274767d80fac08d8758d",""
"gh-b0310ysci","Cognitive Augmentation, Treatment of Mental Health Issues","pages/gh-b0310ysci.md","/v5ma.github.io/wiki/content/gh-b0310ysci.md","269975","269975","c810ef1ba0fc3df94c357836edd04bca28b2994216c04df76e5591d27b6a3088","c810ef1ba0fc3df94c357836edd04bca28b2994216c04df76e5591d27b6a3088",""
"gh-b0311ysci","New Summary by ChatGPT Code Interpreter","pages/gh-b0311ysci.md","/v5ma.github.io/wiki/content/gh-b0311ysci.md","350090","350090","ed2f042b5b890c7824eae6d0c6c2a81e3f526ca1bb7dfdfa4a01e25a76c37ac8","ed2f042b5b890c7824eae6d0c6c2a81e3f526ca1bb7dfdfa4a01e25a76c37ac8",""
"gh-b0313ysci","AI Summary:","pages/gh-b0313ysci.md","/v5ma.github.io/wiki/content/gh-b0313ysci.md","267109","267109","51489fad6c463b1ecce58ea5cd6dfbaca2824c8f04a94ddbe65f0230d1467f96","51489fad6c463b1ecce58ea5cd6dfbaca2824c8f04a94ddbe65f0230d1467f96",""
"gh-b0314ysci","AI Generated Synopsis","pages/gh-b0314ysci.md","/v5ma.github.io/wiki/content/gh-b0314ysci.md","223502","223502","045d4e5e735c0bf0b4cfcbef88dc68abf07ed6707e0409445fc68a853cc20717","045d4e5e735c0bf0b4cfcbef88dc68abf07ed6707e0409445fc68a853cc20717",""
"gh-b0315ywhisper","Gh B0315Ywhisper","pages/gh-b0315ywhisper.md","/v5ma.github.io/wiki/content/gh-b0315ywhisper.md","119858","119858","4bf5011ff1121063550a607f99f6263e8bdb053fb76ba259b1e438b06ec276fa","4bf5011ff1121063550a607f99f6263e8bdb053fb76ba259b1e438b06ec276fa",""
"gh-b0316ywhisper","Gh B0316Ywhisper","pages/gh-b0316ywhisper.md","/v5ma.github.io/wiki/content/gh-b0316ywhisper.md","119742","119742","ffa01b59cc2de56d220206c169ac8d2c2cf49b6606ecdd3afdfba24efdda1c9c","ffa01b59cc2de56d220206c169ac8d2c2cf49b6606ecdd3afdfba24efdda1c9c",""
"gh-b0318ylatest","I asked Sage Synapse (a GPT) To Summarize the file plus make a list of key points and novel arguments:","pages/gh-b0318ylatest.md","/v5ma.github.io/wiki/content/gh-b0318ylatest.md","138416","138416","24d6f17c9feec96c5f83ba02083aabf5816c3734b010d67ec3ad52f43fce7d1e","24d6f17c9feec96c5f83ba02083aabf5816c3734b010d67ec3ad52f43fce7d1e",""
"gh-b0319ysage","Original Audio Link:","pages/gh-b0319ysage.md","/v5ma.github.io/wiki/content/gh-b0319ysage.md","121365","121365","9cc304e0854d6fb3ee522fc03d2419bc6ef579a3976089f0c6e3bbd21a15b1f4","9cc304e0854d6fb3ee522fc03d2419bc6ef579a3976089f0c6e3bbd21a15b1f4",""
"gh-b0321ygpt","Summary of all the summaries:","pages/gh-b0321ygpt.md","/v5ma.github.io/wiki/content/gh-b0321ygpt.md","63992","63212","e0ff7476949f8aea81794971aef040e3c47fb3bb921254daaa7a95160affe95a","bcf204529a408ede737b116af2de94d94e4b0e9abec2868a0f35acb33da57224","routeBlocksRemoved:1"
"gh-b0322ysci","New shorter summary of the entire text with SciSummary with ChatGPT 4","pages/gh-b0322ysci.md","/v5ma.github.io/wiki/content/gh-b0322ysci.md","214589","214589","2076dd9f4d264ae8ca5c889c9da539204aec568613f8ff3513c2574d2debe051","2076dd9f4d264ae8ca5c889c9da539204aec568613f8ff3513c2574d2debe051",""
"gh-b0323ygpt","ChatGPT 3.5 Part 1: Summarize:","pages/gh-b0323ygpt.md","/v5ma.github.io/wiki/content/gh-b0323ygpt.md","50350","50350","4cc363ea0d4077f25fec39311a518a73f42aa7f6b46792fd39ce3cdf23419092","4cc363ea0d4077f25fec39311a518a73f42aa7f6b46792fd39ce3cdf23419092",""
"gh-b0324y","SciSummary (a ChatGPT plugin)","pages/gh-b0324y.md","/v5ma.github.io/wiki/content/gh-b0324y.md","341776","341776","2febc6874fbe847ba184e246f383c087ee4d1e1349bd29ab2c3041a2881aa996","2febc6874fbe847ba184e246f383c087ee4d1e1349bd29ab2c3041a2881aa996",""
"gh-b0325ygpt","ChatGPT 4 Summary:","pages/gh-b0325ygpt.md","/v5ma.github.io/wiki/content/gh-b0325ygpt.md","8739","8739","b5789c74f7af2c319b36f1c63625967683bdf3ea81608dbc4eb7c40038747f5e","b5789c74f7af2c319b36f1c63625967683bdf3ea81608dbc4eb7c40038747f5e",""
"gh-b0327ywhisper","Gh B0327Ywhisper","pages/gh-b0327ywhisper.md","/v5ma.github.io/wiki/content/gh-b0327ywhisper.md","125753","125753","b67c9c72e02c0e91131f9e3e78b4a4b2c972db556541e2139d90697427216a7d","b67c9c72e02c0e91131f9e3e78b4a4b2c972db556541e2139d90697427216a7d",""
"gh-b0328ywhisper","Gh B0328Ywhisper","pages/gh-b0328ywhisper.md","/v5ma.github.io/wiki/content/gh-b0328ywhisper.md","53012","53012","0b953d2d5cc4c72140692dfbc9b8a89acfb7d0e9b116fc4e9364360fb91d79d8","0b953d2d5cc4c72140692dfbc9b8a89acfb7d0e9b116fc4e9364360fb91d79d8",""
"gh-c0000x","Gh C0000X","pages/gh-c0000x.md","/v5ma.github.io/wiki/content/gh-c0000x.md","26620","26620","ef0d88d0d11e531ec6bb9439c2800b5ab6f1c9592454351725bc2a13c7f26f04","ef0d88d0d11e531ec6bb9439c2800b5ab6f1c9592454351725bc2a13c7f26f04",""
"gh-c0001x","archived out of date note: Archived out of date note: formerly another version of the table of contents","pages/gh-c0001x.md","/v5ma.github.io/wiki/content/gh-c0001x.md","17805","17805","d10ccb490c0ddf6b908da2360852780c6644730d720eec04baae04de6ef9a896","d10ccb490c0ddf6b908da2360852780c6644730d720eec04baae04de6ef9a896",""
"gh-c0002x","Gh C0002X","pages/gh-c0002x.md","/v5ma.github.io/wiki/content/gh-c0002x.md","12186","12186","de71cada7729e85e7c8a6e30ea7efae5216cd8c3953ddfc510a7fcb8168dfb86","de71cada7729e85e7c8a6e30ea7efae5216cd8c3953ddfc510a7fcb8168dfb86",""
"gh-c0003x","Gh C0003X","pages/gh-c0003x.md","/v5ma.github.io/wiki/content/gh-c0003x.md","7801","7801","f29be71df1920cdb898f65d7758c1e7740632c526312453a42e8d9d9352e448f","f29be71df1920cdb898f65d7758c1e7740632c526312453a42e8d9d9352e448f",""
"gh-c0004x","Intro","pages/gh-c0004x.md","/v5ma.github.io/wiki/content/gh-c0004x.md","25885","25885","d89d7334f9f7e01e966f0e0758797e2ce2c7ab191277b7a01ad70a097b9e0405","d89d7334f9f7e01e966f0e0758797e2ce2c7ab191277b7a01ad70a097b9e0405",""
"gh-chatgptexportcode","Find the jsonData assignment (robust even if some whitespace)","pages/gh-chatgptexportcode.md","/v5ma.github.io/wiki/content/gh-chatgptexportcode.md","6403","5762","b364afe941d4ac582312dbcdb5681447a82c6e1ec84dcca94ae682c23e02ee99","7e93415aede6b65a40c81449cf8d1fe78e32d0bf916b54612c8838b3cfba3397","routeBlocksRemoved:1"
"gh-chatwithselfawarenetworksgpt","Self Aware Networks GPT","pages/gh-chatwithselfawarenetworksgpt.md","/v5ma.github.io/wiki/content/gh-chatwithselfawarenetworksgpt.md","683","683","6a836fc23e8c2332472cda9b0bc6a1a35ee45b5a95e8df5d5e11a34d56770dcd","6a836fc23e8c2332472cda9b0bc6a1a35ee45b5a95e8df5d5e11a34d56770dcd",""
"gh-cnote-artificialmorality","Gh Cnote Artificialmorality","pages/gh-cnote-artificialmorality.md","/v5ma.github.io/wiki/content/gh-cnote-artificialmorality.md","4493","3498","a50543240e286fd7e1470e298d28d8bbe3668a20567aff783acf25121392e0b1","037baf31c70e50003a1045f7b2312acf5103f6667d8a47cc8fe5dd01749795aa","routeBlocksRemoved:1"
"gh-coincidenceasabit","Gh Coincidenceasabit","pages/gh-coincidenceasabit.md","/v5ma.github.io/wiki/content/gh-coincidenceasabit.md","26617","26617","11e70f416af38f9e1951e88c8104b3c315d7bada877286fd7483f4b9a8574830","11e70f416af38f9e1951e88c8104b3c315d7bada877286fd7483f4b9a8574830",""
"gh-draft0","Gh Draft0","pages/gh-draft0.md","/v5ma.github.io/wiki/content/gh-draft0.md","970","341","f9f9d65f0909b761f47d04783e593a633aa70a5782c3a84466729e777df6309d","3e7aae698e2526d6be5a2a61ca3d88ee5cbd64514dc054d35d3018a595c3f695","routeBlocksRemoved:1"
"gh-draft1","Key Concepts","pages/gh-draft1.md","/v5ma.github.io/wiki/content/gh-draft1.md","188719","188719","58655b8828058a9b92969d28ecf876465a4e0afa0fd061b35c56da60440f3899","58655b8828058a9b92969d28ecf876465a4e0afa0fd061b35c56da60440f3899",""
"gh-draft2","1. Multiscale Intelligence and the Agentic Brain","pages/gh-draft2.md","/v5ma.github.io/wiki/content/gh-draft2.md","98063","98063","9e20b4421045e6c66c6168f13c529e902ddc5ef32da617b101626ea9c3d6a1b7","9e20b4421045e6c66c6168f13c529e902ddc5ef32da617b101626ea9c3d6a1b7",""
"gh-draft3","I. Introduction","pages/gh-draft3.md","/v5ma.github.io/wiki/content/gh-draft3.md","142580","142580","1ade346c9b520e6f6443d2a7d3304173f85c6f6216a4e12681aefe1ead8d7b2c","1ade346c9b520e6f6443d2a7d3304173f85c6f6216a4e12681aefe1ead8d7b2c",""
"gh-draft4","Draft 4 of my section of the paper","pages/gh-draft4.md","/v5ma.github.io/wiki/content/gh-draft4.md","148491","148491","304627bb565e601a2567f06a4a3a4874b5ade5b26c446e3155c0684cd19b3b32","304627bb565e601a2567f06a4a3a4874b5ade5b26c446e3155c0684cd19b3b32",""
"gh-draft5","Draft 5 of my section of the paper","pages/gh-draft5.md","/v5ma.github.io/wiki/content/gh-draft5.md","174346","174346","8a65dcd679dcb1789c0099b4c29237340f136de62182f6121cc0d49e73d190dc","8a65dcd679dcb1789c0099b4c29237340f136de62182f6121cc0d49e73d190dc",""
"gh-draft6","Draft 6 of my section of the paper","pages/gh-draft6.md","/v5ma.github.io/wiki/content/gh-draft6.md","186191","186191","f33996ecd573ff9fd66cc134d09d20e5eec45718ca9471f6b1ab0a69da496387","f33996ecd573ff9fd66cc134d09d20e5eec45718ca9471f6b1ab0a69da496387",""
"gh-drnovo","Gh Drnovo","pages/gh-drnovo.md","/v5ma.github.io/wiki/content/gh-drnovo.md","2786","2786","322e54f8315ccc769d14b1815079cd8ad80eff76acf3238ab4150f344f289fa0","322e54f8315ccc769d14b1815079cd8ad80eff76acf3238ab4150f344f289fa0",""
"gh-formulation","Gh Formulation","pages/gh-formulation.md","/v5ma.github.io/wiki/content/gh-formulation.md","980","351","d2d5da3493903f6ebe158de1e1445835b1903586249b050a384e172171c80451","5b3a0d4ffa8a6bba32ef8e2294d6c665922049b1bc67723f540d4988ba938127","routeBlocksRemoved:1"
"gh-gpt2023x","GPT2023X Working Notes (Preserved Source Archive)","pages/gh-gpt2023x.md","/v5ma.github.io/wiki/content/gh-gpt2023x.md","4953880","4953212","82ba04ab6062d9297c994b9d57c3c2a078a63ce7d8013ea615ee2322a27bbbce","aa9f4b292eec7c5fb415c0e64fd4b1390fb6521d865e4da453dc4eef2f4bd0e9","routeBlocksRemoved:1"
"gh-gpt2024jan1tojan22","""Why it makes sense that channels stay open to neurons of a different frequency","pages/gh-gpt2024jan1tojan22.md","/v5ma.github.io/wiki/content/gh-gpt2024jan1tojan22.md","810165","810165","dde7e5968cdc39b7e928ed69e2172b86155808aa879fbd26624995f4ff325bb1","dde7e5968cdc39b7e928ed69e2172b86155808aa879fbd26624995f4ff325bb1",""
"gh-gptscriptarchive","Instructions:","pages/gh-gptscriptarchive.md","/v5ma.github.io/wiki/content/gh-gptscriptarchive.md","8488","7708","e7a5c84963e68e0fdfc756bef78f661b033255671db300e9c5d7e7d53e96fbb9","84de16458d12dccbcbd91ce6360985c40ddf0937a78c693f534530fc84b91bb0","routeBlocksRemoved:1"
"gh-hex-7","Signal Inception: Neural Array Projection (At the scale of Neural Arrays: Transmission is Projection, and Projection is Rendering)","pages/gh-hex-7.md","/v5ma.github.io/wiki/content/gh-hex-7.md","371430","371378","db121887e2aa68f79eefed0676dbe80656cd34cd0cba3e96e6f23fd84bb844e8","919863e5f8e912065f4fc3121d43c2b289272c1c257623e7b54be6b832bcb763","localPathsWithheld:1"
"gh-laukkonen","Self Aware Networks GPT","pages/gh-laukkonen.md","/v5ma.github.io/wiki/content/gh-laukkonen.md","38653","38653","01f1a5303e73056daed6a3d0781b59d2611a9e5c4eab2e67286c21d4737148f2","01f1a5303e73056daed6a3d0781b59d2611a9e5c4eab2e67286c21d4737148f2",""
"gh-map-brain-interface","BCI Methods:","pages/gh-map-brain-interface.md","/v5ma.github.io/wiki/content/gh-map-brain-interface.md","3755","3755","6ab6055296d2dd3f171daa1eeb4206d8fccf8c041138637f8bf8672a26096f8d","6ab6055296d2dd3f171daa1eeb4206d8fccf8c041138637f8bf8672a26096f8d",""
"gh-map-intro-fractal","Fractals","pages/gh-map-intro-fractal.md","/v5ma.github.io/wiki/content/gh-map-intro-fractal.md","7993","7993","ea50401bad27f1dcfc6588f1f2ba7d59df4334d0590241540cd2913534df0b06","ea50401bad27f1dcfc6588f1f2ba7d59df4334d0590241540cd2913534df0b06",""
"gh-map-intro-gravity","Start.Intro.Gravity","pages/gh-map-intro-gravity.md","/v5ma.github.io/wiki/content/gh-map-intro-gravity.md","1791","1791","34d028ca554277e4d2fb390666b01f8a09581ad91177158078b723b0b404db07","34d028ca554277e4d2fb390666b01f8a09581ad91177158078b723b0b404db07",""
"gh-map-napot","The Flow of Information in the brain, from incoming senses, to motor outputs and everything inbetween","pages/gh-map-napot.md","/v5ma.github.io/wiki/content/gh-map-napot.md","17667","17667","8a49991291b5e89969fe8ded690f650bbe0d4e0d44c13d0ce3f2f21202ad2190","8a49991291b5e89969fe8ded690f650bbe0d4e0d44c13d0ce3f2f21202ad2190",""
"gh-napotconcepts","NAPOT 1","pages/gh-napotconcepts.md","/v5ma.github.io/wiki/content/gh-napotconcepts.md","23653","23653","1e1770313e8c4ac0ee982508df8f74946fb542e14bc21540ae48bbe7839b4261","1e1770313e8c4ac0ee982508df8f74946fb542e14bc21540ae48bbe7839b4261",""
"gh-nlp1","Gh Nlp1","pages/gh-nlp1.md","/v5ma.github.io/wiki/content/gh-nlp1.md","74201","74201","df4d08d61252eaa6927f71599f91fbb726d3e79bf050931557ed627c731af879","df4d08d61252eaa6927f71599f91fbb726d3e79bf050931557ed627c731af879",""
"gh-nlp2","Gh Nlp2","pages/gh-nlp2.md","/v5ma.github.io/wiki/content/gh-nlp2.md","29937","29937","3bd063b94c515edb9fcd260a4f33942e825b5d0bfda13e107bd59322fc749e5d","3bd063b94c515edb9fcd260a4f33942e825b5d0bfda13e107bd59322fc749e5d",""
"gh-nlp3","Gh Nlp3","pages/gh-nlp3.md","/v5ma.github.io/wiki/content/gh-nlp3.md","53396","53396","ba612e8770750a7082982c1eb29608c765dc9b8efbe6f56571a670d517026e9f","ba612e8770750a7082982c1eb29608c765dc9b8efbe6f56571a670d517026e9f",""
"gh-nlp4","Gh Nlp4","pages/gh-nlp4.md","/v5ma.github.io/wiki/content/gh-nlp4.md","45351","45351","62d4d6d871f7e769f349f2a4024d7f43f78a97ddf60ed22b1c4891d7c316f534","62d4d6d871f7e769f349f2a4024d7f43f78a97ddf60ed22b1c4891d7c316f534",""
"gh-nlp5","Gh Nlp5","pages/gh-nlp5.md","/v5ma.github.io/wiki/content/gh-nlp5.md","29642","29642","a5aca59142bff262c9289684542d7c6de3640da353136129203032ad7a681b0f","a5aca59142bff262c9289684542d7c6de3640da353136129203032ad7a681b0f",""
"gh-nlp7","Gh Nlp7","pages/gh-nlp7.md","/v5ma.github.io/wiki/content/gh-nlp7.md","69590","69590","b790844ce156876859f2ff4d705b1c9b6e8255b5be3027bf827a1a91eece6f5d","b790844ce156876859f2ff4d705b1c9b6e8255b5be3027bf827a1a91eece6f5d",""
"gh-nlpnervegear","Gh Nlpnervegear","pages/gh-nlpnervegear.md","/v5ma.github.io/wiki/content/gh-nlpnervegear.md","45483","45483","498a9b996dcb92ab08c205baf1905afb0d837a3a347b64a7363f6b87c166fd6c","498a9b996dcb92ab08c205baf1905afb0d837a3a347b64a7363f6b87c166fd6c",""
"gh-nlps2e1","Gh Nlps2E1","pages/gh-nlps2e1.md","/v5ma.github.io/wiki/content/gh-nlps2e1.md","71434","71434","a14b144df06ab634b676e6885589bd54924e9e90df865ada5c4160e245a11d2f","a14b144df06ab634b676e6885589bd54924e9e90df865ada5c4160e245a11d2f",""
"gh-nlps2e2","Gh Nlps2E2","pages/gh-nlps2e2.md","/v5ma.github.io/wiki/content/gh-nlps2e2.md","60236","60236","caf7db382c3f21a119a7dbda3d5d1f11d01c0b0ba1c945673fb54a494445eeab","caf7db382c3f21a119a7dbda3d5d1f11d01c0b0ba1c945673fb54a494445eeab",""
"gh-nlps2e3","Gh Nlps2E3","pages/gh-nlps2e3.md","/v5ma.github.io/wiki/content/gh-nlps2e3.md","82824","82824","3ca18e50420953518cafdf2e76ced1d41b239a1a6cd9afddc88c9f8fa0e73d3c","3ca18e50420953518cafdf2e76ced1d41b239a1a6cd9afddc88c9f8fa0e73d3c",""
"gh-nlps2e4","Gh Nlps2E4","pages/gh-nlps2e4.md","/v5ma.github.io/wiki/content/gh-nlps2e4.md","53186","53186","dbd39b6b552ea0be57039e6d146c07402cbf9f584b10e16142eb138dab54e83e","dbd39b6b552ea0be57039e6d146c07402cbf9f584b10e16142eb138dab54e83e",""
"gh-notebookml-6-collection","Gh Notebookml 6 Collection","pages/gh-notebookml-6-collection.md","/v5ma.github.io/wiki/content/gh-notebookml-6-collection.md","282609","282609","091098263500f3354619e3eaf6e822b716dbc6fd69fc820dcf22e3b1b7b5f593","091098263500f3354619e3eaf6e822b716dbc6fd69fc820dcf22e3b1b7b5f593",""
"gh-old-archived-qgtcdoutline","Gh Old Archived Qgtcdoutline","pages/gh-old-archived-qgtcdoutline.md","/v5ma.github.io/wiki/content/gh-old-archived-qgtcdoutline.md","8945","8945","0419381bf8ce2837d3dbbd2cc5f83895b59ed34fc4f418233dcbe80b0f56f3d6","0419381bf8ce2837d3dbbd2cc5f83895b59ed34fc4f418233dcbe80b0f56f3d6",""
"gh-old-archived-qgtcdoutline2","Gh Old Archived Qgtcdoutline2","pages/gh-old-archived-qgtcdoutline2.md","/v5ma.github.io/wiki/content/gh-old-archived-qgtcdoutline2.md","52137","52137","b6417f2ec53169f2c5886cbc5359fda11d3766b14d97e63bd3a5167333cd2e96","b6417f2ec53169f2c5886cbc5359fda11d3766b14d97e63bd3a5167333cd2e96",""
"gh-old-archived-qgtcdoutline3","Gh Old Archived Qgtcdoutline3","pages/gh-old-archived-qgtcdoutline3.md","/v5ma.github.io/wiki/content/gh-old-archived-qgtcdoutline3.md","20910","20910","a9b68fca5401754a428c7ffef456acba678efbbf24883eab788c0e6c7ca1b644","a9b68fca5401754a428c7ffef456acba678efbbf24883eab788c0e6c7ca1b644",""
"gh-old-archived-qgtcdoutline4","Gh Old Archived Qgtcdoutline4","pages/gh-old-archived-qgtcdoutline4.md","/v5ma.github.io/wiki/content/gh-old-archived-qgtcdoutline4.md","16092","15451","15e7d3e8d8e5a3e1c72b94286e1873155a605db37a4ada6bf06bf11ad53f4fef","340bb11b0f36fc56020b56f7eb6ce31dc009ece828ae327b0ebab5bff3618070","routeBlocksRemoved:1"
"gh-oldhome","The Self Aware Networks Institute Wiki on github!","pages/gh-oldhome.md","/v5ma.github.io/wiki/content/gh-oldhome.md","25662","25662","97f9c9450e7ea706a63ecb12b0fab5aef9573b661dbf5c7c454aae02cf12dc78","97f9c9450e7ea706a63ecb12b0fab5aef9573b661dbf5c7c454aae02cf12dc78",""
"gh-original-archive-b0125y","Gh Original Archive B0125Y","pages/gh-original-archive-b0125y.md","/v5ma.github.io/wiki/content/gh-original-archive-b0125y.md","7531","6902","337f5d9f03b296ee880ccb312dea4606023b17cd87958254bd63edc7f2c2c470","c2a83f899f617b48efa61c18e9045d67f1d15e548b577c95c8f5581689a78397","routeBlocksRemoved:1"
"gh-original-archive-b0311ygoogle","Gh Original Archive B0311Ygoogle","pages/gh-original-archive-b0311ygoogle.md","/v5ma.github.io/wiki/content/gh-original-archive-b0311ygoogle.md","302679","302679","d997f232c75e2ab009e128728686fe89580e542f0b723732632959044cf2603e","d997f232c75e2ab009e128728686fe89580e542f0b723732632959044cf2603e",""
"gh-original-archive-b0313y","Gh Original Archive B0313Y","pages/gh-original-archive-b0313y.md","/v5ma.github.io/wiki/content/gh-original-archive-b0313y.md","223704","223704","4099bf440babc54b5b42250b05775ff2015eb8425f508f4e8efb995878b47330","4099bf440babc54b5b42250b05775ff2015eb8425f508f4e8efb995878b47330",""
"gh-original-archive-b0314y","Gh Original Archive B0314Y","pages/gh-original-archive-b0314y.md","/v5ma.github.io/wiki/content/gh-original-archive-b0314y.md","223674","223674","a35fe3c46e57aeaebe184c55a27bd1344a54af5f50c06775b1c7f6e3d3020edf","a35fe3c46e57aeaebe184c55a27bd1344a54af5f50c06775b1c7f6e3d3020edf",""
"gh-original-archive-b0315ygoogle","Gh Original Archive B0315Ygoogle","pages/gh-original-archive-b0315ygoogle.md","/v5ma.github.io/wiki/content/gh-original-archive-b0315ygoogle.md","119423","118782","056a663505c342ec3e0df2b3180f40a665af1d026e8a9f00b1d234f629eb000e","d5aba0e80d5c974638a81e0b784f2968a824db4fff511f020517593d1925941d","routeBlocksRemoved:1"
"gh-original-archive-b0315ytimecode","Gh Original Archive B0315Ytimecode","pages/gh-original-archive-b0315ytimecode.md","/v5ma.github.io/wiki/content/gh-original-archive-b0315ytimecode.md","162729","162729","6b52faa8f76b91047fc8bd0f8f4a77ee245ee45f4096f780864d43478e603f36","6b52faa8f76b91047fc8bd0f8f4a77ee245ee45f4096f780864d43478e603f36",""
"gh-original-archive-b0316yrecorder","Gh Original Archive B0316Yrecorder","pages/gh-original-archive-b0316yrecorder.md","/v5ma.github.io/wiki/content/gh-original-archive-b0316yrecorder.md","118446","117805","eaf811e22b0f13027d0b6384fe6eaf2a3c53b227bdcf17cb695ac053d878b946","4c46a93a14239857cfd2f03cb6cfe3c0de5b2c55931a2ac3b9802462277b17e5","routeBlocksRemoved:1"
"gh-original-archive-b0318yarchive","Gh Original Archive B0318Yarchive","pages/gh-original-archive-b0318yarchive.md","/v5ma.github.io/wiki/content/gh-original-archive-b0318yarchive.md","126899","126899","7750e28dd8d9b24b89716cd26d8b11de6e90cadaa736643ae011914f38bf5639","7750e28dd8d9b24b89716cd26d8b11de6e90cadaa736643ae011914f38bf5639",""
"gh-original-archive-b0319yarchive","b0319yArchive.md Archived File. Skip this and go to b0319ySage.md","pages/gh-original-archive-b0319yarchive.md","/v5ma.github.io/wiki/content/gh-original-archive-b0319yarchive.md","118154","117485","ca8518b41fb5a15f8f19f1568bf10e19778620686306b63ef694382527d867a7","4ec02655d952962ba00aa2389631e40fbe0234810eb5affd2804e83b4b7f3495","routeBlocksRemoved:1"
"gh-original-archive-b0319ygptarchive","b0319yGPTarchive.md","pages/gh-original-archive-b0319ygptarchive.md","/v5ma.github.io/wiki/content/gh-original-archive-b0319ygptarchive.md","32911","32911","28b02382564166e775b7617047ad31f01e74cc900dd44d6ad58981f44312ca76","28b02382564166e775b7617047ad31f01e74cc900dd44d6ad58981f44312ca76",""
"gh-original-archived-b0004y","Action Potential Magnitude vs. Amplitude (Original Recorder Transcript)","pages/gh-original-archived-b0004y.md","/v5ma.github.io/wiki/content/gh-original-archived-b0004y.md","24150","23370","e861a35edbb9dea08c0099b4f1b2df82501f44c19d9e6887d1c530e4bdce02a1","5dd7f4a4c8a9334de800dbe2e5b77aab35a940b80da509841365ecdec408d23f","routeBlocksRemoved:1"
"gh-original-archived-b0010y","b0010 and a0310z","pages/gh-original-archived-b0010y.md","/v5ma.github.io/wiki/content/gh-original-archived-b0010y.md","26906","26906","b6dbdff1aae4e6a4e09a15cd002cb300b4165ad832b1d779422f9379567a087b","b6dbdff1aae4e6a4e09a15cd002cb300b4165ad832b1d779422f9379567a087b",""
"gh-original-archived-b0010ygpt","b0010 and a0310z","pages/gh-original-archived-b0010ygpt.md","/v5ma.github.io/wiki/content/gh-original-archived-b0010ygpt.md","26655","26655","9890bb21a616245eb002a7d0df4187c47c2bee5193f9b77172392f2a1747745a","9890bb21a616245eb002a7d0df4187c47c2bee5193f9b77172392f2a1747745a",""
"gh-original-archived-b0059y","Gh Original Archived B0059Y","pages/gh-original-archived-b0059y.md","/v5ma.github.io/wiki/content/gh-original-archived-b0059y.md","6211","5582","0da487fbb389ef73c624af59074db5c92e98adbecc91cc61671cd92c80a2a3ec","2fdbf5a04b48a2b06db2af3c03027af03fa4838b20d097327b47f955062f8a64","routeBlocksRemoved:1"
"gh-original-archived-b0067yrecorder","""How the hippocampus orchestrates memory consolidation""","pages/gh-original-archived-b0067yrecorder.md","/v5ma.github.io/wiki/content/gh-original-archived-b0067yrecorder.md","46154","46154","f557d854983ff72110f7b3f4789556648a2d49b360c234a013454235e5c76343","f557d854983ff72110f7b3f4789556648a2d49b360c234a013454235e5c76343",""
"gh-original-archived-b0067ytimecode","Gh Original Archived B0067Ytimecode","pages/gh-original-archived-b0067ytimecode.md","/v5ma.github.io/wiki/content/gh-original-archived-b0067ytimecode.md","36026","36026","e656d24d929408fa67a92317e94d1c567fca68fc4d1efcfcefc2d11e0d8a1324","e656d24d929408fa67a92317e94d1c567fca68fc4d1efcfcefc2d11e0d8a1324",""
"gh-original-archived-b0092ygoogle","Gh Original Archived B0092Ygoogle","pages/gh-original-archived-b0092ygoogle.md","/v5ma.github.io/wiki/content/gh-original-archived-b0092ygoogle.md","38093","38093","e0e168fd001521a9e0831767697a27770052c19e2abe7cb1e12b66f9313c14c0","e0e168fd001521a9e0831767697a27770052c19e2abe7cb1e12b66f9313c14c0",""
"gh-original-archived-b0092ytimecode","Gh Original Archived B0092Ytimecode","pages/gh-original-archived-b0092ytimecode.md","/v5ma.github.io/wiki/content/gh-original-archived-b0092ytimecode.md","46756","46756","8fe57eb5e076be49cb629b24cd5bb91eea55a929d3074031bc8c289961ff1ce6","8fe57eb5e076be49cb629b24cd5bb91eea55a929d3074031bc8c289961ff1ce6",""
"gh-original-archived-b0101y","Gh Original Archived B0101Y","pages/gh-original-archived-b0101y.md","/v5ma.github.io/wiki/content/gh-original-archived-b0101y.md","14726","14085","677628f18df1b0a9774505cd83d3e3d0023a42a1193e17047d0fcdf0b270b271","a6df4aeaff68b72842cb63e1d99ae2738db3991084b307f7472688dd3eec8bcd","routeBlocksRemoved:1"
"gh-original-archived-b0102ygoogle","Gh Original Archived B0102Ygoogle","pages/gh-original-archived-b0102ygoogle.md","/v5ma.github.io/wiki/content/gh-original-archived-b0102ygoogle.md","36945","36945","c88420469dcc557cb9c0d88e0ce390a589635233ae020df2393bd9063780d876","c88420469dcc557cb9c0d88e0ce390a589635233ae020df2393bd9063780d876",""
"gh-original-archived-b0103ygoogle","Gh Original Archived B0103Ygoogle","pages/gh-original-archived-b0103ygoogle.md","/v5ma.github.io/wiki/content/gh-original-archived-b0103ygoogle.md","63735","63735","97a7fc1407634dd761c1797bdaa1b98690eb7e96acb343d6516facf689228daa","97a7fc1407634dd761c1797bdaa1b98690eb7e96acb343d6516facf689228daa",""
"gh-original-archived-b0103ytimecode","Gh Original Archived B0103Ytimecode","pages/gh-original-archived-b0103ytimecode.md","/v5ma.github.io/wiki/content/gh-original-archived-b0103ytimecode.md","77143","76514","dc9788dc7420e2d2f148aa7d4a75e9b5c0beca5addfec46f3d89ef7f05a9cfb5","f80565d97f6a150b28a9e66e68e9d1dc3804af7b325e711e944fb7a62536da96","routeBlocksRemoved:1"
"gh-original-archived-b0105ygoogle","Gh Original Archived B0105Ygoogle","pages/gh-original-archived-b0105ygoogle.md","/v5ma.github.io/wiki/content/gh-original-archived-b0105ygoogle.md","29021","28237","ea5dc1231eae7d209aa8ba8a0ce9573aab06f44b96ba94654d4ebc2f9615c052","61a71ab843b3d2141ed589d37475c7a4d9020f91df6a860dc2378f286932ce1b","routeBlocksRemoved:1"
"gh-original-archived-b0105ytimecode","Gh Original Archived B0105Ytimecode","pages/gh-original-archived-b0105ytimecode.md","/v5ma.github.io/wiki/content/gh-original-archived-b0105ytimecode.md","35614","34834","3f7396143acf854719c01abf15f24698d4e035700b250b201d2b742275f58bbc","ee2168ab22ec326de12847639c6ee46372101c708cfdf85fd0bc85dda549e1d9","routeBlocksRemoved:1"
"gh-original-archived-b0108y","Gh Original Archived B0108Y","pages/gh-original-archived-b0108y.md","/v5ma.github.io/wiki/content/gh-original-archived-b0108y.md","14403","14403","18d3a50358c0056579211010663a3292cefdacd799f48330e961a84d7f4fbf1c","18d3a50358c0056579211010663a3292cefdacd799f48330e961a84d7f4fbf1c",""
"gh-original-archived-b0145ygoogle","Gh Original Archived B0145Ygoogle","pages/gh-original-archived-b0145ygoogle.md","/v5ma.github.io/wiki/content/gh-original-archived-b0145ygoogle.md","27800","27800","1d63670bf07404f273a1ab29fd506c3458d78b8f26d3e8ac14fb6b801e3037cd","1d63670bf07404f273a1ab29fd506c3458d78b8f26d3e8ac14fb6b801e3037cd",""
"gh-original-archived-b0145ytimecode","Gh Original Archived B0145Ytimecode","pages/gh-original-archived-b0145ytimecode.md","/v5ma.github.io/wiki/content/gh-original-archived-b0145ytimecode.md","33054","33054","bf4db0569ddf52477d816b7db86a83a0c840d540623fa5b3fc90d8e1462a7ae6","bf4db0569ddf52477d816b7db86a83a0c840d540623fa5b3fc90d8e1462a7ae6",""
"gh-original-archived-b0151ygoogle","Gh Original Archived B0151Ygoogle","pages/gh-original-archived-b0151ygoogle.md","/v5ma.github.io/wiki/content/gh-original-archived-b0151ygoogle.md","20248","20248","9894c9676a6722850876d8353046e504812525f3c9a633bd90d3508a7efa6cbe","9894c9676a6722850876d8353046e504812525f3c9a633bd90d3508a7efa6cbe",""
"gh-original-archived-b0151ytimecode","Gh Original Archived B0151Ytimecode","pages/gh-original-archived-b0151ytimecode.md","/v5ma.github.io/wiki/content/gh-original-archived-b0151ytimecode.md","24762","24762","f9fba7f2659bda85ea304361c00646866d0415f5a6771623bd473ae9e4db6536","f9fba7f2659bda85ea304361c00646866d0415f5a6771623bd473ae9e4db6536",""
"gh-original-archived-b0195ygoogle","Gh Original Archived B0195Ygoogle","pages/gh-original-archived-b0195ygoogle.md","/v5ma.github.io/wiki/content/gh-original-archived-b0195ygoogle.md","108890","108890","6671c1b13aa7280ded1c7dbe92a3ce0e40efc48dff67b555ccdae97c36727843","6671c1b13aa7280ded1c7dbe92a3ce0e40efc48dff67b555ccdae97c36727843",""
"gh-original-archived-b0195ytimecode","Gh Original Archived B0195Ytimecode","pages/gh-original-archived-b0195ytimecode.md","/v5ma.github.io/wiki/content/gh-original-archived-b0195ytimecode.md","154560","154560","05b1b917fce2a07894a255c853d30ce6fef034dc63a54ebea4ccbfa25772ba7a","05b1b917fce2a07894a255c853d30ce6fef034dc63a54ebea4ccbfa25772ba7a",""
"gh-original-archived-b0268ygoogle","Gh Original Archived B0268Ygoogle","pages/gh-original-archived-b0268ygoogle.md","/v5ma.github.io/wiki/content/gh-original-archived-b0268ygoogle.md","56552","55768","1bf179335c3515dffdfe902afcf7aeec4fff4018815beee003025a5433965c3b","dff5af824632cc78851f5fe295b4875a4c654363c9ebfbaf0d567ffc337b21f4","routeBlocksRemoved:1"
"gh-original-archived-b0268ytimecode","Gh Original Archived B0268Ytimecode","pages/gh-original-archived-b0268ytimecode.md","/v5ma.github.io/wiki/content/gh-original-archived-b0268ytimecode.md","83859","83079","ab133deacb4f50f9c8233a07a1bb35ce89d7b19b27ea916546ae102383954a6f","c8065bce8c4bb4073619c0950a87cf681ae915d9510c8c0263e9de26a4af9ae1","routeBlocksRemoved:1"
"gh-original-archived-b0276y","Gh Original Archived B0276Y","pages/gh-original-archived-b0276y.md","/v5ma.github.io/wiki/content/gh-original-archived-b0276y.md","69599","69599","bdc8725dbbf9bc60bcfdf9caa3ec607f522ec2b50b6ed84753a7b74501d42b83","bdc8725dbbf9bc60bcfdf9caa3ec607f522ec2b50b6ed84753a7b74501d42b83",""
"gh-original-archived-b0302ytimecode","Gh Original Archived B0302Ytimecode","pages/gh-original-archived-b0302ytimecode.md","/v5ma.github.io/wiki/content/gh-original-archived-b0302ytimecode.md","383916","383916","6576327f479f9dde03c424970a96ee98e9ffbab3a50f0b1eeefbf6d9573f4c73","6576327f479f9dde03c424970a96ee98e9ffbab3a50f0b1eeefbf6d9573f4c73",""
"gh-original-archived-b0309ytimecode","Gh Original Archived B0309Ytimecode","pages/gh-original-archived-b0309ytimecode.md","/v5ma.github.io/wiki/content/gh-original-archived-b0309ytimecode.md","58044","57264","8ed8e50aab2a3e9848c41127b86a7a40851c2254831b61fd3620d8ff039dd584","faf43473bdd05ff8ab07b12c77c8d015e3d94123121f9122efc4c04de18f064d","routeBlocksRemoved:1"
"gh-original-archived-b0310ygoogle","Gh Original Archived B0310Ygoogle","pages/gh-original-archived-b0310ygoogle.md","/v5ma.github.io/wiki/content/gh-original-archived-b0310ygoogle.md","252910","252910","7277546165d76173dd92baec85e82e9d900b5454a8adc4fe1bec5e6b7c5c3ba4","7277546165d76173dd92baec85e82e9d900b5454a8adc4fe1bec5e6b7c5c3ba4",""
"gh-original-archived-b0321y","Gh Original Archived B0321Y","pages/gh-original-archived-b0321y.md","/v5ma.github.io/wiki/content/gh-original-archived-b0321y.md","52234","51454","49bc42c1f3ec51f3fc53b9c07395478875686f912136f41c28287ba0234e8437","3ba67814f876a3b3c016b08960b0c72c8786297ad8a352ae74dded1c1f3f8d5d","routeBlocksRemoved:1"
"gh-original-archived-b0322y","Gh Original Archived B0322Y","pages/gh-original-archived-b0322y.md","/v5ma.github.io/wiki/content/gh-original-archived-b0322y.md","177033","177033","e12e7425422e77f92f29965096c2bfc8025fe5558918a3c1e3d5c37c0bab7b44","e12e7425422e77f92f29965096c2bfc8025fe5558918a3c1e3d5c37c0bab7b44",""
"gh-original-archived-b0323y","Gh Original Archived B0323Y","pages/gh-original-archived-b0323y.md","/v5ma.github.io/wiki/content/gh-original-archived-b0323y.md","38496","38496","888d17ec74733e0db9770ac3d36b6831407003275f68c9eb839c8a35694f32b8","888d17ec74733e0db9770ac3d36b6831407003275f68c9eb839c8a35694f32b8",""
"gh-original-archived-b0325y","Gh Original Archived B0325Y","pages/gh-original-archived-b0325y.md","/v5ma.github.io/wiki/content/gh-original-archived-b0325y.md","6854","6074","c34b9d562c3f772a9663c768d062e4180cc5d069f7d9da90643a4a49897e8926","0c2eae03503b339d5ac813a02ab00b4fbee380dffe7f419c3235d305ce3ed189","routeBlocksRemoved:1"
"gh-original-archived-b0327ygoogle","F Scott:","pages/gh-original-archived-b0327ygoogle.md","/v5ma.github.io/wiki/content/gh-original-archived-b0327ygoogle.md","126662","125994","9577f895607c299095bc5fe3a8e59480b7a54ec8fe292fb13654f12d5a2cae52","d159db32a82f066cf9cfb64731bc24b270a61324e7c1c3aac933210c23c9c07f","routeBlocksRemoved:1"
"gh-original-archived-b0327ytimecode","Gh Original Archived B0327Ytimecode","pages/gh-original-archived-b0327ytimecode.md","/v5ma.github.io/wiki/content/gh-original-archived-b0327ytimecode.md","163851","163851","a6897ab3c7aa672be7b907cf04dbea437322bc94f281713839653684cbb79418","a6897ab3c7aa672be7b907cf04dbea437322bc94f281713839653684cbb79418",""
"gh-original-archived-b0328ygoogle","Gh Original Archived B0328Ygoogle","pages/gh-original-archived-b0328ygoogle.md","/v5ma.github.io/wiki/content/gh-original-archived-b0328ygoogle.md","49419","48768","7468f54b7b259b62d7661da66ebdf5d5d83ddecf6613904e42d52a34c5b968fa","82d9221822ae825b280deb28c4778f57602220a0637c7747ee185e70d7ae23f2","routeBlocksRemoved:1"
"gh-original-archived-b0328ytimecode","Gh Original Archived B0328Ytimecode","pages/gh-original-archived-b0328ytimecode.md","/v5ma.github.io/wiki/content/gh-original-archived-b0328ytimecode.md","56896","56116","0aae8c53a961b306856f9c1857dcf23794dfd3ce1e132e8e7817d7923f2dbab4","c58ab7bf67edc42fc8729fd77f832c8bf6855b76522f20fb9abc94bb7657c83d","routeBlocksRemoved:1"
"gh-qgtcd-causal-fermion-systems","Gh Qgtcd Causal Fermion Systems","pages/gh-qgtcd-causal-fermion-systems.md","/v5ma.github.io/wiki/content/gh-qgtcd-causal-fermion-systems.md","36555","36555","bd33a1dfc9afb75841c89189b2c52022d9b4c3a64d88f885a8b7870ebdfdfe66","bd33a1dfc9afb75841c89189b2c52022d9b4c3a64d88f885a8b7870ebdfdfe66",""
"gh-qgtcd-sit","Gh Qgtcd Sit","pages/gh-qgtcd-sit.md","/v5ma.github.io/wiki/content/gh-qgtcd-sit.md","22043","22043","2058ffedc9a6d14c503cbc53ddaf8c8acea68a0c253688ab5b2849886f244105","2058ffedc9a6d14c503cbc53ddaf8c8acea68a0c253688ab5b2849886f244105",""
"gh-qgtcd","QGTCD Quotations from GPT2023X","pages/gh-qgtcd.md","/v5ma.github.io/wiki/content/gh-qgtcd.md","36141","36141","387cc659c48326f4d641aa5311b7743a0952db335a1e2b5c55ecb636348ce92d","387cc659c48326f4d641aa5311b7743a0952db335a1e2b5c55ecb636348ce92d",""
"gh-qgtcd2015","Gh Qgtcd2015","pages/gh-qgtcd2015.md","/v5ma.github.io/wiki/content/gh-qgtcd2015.md","2618","1989","c10ab003d1a57477b5aece28b512b0824534b886134d60b4f290eb4af80296ef","83cc8416424af2b768053b42bba74ab62f1ee5093991a2924a3e253d835f2cd6","routeBlocksRemoved:1"
"gh-qgtcd46equations","Gh Qgtcd46Equations","pages/gh-qgtcd46equations.md","/v5ma.github.io/wiki/content/gh-qgtcd46equations.md","25057","25057","6d4f38af3a45547334b2570a69d51d3e3675541443b8830421737f9d585d9e9e","6d4f38af3a45547334b2570a69d51d3e3675541443b8830421737f9d585d9e9e",""
"gh-qgtcdarreduct1","Dark Time Theory: A conversation about the core ideas forming a new frontier in physics.","pages/gh-qgtcdarreduct1.md","/v5ma.github.io/wiki/content/gh-qgtcdarreduct1.md","778906","778906","0faa47b0ad75e70dcdec5af6e8df3a86d4f30ee1634e869d1b0f42cbca4169bd","0faa47b0ad75e70dcdec5af6e8df3a86d4f30ee1634e869d1b0f42cbca4169bd",""
"gh-qgtcdarreduct2","Micah Blumberg said:","pages/gh-qgtcdarreduct2.md","/v5ma.github.io/wiki/content/gh-qgtcdarreduct2.md","383119","383119","0a776d26a060fa601001bd9f95f7414f9e5d106e3091807b4c2204bd9566a3af","0a776d26a060fa601001bd9f95f7414f9e5d106e3091807b4c2204bd9566a3af",""
"gh-qgtcdarreduct3","Section C1","pages/gh-qgtcdarreduct3.md","/v5ma.github.io/wiki/content/gh-qgtcdarreduct3.md","409177","409177","aba166ca24e33ec46e6953f35d0635246529d74f84d8d41036dcc8b83f0cc512","aba166ca24e33ec46e6953f35d0635246529d74f84d8d41036dcc8b83f0cc512",""
"gh-qgtcdegrti01","QGTCD_EG&RTI_01 A conversation with AI to compare theories","pages/gh-qgtcdegrti01.md","/v5ma.github.io/wiki/content/gh-qgtcdegrti01.md","293266","293266","a0c6496c8360dd9fca6b9de3c6cf74b82b16943158d00403f6f6902413c0a3a8","a0c6496c8360dd9fca6b9de3c6cf74b82b16943158d00403f6f6902413c0a3a8",""
"gh-qgtcdegrti02","QGTCD_EG&RTI_02 A conversation with AI to compare theories","pages/gh-qgtcdegrti02.md","/v5ma.github.io/wiki/content/gh-qgtcdegrti02.md","114679","114679","27fbe1a3c2d25f6b1af9eabdad4f63195ad728106f5c475ca2e80e1fa25c71ff","27fbe1a3c2d25f6b1af9eabdad4f63195ad728106f5c475ca2e80e1fa25c71ff",""
"gh-qgtcdlegacy","Gh Qgtcdlegacy","pages/gh-qgtcdlegacy.md","/v5ma.github.io/wiki/content/gh-qgtcdlegacy.md","230431","230431","0cb2c1081dbd271bebf36acfd8be42789549ac9c918b6c90a58bd6f92428ea8d","0cb2c1081dbd271bebf36acfd8be42789549ac9c918b6c90a58bd6f92428ea8d",""
"gh-qgtcdmainoutline","Gh Qgtcdmainoutline","pages/gh-qgtcdmainoutline.md","/v5ma.github.io/wiki/content/gh-qgtcdmainoutline.md","17045","17045","ee52f76366ce54d78d0565737c7a189dab6d3f3a9d7f554b24b7ff866146675b","ee52f76366ce54d78d0565737c7a189dab6d3f3a9d7f554b24b7ff866146675b",""
"gh-qgtcdmanyeqfulltext","Gh Qgtcdmanyeqfulltext","pages/gh-qgtcdmanyeqfulltext.md","/v5ma.github.io/wiki/content/gh-qgtcdmanyeqfulltext.md","282041","282041","297ff1f578b3fb699f91d1d8543bada5f62bf5131252f329303ca8b72f8468c8","297ff1f578b3fb699f91d1d8543bada5f62bf5131252f329303ca8b72f8468c8",""
"gh-qgtcdmath","Gemini","pages/gh-qgtcdmath.md","/v5ma.github.io/wiki/content/gh-qgtcdmath.md","117061","117061","45f61810bbbb61cbddcb734dd22eb0cc686f86c61099624a3ff2825c4fc99e71","45f61810bbbb61cbddcb734dd22eb0cc686f86c61099624a3ff2825c4fc99e71",""
"gh-qgtcdnote","Responses, Questions & Answers:","pages/gh-qgtcdnote.md","/v5ma.github.io/wiki/content/gh-qgtcdnote.md","9616","9616","ae9b7a34d8a4dc6e72f9541b1aad8ca185e2fce227c4b5da95a85648addbbd76","ae9b7a34d8a4dc6e72f9541b1aad8ca185e2fce227c4b5da95a85648addbbd76",""
"gh-qgtcdpostulates","Quantum Gradient Time Crystal Dilation theory is a collection or body of conjectures, multiple hypotheses, arguments, and predictions that link or extend General Relativity to Quantum Mechanics.","pages/gh-qgtcdpostulates.md","/v5ma.github.io/wiki/content/gh-qgtcdpostulates.md","5349","5349","83f48aaae3f9b25e37978971de62eb28c0a131b22dcdfee11b0defdb70b5afdd","83f48aaae3f9b25e37978971de62eb28c0a131b22dcdfee11b0defdb70b5afdd",""
"gh-qgtcdred1","Responses, Questions & Answers:","pages/gh-qgtcdred1.md","/v5ma.github.io/wiki/content/gh-qgtcdred1.md","99186","99186","5a3a79757b3f8e84036f28eada1df45571313145f59546ba9204b842f5707317","5a3a79757b3f8e84036f28eada1df45571313145f59546ba9204b842f5707317",""
"gh-qgtcdred2","Gh Qgtcdred2","pages/gh-qgtcdred2.md","/v5ma.github.io/wiki/content/gh-qgtcdred2.md","22653","22653","a60d6fe91f8a4834a2388e123d49896ef412badf59e92fb7f402588d760ac33d","a60d6fe91f8a4834a2388e123d49896ef412badf59e92fb7f402588d760ac33d",""
"gh-qgtcdsix","Gh Qgtcdsix","pages/gh-qgtcdsix.md","/v5ma.github.io/wiki/content/gh-qgtcdsix.md","11384","10332","abd37efc4afd535c4c175097ad3ab53e6edba1eccb1694112ff7cc08e9ec1908","7a15f04e9da524d53cba89c2870ab976421fae6ffdfebc49b7fa3e594c3359c0","routeBlocksRemoved:1"
"gh-qgtcdsuperinformation","Gh Qgtcdsuperinformation","pages/gh-qgtcdsuperinformation.md","/v5ma.github.io/wiki/content/gh-qgtcdsuperinformation.md","4745","3764","641b87d3d324246cc141d2f084d0a756e66820c3423bcf1903ec1cb5bb547b5d","191382551c69e62d8c8222b707698b17cf3e00ff2e894e89e2d4626149175037","routeBlocksRemoved:1"
"gh-qgtcdsuperreduction","Dark Time Theory: A conversation about the core ideas forming a new frontier in physics.","pages/gh-qgtcdsuperreduction.md","/v5ma.github.io/wiki/content/gh-qgtcdsuperreduction.md","362830","362830","d2b676720d2522a8a94d34d34d2aeef4d0d961ec0bd2beaed89bf5244be803cb","d2b676720d2522a8a94d34d34d2aeef4d0d961ec0bd2beaed89bf5244be803cb",""
"gh-rawnote00","Gh Rawnote00","pages/gh-rawnote00.md","/v5ma.github.io/wiki/content/gh-rawnote00.md","35920","35920","d39d11ee8f417ab866224c5aca31195aca82aec71f7cbd967692481104a29ae8","d39d11ee8f417ab866224c5aca31195aca82aec71f7cbd967692481104a29ae8",""
"gh-rawnote01","Gh Rawnote01","pages/gh-rawnote01.md","/v5ma.github.io/wiki/content/gh-rawnote01.md","3798","3798","5ffb1d36faf99074a0e8aa7d3c06cff4611e405fdfa9fbfde38fe5bbb55cf76b","5ffb1d36faf99074a0e8aa7d3c06cff4611e405fdfa9fbfde38fe5bbb55cf76b",""
"gh-rawnote02","Gh Rawnote02","pages/gh-rawnote02.md","/v5ma.github.io/wiki/content/gh-rawnote02.md","27175","27175","b0f7f48912cb4dfd7dd31e6f1d9e2c44a27c3caf2e09ae77ac491cb604c7b976","b0f7f48912cb4dfd7dd31e6f1d9e2c44a27c3caf2e09ae77ac491cb604c7b976",""
"gh-rawnote03","Gh Rawnote03","pages/gh-rawnote03.md","/v5ma.github.io/wiki/content/gh-rawnote03.md","25724","25724","d294af417416f04aca627b2fbc05d5c0db9866448322badeda1564afb176312b","d294af417416f04aca627b2fbc05d5c0db9866448322badeda1564afb176312b",""
"gh-rawnote04","Gh Rawnote04","pages/gh-rawnote04.md","/v5ma.github.io/wiki/content/gh-rawnote04.md","152396","152396","54113e2fdfb4400ac6a97d275006f199abd88dafb9efe4aab8ef64af0b080679","54113e2fdfb4400ac6a97d275006f199abd88dafb9efe4aab8ef64af0b080679",""
"gh-rawnote05","Dark Time Theory: A conversation about the core ideas forming a new frontier in physics.","pages/gh-rawnote05.md","/v5ma.github.io/wiki/content/gh-rawnote05.md","136053","136053","ebeed3ff6d1b3a711957e9757a0e7a24adf5e6c1176584be6f8950bc642e5384","ebeed3ff6d1b3a711957e9757a0e7a24adf5e6c1176584be6f8950bc642e5384",""
"gh-rawnote06","Dark Time Theory proposes an inverse relationship between time density and the rate of time.","pages/gh-rawnote06.md","/v5ma.github.io/wiki/content/gh-rawnote06.md","10149","9139","5a208a75f0953c498e5a683485114be4ee78fcacc9ccd435f44ddf305d4092b6","d46967db87fa63d6983cb385f2f589099906d735f0349d174b310b64f9390176","routeBlocksRemoved:1"
"gh-raynote01","Gh Raynote01","pages/gh-raynote01.md","/v5ma.github.io/wiki/content/gh-raynote01.md","29828","29828","f70b23b8608539928d91b91746795cbb79801813c8afc86902e184ff148c9561","f70b23b8608539928d91b91746795cbb79801813c8afc86902e184ff148c9561",""
"gh-raynote02","Gh Raynote02","pages/gh-raynote02.md","/v5ma.github.io/wiki/content/gh-raynote02.md","10336","10336","dd74c26ed8cffb620af8e4ffcd5d85ff7f745e4cb925a7ea4377312eb38221a3","dd74c26ed8cffb620af8e4ffcd5d85ff7f745e4cb925a7ea4377312eb38221a3",""
"gh-raynote03","Gh Raynote03","pages/gh-raynote03.md","/v5ma.github.io/wiki/content/gh-raynote03.md","9926","9926","27c1c2d83d073e829825d4638b695df5c0a6d772680755b27ec3f97311481729","27c1c2d83d073e829825d4638b695df5c0a6d772680755b27ec3f97311481729",""
"gh-raynote04","Gh Raynote04","pages/gh-raynote04.md","/v5ma.github.io/wiki/content/gh-raynote04.md","3830","3830","245d683d51b20db50f7bda11dc79e7ec3bee6a7cb79296e6218c10cc75d8c221","245d683d51b20db50f7bda11dc79e7ec3bee6a7cb79296e6218c10cc75d8c221",""
"gh-raynote05","Gh Raynote05","pages/gh-raynote05.md","/v5ma.github.io/wiki/content/gh-raynote05.md","107242","107242","a3c87ed1a00f592492397dee1f079a20ec071c20159334661e159f04f67b59f6","a3c87ed1a00f592492397dee1f079a20ec071c20159334661e159f04f67b59f6",""
"gh-raynote06","Gh Raynote06","pages/gh-raynote06.md","/v5ma.github.io/wiki/content/gh-raynote06.md","56638","56638","1ba2a9a36ebe013afd62156b53347e85c06e17e1ec49f0d0a320e32352c4a90f","1ba2a9a36ebe013afd62156b53347e85c06e17e1ec49f0d0a320e32352c4a90f",""
"gh-raynote07","Gh Raynote07","pages/gh-raynote07.md","/v5ma.github.io/wiki/content/gh-raynote07.md","14504","14504","17cae11c14021a4b412d232e027df2d77a46a6fa0cc443dfdf8ad79a956988d3","17cae11c14021a4b412d232e027df2d77a46a6fa0cc443dfdf8ad79a956988d3",""
"gh-raynote08","Gh Raynote08","pages/gh-raynote08.md","/v5ma.github.io/wiki/content/gh-raynote08.md","90584","90584","384a36076efc2a7baf8adabd796bbf58d2f849536adf0faa3040ba704d597630","384a36076efc2a7baf8adabd796bbf58d2f849536adf0faa3040ba704d597630",""
"gh-raynote09","Gh Raynote09","pages/gh-raynote09.md","/v5ma.github.io/wiki/content/gh-raynote09.md","8127","8127","58f3963ec535a6b478fa0ba4e36642eb0a1e1b80ff4cb006264f7f81747c42b3","58f3963ec535a6b478fa0ba4e36642eb0a1e1b80ff4cb006264f7f81747c42b3",""
"gh-raynote10","Gh Raynote10","pages/gh-raynote10.md","/v5ma.github.io/wiki/content/gh-raynote10.md","4545","4545","5b2bfe2cb60e27180c02fc8f116b56c9276c22e7855282b41945ec385ca06779","5b2bfe2cb60e27180c02fc8f116b56c9276c22e7855282b41945ec385ca06779",""
"gh-raynote11","Micah Blumberg said:","pages/gh-raynote11.md","/v5ma.github.io/wiki/content/gh-raynote11.md","24390","24390","10b7ab78dfc1cc59a0a2aa7c349bf9c7652a1d73162e32bb63638d84d9d72a3d","10b7ab78dfc1cc59a0a2aa7c349bf9c7652a1d73162e32bb63638d84d9d72a3d",""
"gh-raynote12","Micah's New Law of Thermal Dynamics","pages/gh-raynote12.md","/v5ma.github.io/wiki/content/gh-raynote12.md","24014","24014","3439a1903d1106ee18aa86f361ff945d6f907ae6a09fad883b1ea7175bff0f25","3439a1903d1106ee18aa86f361ff945d6f907ae6a09fad883b1ea7175bff0f25",""
"gh-raynote13","A New Law of Thermodynamics","pages/gh-raynote13.md","/v5ma.github.io/wiki/content/gh-raynote13.md","38482","38482","257fd5438eb268cc7e43902a20770cd79e6786d0f1b9d1e87fd8a3b78bbaea0c","257fd5438eb268cc7e43902a20770cd79e6786d0f1b9d1e87fd8a3b78bbaea0c",""
"gh-raynote14","How Wave Perturbation & Dissipation Computation Could Explain Everything from Neurophysics to Astrophysics","pages/gh-raynote14.md","/v5ma.github.io/wiki/content/gh-raynote14.md","22148","22148","317f00852cf2875260c8a053b94f3c1244aed12462bd8f0cd648816ce4c4f0b9","317f00852cf2875260c8a053b94f3c1244aed12462bd8f0cd648816ce4c4f0b9",""
"gh-raynote15","Section C1","pages/gh-raynote15.md","/v5ma.github.io/wiki/content/gh-raynote15.md","205108","205108","33bd732cccce3b53659c624162ae94f9cc4eb40e5a8e3f634542dae3e6e19422","33bd732cccce3b53659c624162ae94f9cc4eb40e5a8e3f634542dae3e6e19422",""
"gh-raynote16","Wave Perturbation & Dissipation Across Scales","pages/gh-raynote16.md","/v5ma.github.io/wiki/content/gh-raynote16.md","36343","36343","dd5dbb7d430f7f187526f5e3f26624330ced2f73127788a45dcd6ce2397701e5","dd5dbb7d430f7f187526f5e3f26624330ced2f73127788a45dcd6ce2397701e5",""
"gh-raynote17","Micah Blumberg said:","pages/gh-raynote17.md","/v5ma.github.io/wiki/content/gh-raynote17.md","29257","29257","6976326a383f95f469aea15114a092bb079d9e011da5d1e1f0f04ea7fa3a7bc4","6976326a383f95f469aea15114a092bb079d9e011da5d1e1f0f04ea7fa3a7bc4",""
"gh-raynote18","Gh Raynote18","pages/gh-raynote18.md","/v5ma.github.io/wiki/content/gh-raynote18.md","46067","46067","cbb58f916a1f76c68c856a5e85ea7ff6da52834e8a95724e7f3f51a0e7e3cf83","cbb58f916a1f76c68c856a5e85ea7ff6da52834e8a95724e7f3f51a0e7e3cf83",""
"gh-raynote19","January 20th update:","pages/gh-raynote19.md","/v5ma.github.io/wiki/content/gh-raynote19.md","120463","119683","c82d5aa7ad04fd64adcaac0f6934dbf734aa690f70a18649446bcfc11fa19a7c","ca8beeccfd0ea33833dd30dde65b3e6f013bb24b10440db513ab3c06942bef58","routeBlocksRemoved:1"
"gh-raynote20","1. Applying ***Micah's New Law of Thermodynamics*** to create a new approach to my interpretation of Quantum Tunneling.","pages/gh-raynote20.md","/v5ma.github.io/wiki/content/gh-raynote20.md","26630","26630","ad89304c1a57856f79af72d32b600bde3625241fa8d65eacbbd4ef624456144a","ad89304c1a57856f79af72d32b600bde3625241fa8d65eacbbd4ef624456144a",""
"gh-raynote21","Micah Blumberg said:","pages/gh-raynote21.md","/v5ma.github.io/wiki/content/gh-raynote21.md","25449","25449","13a3b75918fade93d7173c1ade54290390bc628374366b39766c63af726f3a40","13a3b75918fade93d7173c1ade54290390bc628374366b39766c63af726f3a40",""
"gh-raynote22","Micah's New Law of Thermodynamics: A Signal-Dissipation Framework for Equilibrium, Consciousness, and Gravity","pages/gh-raynote22.md","/v5ma.github.io/wiki/content/gh-raynote22.md","130645","130645","d450b200ba8513a628a5bdc0976af1f34dbc12d34838c9b69862b89052de98f0","d450b200ba8513a628a5bdc0976af1f34dbc12d34838c9b69862b89052de98f0",""
"gh-readme","The Self Aware Networks Institute (Independent Research Group)","pages/gh-readme.md","/v5ma.github.io/wiki/content/gh-readme.md","27848","27848","660baeff31af28a3f894c3c45fcc89e197b34b8ad504788f5e02935b0ed34580","660baeff31af28a3f894c3c45fcc89e197b34b8ad504788f5e02935b0ed34580",""
"gh-resnote01","Gh Resnote01","pages/gh-resnote01.md","/v5ma.github.io/wiki/content/gh-resnote01.md","3805","3805","a3fb89fd183698f1445656e84cdc0ae9241292ec1f523265289e61cd912d118e","a3fb89fd183698f1445656e84cdc0ae9241292ec1f523265289e61cd912d118e",""
"gh-resnote02","Self Aware Networks GPT (AI writes answers based on my research notes that can be found at github.com/v5ma/selfawarenetworks )","pages/gh-resnote02.md","/v5ma.github.io/wiki/content/gh-resnote02.md","108216","108216","035c6fb66978cf57830bbf90541e32e0842ef05ef0cfcd50c6cd7800d00f4bfc","035c6fb66978cf57830bbf90541e32e0842ef05ef0cfcd50c6cd7800d00f4bfc",""
"gh-resnote03","Gh Resnote03","pages/gh-resnote03.md","/v5ma.github.io/wiki/content/gh-resnote03.md","11384","11384","a4d1cfe9a5b0afc286434d78ba73147d6db066d5e39098433abfa5a0de07cf8a","a4d1cfe9a5b0afc286434d78ba73147d6db066d5e39098433abfa5a0de07cf8a",""
"gh-resnote04","Micah","pages/gh-resnote04.md","/v5ma.github.io/wiki/content/gh-resnote04.md","40105","39372","455c752a0569504551bc524d0d9852ead10936765d8971f95f54822c67ef9e15","bf95455b3c7c88f1f1cf10ffa6bd64b7cebb7e7f2c70cb70e9206dfb6a830b96","routeBlocksRemoved:1"
"gh-resnote05","Gh Resnote05","pages/gh-resnote05.md","/v5ma.github.io/wiki/content/gh-resnote05.md","6622","6622","f48f0f3ba25f23f85b0cc1b7cb36693d5da3e092dceb3cdaa960847cb1558fa6","f48f0f3ba25f23f85b0cc1b7cb36693d5da3e092dceb3cdaa960847cb1558fa6",""
"gh-resnote06","Micah Blumberg said:","pages/gh-resnote06.md","/v5ma.github.io/wiki/content/gh-resnote06.md","62513","62513","92f66fbc5adfcb81cdcee3951fc8ab9f2fec437c2f06869c7c5e02d6733d4ef9","92f66fbc5adfcb81cdcee3951fc8ab9f2fec437c2f06869c7c5e02d6733d4ef9",""
"gh-resnote07","Grand Summary of resnote04's Conversation","pages/gh-resnote07.md","/v5ma.github.io/wiki/content/gh-resnote07.md","52061","52061","892c0c112ec30cfb8e4e94b8f56ac60c0550c45a6eaf53f75e6f8fcf9cf2608f","892c0c112ec30cfb8e4e94b8f56ac60c0550c45a6eaf53f75e6f8fcf9cf2608f",""
"gh-rexnote01","Document 1","pages/gh-rexnote01.md","/v5ma.github.io/wiki/content/gh-rexnote01.md","25609","25609","77010b8495f6ba8b7d15c071fe0bb418646de707f9a73dfe68d2685136538b2d","77010b8495f6ba8b7d15c071fe0bb418646de707f9a73dfe68d2685136538b2d",""
"gh-rexnote02","Document 2","pages/gh-rexnote02.md","/v5ma.github.io/wiki/content/gh-rexnote02.md","134099","134099","8e73749a918d77657ab0496267f8d6d73e466c1da41ba5b166a39ddbe5d8a029","8e73749a918d77657ab0496267f8d6d73e466c1da41ba5b166a39ddbe5d8a029",""
"gh-rexnote03","Document 3","pages/gh-rexnote03.md","/v5ma.github.io/wiki/content/gh-rexnote03.md","143399","143399","66c959c39b3a936206935a444aa8aae50a550680835be1b90fc7fb036b938a5d","66c959c39b3a936206935a444aa8aae50a550680835be1b90fc7fb036b938a5d",""
"gh-rexnote04","Gh Rexnote04","pages/gh-rexnote04.md","/v5ma.github.io/wiki/content/gh-rexnote04.md","17153","17153","7ae6bd554c204b7481fad07f3985a726c9d2db8ccb15f09dd14594475ac8f157","7ae6bd554c204b7481fad07f3985a726c9d2db8ccb15f09dd14594475ac8f157",""
"gh-rexnote05","Gh Rexnote05","pages/gh-rexnote05.md","/v5ma.github.io/wiki/content/gh-rexnote05.md","35019","35019","0690a5afaed528203c3436852edf0bd81c2bdc1a1fdd1402718d12b1f39a6b81","0690a5afaed528203c3436852edf0bd81c2bdc1a1fdd1402718d12b1f39a6b81",""
"gh-rexnote06","Gh Rexnote06","pages/gh-rexnote06.md","/v5ma.github.io/wiki/content/gh-rexnote06.md","8908","8908","5369e623d34e5bf9608d3c500581fc209a89bf8f368c8fd9e8652a9609325fa4","5369e623d34e5bf9608d3c500581fc209a89bf8f368c8fd9e8652a9609325fa4",""
"gh-rexnote07","Gh Rexnote07","pages/gh-rexnote07.md","/v5ma.github.io/wiki/content/gh-rexnote07.md","6945","6945","357b575e9c22d25945f64a77d5d4b743db0a9ad27b4cda7825c42617469cae08","357b575e9c22d25945f64a77d5d4b743db0a9ad27b4cda7825c42617469cae08",""
"gh-rexnote08","Gh Rexnote08","pages/gh-rexnote08.md","/v5ma.github.io/wiki/content/gh-rexnote08.md","163325","163325","dec004d840eb3971de4e87945808748e5b819e18760346e49c594effefeed98f","dec004d840eb3971de4e87945808748e5b819e18760346e49c594effefeed98f",""
"gh-rexnote09","Gh Rexnote09","pages/gh-rexnote09.md","/v5ma.github.io/wiki/content/gh-rexnote09.md","22809","22809","86e126cb1f3405a84775a509fa24b188cef60f7c8e5e42e2d33aabeec06f9cdd","86e126cb1f3405a84775a509fa24b188cef60f7c8e5e42e2d33aabeec06f9cdd",""
"gh-rexnote10","Document 1.5","pages/gh-rexnote10.md","/v5ma.github.io/wiki/content/gh-rexnote10.md","26911","26205","ac8b807c0a8a2004c8b67be6b235ad6e11877e41a1b3e0b186187780796066af","378e9703deaaa1843e3d820f83ca5df7af5ba6c841190f6fd1ab82370680b329","routeBlocksRemoved:1"
"gh-rexnote11","Gh Rexnote11","pages/gh-rexnote11.md","/v5ma.github.io/wiki/content/gh-rexnote11.md","4908","4908","805f46aef0bddad707018ed2467af378e751c880bc4d6d4eb8dde1d49b38fcb0","805f46aef0bddad707018ed2467af378e751c880bc4d6d4eb8dde1d49b38fcb0",""
"gh-rexnote12","Anchoring Memory: Bridging Molecular Mechanisms and Neural Oscillatory Dynamics.","pages/gh-rexnote12.md","/v5ma.github.io/wiki/content/gh-rexnote12.md","366844","366844","011b9203b5d179abcc3c621078585ae5ee032d17cd2c7c0d075de2c087fdd4c1","011b9203b5d179abcc3c621078585ae5ee032d17cd2c7c0d075de2c087fdd4c1",""
"gh-rexnote13","Gh Rexnote13","pages/gh-rexnote13.md","/v5ma.github.io/wiki/content/gh-rexnote13.md","54500","54500","3544204a007ca6807c4d17bad432007999dc2bfbe2af97604a9d38baed789b01","3544204a007ca6807c4d17bad432007999dc2bfbe2af97604a9d38baed789b01",""
"gh-rexnote14","Gh Rexnote14","pages/gh-rexnote14.md","/v5ma.github.io/wiki/content/gh-rexnote14.md","11881","11881","8dd47e6fb2492fe423018549d591386a52f89b17e3b275b51fddbaee8868f27b","8dd47e6fb2492fe423018549d591386a52f89b17e3b275b51fddbaee8868f27b",""
"gh-rexnote15","Gh Rexnote15","pages/gh-rexnote15.md","/v5ma.github.io/wiki/content/gh-rexnote15.md","4286","4286","87f4ad5da97fb9df2122690803bc2726f361f6e5d5a25c075a5882eed704ff10","87f4ad5da97fb9df2122690803bc2726f361f6e5d5a25c075a5882eed704ff10",""
"gh-saov9","Part I Neo Mind Cycle: Pioneering Brain-Computer Interface Evolution: From Neo Mind Cycle to Advanced NerveGear Integration.","pages/gh-saov9.md","/v5ma.github.io/wiki/content/gh-saov9.md","170468","170468","8550dd74495b4b7d3cc0288d9f0b60ea32119e2bc618e85e3c4d3a16b20696ce","8550dd74495b4b7d3cc0288d9f0b60ea32119e2bc618e85e3c4d3a16b20696ce",""
"gh-timeline","Comprehensive All-Inclusive Timeline","pages/gh-timeline.md","/v5ma.github.io/wiki/content/gh-timeline.md","6228","6228","10d047a325a29c52a27a5e5b767684c46497250b48f762941f4f66a4f47f3651","10d047a325a29c52a27a5e5b767684c46497250b48f762941f4f66a4f47f3651",""
"gh-veca","Agentic Brain Overview","pages/gh-veca.md","/v5ma.github.io/wiki/content/gh-veca.md","1188080","1188028","5467d371dba2a03314feecae2e74c05dd60ba2ab843c52005e798b07e20b4c66","2d19c8539ddf7de8e28b323593692611c2934c296a767e2f69a031b2a1ecf7e6","localPathsWithheld:1"
"gh-vecb","0. Semantic Coding in the Brain","pages/gh-vecb.md","/v5ma.github.io/wiki/content/gh-vecb.md","1549410","1549410","036b2c8a340517d336fa9df67ecdf2829dfe2c609f6bb560c559df69e6652259","036b2c8a340517d336fa9df67ecdf2829dfe2c609f6bb560c559df69e6652259",""
"gh-vecc","Gh Vecc","pages/gh-vecc.md","/v5ma.github.io/wiki/content/gh-vecc.md","330616","330616","fe4eece5d7b698bcbcfd542aa1e7d3fd7fec9f3e0d0a83623eebbc8bddfb4e64","fe4eece5d7b698bcbcfd542aa1e7d3fd7fec9f3e0d0a83623eebbc8bddfb4e64",""
"gh-vecd","Expanded Outline (In Progress)","pages/gh-vecd.md","/v5ma.github.io/wiki/content/gh-vecd.md","25269","25269","0ae47bf3cf343af03346274a5e80d97f8d9d6bdac90113f5dd09782920fb12b5","0ae47bf3cf343af03346274a5e80d97f8d9d6bdac90113f5dd09782920fb12b5",""
"gh-whitepaperdraft1","Whitepaper Draft 1","pages/gh-whitepaperdraft1.md","/v5ma.github.io/wiki/content/gh-whitepaperdraft1.md","41404","41404","792a75639c82a5549fd0a379eb30a5374648ddf76a79e1be71da61b2ff942604","792a75639c82a5549fd0a379eb30a5374648ddf76a79e1be71da61b2ff942604",""
"gh-whitepaperdraft2","Signal Inception: Neural Array Projection (At the scale of Neural Arrays: Transmission is Projection, and Projection is Rendering)","pages/gh-whitepaperdraft2.md","/v5ma.github.io/wiki/content/gh-whitepaperdraft2.md","57258","56557","50431ab26c42ddaf0c4c383ef307b1eec6bbd43f0577bf045b6f8fd9b53639cd","00e31fe9d30d6500fe87f7fdcb9c17ec10509f1109c83d4ccecb69b45ed898ee","routeBlocksRemoved:1"
"gh-whitepaperdraft3","Whitepaper Draft 3 (2023): Historical Source Guide","pages/gh-whitepaperdraft3.md","/v5ma.github.io/wiki/content/gh-whitepaperdraft3.md","14756","14756","10b2f362aaa8627a5469368b616ef662b32cd5d549df285ca0c9cb2bcbecc6ee","10b2f362aaa8627a5469368b616ef662b32cd5d549df285ca0c9cb2bcbecc6ee",""
"gh-whitepapernotes","Gh Whitepapernotes","pages/gh-whitepapernotes.md","/v5ma.github.io/wiki/content/gh-whitepapernotes.md","4312","4312","a3e38ef9715d31b8c4c65a0f2de5df88dd5dab3638cf847d3f2c63cbf26e42b8","a3e38ef9715d31b8c4c65a0f2de5df88dd5dab3638cf847d3f2c63cbf26e42b8",""
"gh-y0015gpt","ChatGPT 4 Summary","pages/gh-y0015gpt.md","/v5ma.github.io/wiki/content/gh-y0015gpt.md","6101","5433","6845bf2c9d1c4057b4b90d70f41b7142756b025961e9db9e56e9afc8cfb271dc","7b61270e4392e2b1b50c10c4eb751f6ea7f5988f760e101db71eafc192707148","routeBlocksRemoved:1"
"gh-y0030","Temporal-Spatial Neural Rendering and Conscious Operation","pages/gh-y0030.md","/v5ma.github.io/wiki/content/gh-y0030.md","6064","5284","e823f44edf4fe8424a63eeef58f97bac03ff041a3d9345c2079368bb77b6a6f6","99b4b1fccd3982113d1c3cae37215a06aaa2239bbacc3e5186a467fd7eda3aaf","routeBlocksRemoved:1"
"gh-y0031sci","ChatGPT Summary v1:","pages/gh-y0031sci.md","/v5ma.github.io/wiki/content/gh-y0031sci.md","75386","75386","182a9207f4725aca2ea4f7973e647d58cad6ede7add7aabc216e1c9d88b1c402","182a9207f4725aca2ea4f7973e647d58cad6ede7add7aabc216e1c9d88b1c402",""
"gh-y0032","Neural Array Projection and Oscillatory Inner Representation","pages/gh-y0032.md","/v5ma.github.io/wiki/content/gh-y0032.md","19245","18604","9ac0e0497fa5e16a135faa041861614785f2645d433621bef9c5a03be0bb0833","65dfe4f7bc9773790d0267b04c067e059f53de3a0d85934d5b325b7510accf5e","routeBlocksRemoved:1"
"gh-y0034","SciSummary KeyPoints Long","pages/gh-y0034.md","/v5ma.github.io/wiki/content/gh-y0034.md","13588","12808","ad1f2137490b130014f18b585e3965ce27ebf2e0eabc0297f8a78e2815bb7990","a8c1481fec6aacd175299873b37c857ba864a73320fb26e1df0e8ac6ff999d81","routeBlocksRemoved:1"
"gh-y0035","SciSummary Summary (Short)","pages/gh-y0035.md","/v5ma.github.io/wiki/content/gh-y0035.md","41144","41144","71038747cabcb2e77cf7bc11e3d8f8bf1139162ef41d6e2de093492e019531c3","71038747cabcb2e77cf7bc11e3d8f8bf1139162ef41d6e2de093492e019531c3",""
"gh-y0036","Neo Mind Cycle Book Structure and Neural Drift","pages/gh-y0036.md","/v5ma.github.io/wiki/content/gh-y0036.md","26492","26492","1540dc72617b7204a06e1f6612a0c1dd66f79f2d93df77217f566eab9dd8112b","1540dc72617b7204a06e1f6612a0c1dd66f79f2d93df77217f566eab9dd8112b",""
"gh-y0037","Sensory Stabilization, Tonic Context, and Recurrent Rendering","pages/gh-y0037.md","/v5ma.github.io/wiki/content/gh-y0037.md","107558","107558","138130f380ae39bd892f7f3b8622b00ba363b60c72c26d8f760493df367b182e","138130f380ae39bd892f7f3b8622b00ba363b60c72c26d8f760493df367b182e",""
"gh-y0038-40","Gh Y0038 40","pages/gh-y0038-40.md","/v5ma.github.io/wiki/content/gh-y0038-40.md","2645","1664","fb9e79b88f3b5d87954e7698dfd36051126888eb246cd800898a5b72a52938fb","b3ef1b3be385dc8dc048f1a859dcb0a1d827eeb5ee078b893743c90856f69120","routeBlocksRemoved:1"
"glass-brain","Glass Brain","pages/glass-brain.md","/v5ma.github.io/wiki/content/glass-brain.md","7630","7630","af1f06cc8343d80eb289856bbc21afec0a4bd20768889169f9ce6a30ba1f54e0","af1f06cc8343d80eb289856bbc21afec0a4bd20768889169f9ce6a30ba1f54e0",""
"glial-cells","Glial Cells","pages/glial-cells.md","/v5ma.github.io/wiki/content/glial-cells.md","10087","10087","d2329c031a9d79e301f055173d665ef99ed12b43a21e83c24bda902e2548fd05","d2329c031a9d79e301f055173d665ef99ed12b43a21e83c24bda902e2548fd05",""
"glial-modulation","Glial Modulation","pages/glial-modulation.md","/v5ma.github.io/wiki/content/glial-modulation.md","5013","5013","4f8bd901edd8ed1b7b45fd7a7715233ed005c91168929d3572f1b154f03c9b29","4f8bd901edd8ed1b7b45fd7a7715233ed005c91168929d3572f1b154f03c9b29",""
"global-oscillator-entanglement-mediator","Global Oscillator Entanglement Mediator","pages/global-oscillator-entanglement-mediator.md","/v5ma.github.io/wiki/content/global-oscillator-entanglement-mediator.md","2096","2096","51034ca7f1ddbffc2564b1e6f4945f45b04cbb971d7186ce692ccb4c9e3106b5","51034ca7f1ddbffc2564b1e6f4945f45b04cbb971d7186ce692ccb4c9e3106b5",""
"global-workspace-theory","Global Workspace Theory","pages/global-workspace-theory.md","/v5ma.github.io/wiki/content/global-workspace-theory.md","12912","12912","15d531e434f5c9ea580c7791a548c9ead60ac83a543fe95b1e6ffcd68799ffd9","15d531e434f5c9ea580c7791a548c9ead60ac83a543fe95b1e6ffcd68799ffd9",""
"glymphatic-system","Glymphatic System","pages/glymphatic-system.md","/v5ma.github.io/wiki/content/glymphatic-system.md","8056","8056","0bd516e8b94c3f11960a67c3f03a2eae2a8620124026d57726a79f675d5e9fea","0bd516e8b94c3f11960a67c3f03a2eae2a8620124026d57726a79f675d5e9fea",""
"gold-standard-equivalence-action-plan","Gold Standard Equivalence Action Plan","pages/gold-standard-equivalence-action-plan.md","/v5ma.github.io/wiki/content/gold-standard-equivalence-action-plan.md","7899","7899","5e688c0e6f084c329ef3f765d0d2ecff830f3bbfec4adf03163896bf9f9206d2","5e688c0e6f084c329ef3f765d0d2ecff830f3bbfec4adf03163896bf9f9206d2",""
"golden-corpus-contract","SAN Golden Corpus Knowledge Graph Contract","pages/golden-corpus-contract.md","/v5ma.github.io/wiki/content/golden-corpus-contract.md","5501","5499","6d642900c5619aa81a57a1c82ecc88e3a3f700557c3f2843ee4b5c18c0c18145","9b82e4380f04c123bbf7821793e0e19d9534ff22d1e37bd71ff73090e76cee8d","localPathsWithheld:1"
"gorla-process-calculi-encodability","Gorla Process Calculi Encodability","pages/gorla-process-calculi-encodability.md","/v5ma.github.io/wiki/content/gorla-process-calculi-encodability.md","6916","6916","aee822e5de5ff373a2c10a49e698b4d471b25127125c3dcc8d026570bfc5cf68","aee822e5de5ff373a2c10a49e698b4d471b25127125c3dcc8d026570bfc5cf68",""
"graded-neural-firing","Graded Neural Firing","pages/graded-neural-firing.md","/v5ma.github.io/wiki/content/graded-neural-firing.md","3784","3784","c744f65373ee18a0ecc58c0cf9d7e4d605ab80f42462307f0269f310ebe14488","c744f65373ee18a0ecc58c0cf9d7e4d605ab80f42462307f0269f310ebe14488",""
"grandmother-neuron","Grandmother Neuron","pages/grandmother-neuron.md","/v5ma.github.io/wiki/content/grandmother-neuron.md","10600","10600","88ae4cead14548897d0cabf035c4b7892ea7ea57fdf69af4a7cf55f6e9318d2d","88ae4cead14548897d0cabf035c4b7892ea7ea57fdf69af4a7cf55f6e9318d2d",""
"granule-cell-convergence-divergence","Granule Cell Convergence Divergence","pages/granule-cell-convergence-divergence.md","/v5ma.github.io/wiki/content/granule-cell-convergence-divergence.md","2231","2231","3d071c35fd89a4f80ad03699b4b46dbe7330b7f73968fc33ca6bc21d273e84db","3d071c35fd89a4f80ad03699b4b46dbe7330b7f73968fc33ca6bc21d273e84db",""
"graph-neural-network","Graph Neural Network","pages/graph-neural-network.md","/v5ma.github.io/wiki/content/graph-neural-network.md","9710","9710","69867e87cbe0c43ad34852247fbd85c6d0f8932aa62022e7c5df6ae0cff51b42","69867e87cbe0c43ad34852247fbd85c6d0f8932aa62022e7c5df6ae0cff51b42",""
"graph-theory-consciousness","Graph Theory Consciousness","pages/graph-theory-consciousness.md","/v5ma.github.io/wiki/content/graph-theory-consciousness.md","10867","10867","51dc3456822b5452ca8c17ba71050cbda137b56ec2d6ee28a527bf99a63c9b99","51dc3456822b5452ca8c17ba71050cbda137b56ec2d6ee28a527bf99a63c9b99",""
"gravitational-modulation-of-entanglement","Gravitational Modulation Of Entanglement","pages/gravitational-modulation-of-entanglement.md","/v5ma.github.io/wiki/content/gravitational-modulation-of-entanglement.md","2997","2997","9d8059d6fdc722343f00655b210593b00ca5e93fdfcc1f3e9ff8475365329fa2","9d8059d6fdc722343f00655b210593b00ca5e93fdfcc1f3e9ff8475365329fa2",""
"gravitational-redshift","Gravitational Redshift","pages/gravitational-redshift.md","/v5ma.github.io/wiki/content/gravitational-redshift.md","9980","9980","18fa0ecb7368da4ef602ce88e7c9303f0eecfeab7ae3fca20016889471d1ca65","18fa0ecb7368da4ef602ce88e7c9303f0eecfeab7ae3fca20016889471d1ca65",""
"gravitational-time-dilation","Gravitational Time Dilation","pages/gravitational-time-dilation.md","/v5ma.github.io/wiki/content/gravitational-time-dilation.md","13431","13431","e617eca9fa0fcec1264880ca6e4ec83b99429adbd44ea3b431216fe65caafe13","e617eca9fa0fcec1264880ca6e4ec83b99429adbd44ea3b431216fe65caafe13",""
"gravity-as-gradient-time-dilation","Gravity As Gradient Time Dilation","pages/gravity-as-gradient-time-dilation.md","/v5ma.github.io/wiki/content/gravity-as-gradient-time-dilation.md","2760","2760","73ab26ce29257413e99fb1f0cb53c8079a7a4bc8ba61a595c12a5ac47e1a5f24","73ab26ce29257413e99fb1f0cb53c8079a7a4bc8ba61a595c12a5ac47e1a5f24",""
"gravity-as-information","Gravity As Information","pages/gravity-as-information.md","/v5ma.github.io/wiki/content/gravity-as-information.md","2604","2604","481aa18928551705ccb76f9dbe59c11615d9e2806e7b890d4c9aea3a4d5b89dc","481aa18928551705ccb76f9dbe59c11615d9e2806e7b890d4c9aea3a4d5b89dc",""
"gravity-as-oscillator-effect","Gravity As Oscillator Effect","pages/gravity-as-oscillator-effect.md","/v5ma.github.io/wiki/content/gravity-as-oscillator-effect.md","10325","10325","ffdc06d28c10eeb6ad33b3c74518e5ed17f3183a7a40f1dc71ec6b93b175e31b","ffdc06d28c10eeb6ad33b3c74518e5ed17f3183a7a40f1dc71ec6b93b175e31b",""
"gravity-of-attention","Gravity Of Attention","pages/gravity-of-attention.md","/v5ma.github.io/wiki/content/gravity-of-attention.md","6605","6605","07c03a2dcd87d181b357fd4f5011db8233c7e1ea0fc697a2ce03bec572e7df76","07c03a2dcd87d181b357fd4f5011db8233c7e1ea0fc697a2ce03bec572e7df76",""
"gravity-quantum-diffusion-ficks-law","Gravity Quantum Diffusion Ficks Law","pages/gravity-quantum-diffusion-ficks-law.md","/v5ma.github.io/wiki/content/gravity-quantum-diffusion-ficks-law.md","3496","3496","8d148e95106be6b4e62fb409c9af8b203edbfacf1ac44d0e60112d14aa47c066","8d148e95106be6b4e62fb409c9af8b203edbfacf1ac44d0e60112d14aa47c066",""
"gravity-time-wave-electrical-force","Gravity Time Wave Electrical Force","pages/gravity-time-wave-electrical-force.md","/v5ma.github.io/wiki/content/gravity-time-wave-electrical-force.md","2891","2891","e9e7eab1de26bd443ca5e54914df2c16ca52f4a3ff903e4d0976470c02ee208b","e9e7eab1de26bd443ca5e54914df2c16ca52f4a3ff903e4d0976470c02ee208b",""
"gray-matter-composition","Gray Matter Composition","pages/gray-matter-composition.md","/v5ma.github.io/wiki/content/gray-matter-composition.md","10425","10425","b98e11c993d040c301ad64321f42fb7147b9ff39ccf4655babc302c60776c42f","b98e11c993d040c301ad64321f42fb7147b9ff39ccf4655babc302c60776c42f",""
"grid-cells-place-cells-oscillators","Grid Cells, Place Cells, and Oscillatory Coding","pages/grid-cells-place-cells-oscillators.md","/v5ma.github.io/wiki/content/grid-cells-place-cells-oscillators.md","7127","7127","eabf43fcce586966d1e585430cfc05251b49f3d4536dd845966588100dd8c546","eabf43fcce586966d1e585430cfc05251b49f3d4536dd845966588100dd8c546",""
"grid-cells","Grid Cells","pages/grid-cells.md","/v5ma.github.io/wiki/content/grid-cells.md","9530","9530","4124898c557e31fe49e9ef31ce042e34911e9896822842c8b746b801b2f3e383","4124898c557e31fe49e9ef31ce042e34911e9896822842c8b746b801b2f3e383",""
"grid-place-cells","Grid Place Cells","pages/grid-place-cells.md","/v5ma.github.io/wiki/content/grid-place-cells.md","5968","5968","ddfc7363a169a5e2718c1d8219bd67a1ede81b45c5c4b955007229046665fd8e","ddfc7363a169a5e2718c1d8219bd67a1ede81b45c5c4b955007229046665fd8e",""
"ground-of-being","Ground Of Being","pages/ground-of-being.md","/v5ma.github.io/wiki/content/ground-of-being.md","15260","15260","c35f07b93a675d767b6a3b1b316c5bb5c9af41a4ef1330cb0c6b99c53507310e","c35f07b93a675d767b6a3b1b316c5bb5c9af41a4ef1330cb0c6b99c53507310e",""
"gset-attorney-presentation","GSET Attorney Presentation","pages/gset-attorney-presentation.md","/v5ma.github.io/wiki/content/gset-attorney-presentation.md","5345","5345","5427857844801bd4aa648ebe5338f734f3eebf039d80f39d5206cd1fd8847a7b","5427857844801bd4aa648ebe5338f734f3eebf039d80f39d5206cd1fd8847a7b",""
"gset-patent","GSET Patent","pages/gset-patent.md","/v5ma.github.io/wiki/content/gset-patent.md","6322","6322","74972ad57a546ce4e30be7061a10a84e715ebb8c815e9bf22a6ff380aaf16f6c","74972ad57a546ce4e30be7061a10a84e715ebb8c815e9bf22a6ff380aaf16f6c",""
"gyorgy-buzsaki","Gyorgy Buzsaki","pages/gyorgy-buzsaki.md","/v5ma.github.io/wiki/content/gyorgy-buzsaki.md","12052","12052","acddd17442f9645408a8b1f183c6c315792a23366ab9e3b9a2baf86a0778d07d","acddd17442f9645408a8b1f183c6c315792a23366ab9e3b9a2baf86a0778d07d",""
"hack-days-neural-lace-noisebridge-2017","Hack Days Neural Lace Noisebridge 2017","pages/hack-days-neural-lace-noisebridge-2017.md","/v5ma.github.io/wiki/content/hack-days-neural-lace-noisebridge-2017.md","4856","4856","62064878faec9541c79d6c7134789f34b49ffa9ea0304fe1aa16732a4b1a886e","62064878faec9541c79d6c7134789f34b49ffa9ea0304fe1aa16732a4b1a886e",""
"hack-days-sf-neural-lace-2018","Hack Days Sf Neural Lace 2018","pages/hack-days-sf-neural-lace-2018.md","/v5ma.github.io/wiki/content/hack-days-sf-neural-lace-2018.md","1499","1499","3b95daa7480219defa4662476f4a9e5b97579d33eac3cda18272479661f8a7c6","3b95daa7480219defa4662476f4a9e5b97579d33eac3cda18272479661f8a7c6",""
"happiness-makeover-brainwave-chart-2012","Happiness Makeover Brainwave Chart 2012","pages/happiness-makeover-brainwave-chart-2012.md","/v5ma.github.io/wiki/content/happiness-makeover-brainwave-chart-2012.md","5573","5573","5051f55e172a4088210fc62fc0a0358e2dfa56d8916dcd724998d632659a02a4","5051f55e172a4088210fc62fc0a0358e2dfa56d8916dcd724998d632659a02a4",""
"hard-problem-hidden-emergent-properties","Hard Problem Hidden Emergent Properties","pages/hard-problem-hidden-emergent-properties.md","/v5ma.github.io/wiki/content/hard-problem-hidden-emergent-properties.md","2692","2692","fc19a4f1c1b2fca6b06e2bca007258351c39ce7c2fc439a5408873741057ba0c","fc19a4f1c1b2fca6b06e2bca007258351c39ce7c2fc439a5408873741057ba0c",""
"hard-problem-of-consciousness","Hard Problem of Consciousness","pages/hard-problem-of-consciousness.md","/v5ma.github.io/wiki/content/hard-problem-of-consciousness.md","3830","3830","3f1f6b901df5bb793c95a6365caadb132f9e8782b0a6c45ae7ad73879d92133b","3f1f6b901df5bb793c95a6365caadb132f9e8782b0a6c45ae7ad73879d92133b",""
"hebbian-engrams","Hebbian Engrams","pages/hebbian-engrams.md","/v5ma.github.io/wiki/content/hebbian-engrams.md","8483","8483","ca53a258fb86db52ccef3fb37fcfd3f073c710d1dba728055643fbf41edebe81","ca53a258fb86db52ccef3fb37fcfd3f073c710d1dba728055643fbf41edebe81",""
"hebbian-learning","Hebbian Learning","pages/hebbian-learning.md","/v5ma.github.io/wiki/content/hebbian-learning.md","12795","12795","2e27223dfa0ecb91f0b11b3cc775fe04584dc40fe98dd3c959ff7c835ad15bf0","2e27223dfa0ecb91f0b11b3cc775fe04584dc40fe98dd3c959ff7c835ad15bf0",""
"hebbian-plasticity","Hebbian Plasticity","pages/hebbian-plasticity.md","/v5ma.github.io/wiki/content/hebbian-plasticity.md","10895","10895","f2b8e0c6fc2b196370a5a8ea69c90e84eb46686724ea8d0cd0ed4366a77dd8ea","f2b8e0c6fc2b196370a5a8ea69c90e84eb46686724ea8d0cd0ed4366a77dd8ea",""
"hemo-encephalography","Hemo Encephalography","pages/hemo-encephalography.md","/v5ma.github.io/wiki/content/hemo-encephalography.md","7090","7090","7fb280860d58e573909da0c1f97fff2219a5ab54898bbe612bf9e7b5c338320d","7fb280860d58e573909da0c1f97fff2219a5ab54898bbe612bf9e7b5c338320d",""
"hierarchical-temporal-memory","Hierarchical Temporal Memory","pages/hierarchical-temporal-memory.md","/v5ma.github.io/wiki/content/hierarchical-temporal-memory.md","7345","7345","bae46c267f4c46b73d2ebbc9ece84eb5b911295f2ea0d7e1e90e1082e05be20e","bae46c267f4c46b73d2ebbc9ece84eb5b911295f2ea0d7e1e90e1082e05be20e",""
"higgs-field","Higgs Field","pages/higgs-field.md","/v5ma.github.io/wiki/content/higgs-field.md","9978","9978","954a9eee231e858e576682c67f586495c6b5a0e82edcef2015209c22d8ee39fc","954a9eee231e858e576682c67f586495c6b5a0e82edcef2015209c22d8ee39fc",""
"high-dimensional-coherence","High Dimensional Coherence","pages/high-dimensional-coherence.md","/v5ma.github.io/wiki/content/high-dimensional-coherence.md","4722","4722","411cf49a54e3d48fab5a6e8abb2090bd893b60290fbecfff3df6cf03121912c8","411cf49a54e3d48fab5a6e8abb2090bd893b60290fbecfff3df6cf03121912c8",""
"hippocampal-encoding-retrieval-separation","Hippocampal Encoding Retrieval Separation","pages/hippocampal-encoding-retrieval-separation.md","/v5ma.github.io/wiki/content/hippocampal-encoding-retrieval-separation.md","2090","2090","2fdf835b2fc6aaa8052daa816483e50900945b5631ae875587b2a3a7f80b8782","2fdf835b2fc6aaa8052daa816483e50900945b5631ae875587b2a3a7f80b8782",""
"hippocampal-entorhinal-circuit","Hippocampal Entorhinal Circuit","pages/hippocampal-entorhinal-circuit.md","/v5ma.github.io/wiki/content/hippocampal-entorhinal-circuit.md","8557","8557","86c33ba8c155aa2571b65c3f3cf8a5bbaf38760f010c6f4b39f111331d967904","86c33ba8c155aa2571b65c3f3cf8a5bbaf38760f010c6f4b39f111331d967904",""
"hippocampal-reference-frames","Hippocampal Reference Frames","pages/hippocampal-reference-frames.md","/v5ma.github.io/wiki/content/hippocampal-reference-frames.md","12622","12622","43c43cfa5e21b97e1dc966f6bb20b02130e0f87e83f61b5598d57447f660cd07","43c43cfa5e21b97e1dc966f6bb20b02130e0f87e83f61b5598d57447f660cd07",""
"hippocampus-as-cortical-column","Hippocampus As Cortical Column","pages/hippocampus-as-cortical-column.md","/v5ma.github.io/wiki/content/hippocampus-as-cortical-column.md","7040","7040","abd7b9d3c4dd955fe98d13ad741d11ad189bca9c48582cbd368982a8293ba1f3","abd7b9d3c4dd955fe98d13ad741d11ad189bca9c48582cbd368982a8293ba1f3",""
"hippocampus","Hippocampus","pages/hippocampus.md","/v5ma.github.io/wiki/content/hippocampus.md","16395","16395","f2b0012738eb55eb84cf0fe2db16402b7a4751ed480948aee7283f01bcb29038","f2b0012738eb55eb84cf0fe2db16402b7a4751ed480948aee7283f01bcb29038",""
"history-of-sit","History Of Sit","pages/history-of-sit.md","/v5ma.github.io/wiki/content/history-of-sit.md","6319","6319","0615f77b2b57cb879347f9b1a2b5f45552def2fc0cc8e564bf7461441d0a412e","0615f77b2b57cb879347f9b1a2b5f45552def2fc0cc8e564bf7461441d0a412e",""
"history-of-super-information-theory","History Of Super Information Theory","pages/history-of-super-information-theory.md","/v5ma.github.io/wiki/content/history-of-super-information-theory.md","2209","2209","eb69e77677486e168746664cdecab823a0081a3f7ba7c7f642b4ba8a33a3c9fe","eb69e77677486e168746664cdecab823a0081a3f7ba7c7f642b4ba8a33a3c9fe",""
"hofstadter-strange-loop","Hofstadter Strange Loop","pages/hofstadter-strange-loop.md","/v5ma.github.io/wiki/content/hofstadter-strange-loop.md","8354","8354","3f1db403ae10cc299b71b030481331851ca9a5f4a1bf2e8b1c7c7aca296755ad","3f1db403ae10cc299b71b030481331851ca9a5f4a1bf2e8b1c7c7aca296755ad",""
"holographic-attention-schema-theory","Holographic Attention Schema Theory","pages/holographic-attention-schema-theory.md","/v5ma.github.io/wiki/content/holographic-attention-schema-theory.md","6680","6680","b191567ffa4f0abe9c1de15e0aa14889ff8812ba2e80f2abab10d3abb4048753","b191567ffa4f0abe9c1de15e0aa14889ff8812ba2e80f2abab10d3abb4048753",""
"holographic-attention-schema","Holographic Attention Schema","pages/holographic-attention-schema.md","/v5ma.github.io/wiki/content/holographic-attention-schema.md","9737","9737","f46e85653bec9b7635135a205e55f9166f21db98eeb8a9b55be6291719025e94","f46e85653bec9b7635135a205e55f9166f21db98eeb8a9b55be6291719025e94",""
"holographic-brain-distributed-memory","Holographic Brain Distributed Memory","pages/holographic-brain-distributed-memory.md","/v5ma.github.io/wiki/content/holographic-brain-distributed-memory.md","2964","2964","4ebebe2998fece456ea6da5a9f5ddedbcbda9dea8cd77a2173c3e30326e8ca87","4ebebe2998fece456ea6da5a9f5ddedbcbda9dea8cd77a2173c3e30326e8ca87",""
"holographic-brain-model","Holographic Brain Model","pages/holographic-brain-model.md","/v5ma.github.io/wiki/content/holographic-brain-model.md","5756","5756","827dbb1be83efffb47202221be576cd1329004c54ed7ef34584530a7ff83e257","827dbb1be83efffb47202221be576cd1329004c54ed7ef34584530a7ff83e257",""
"holographic-brain-organization","Holographic Brain Organization","pages/holographic-brain-organization.md","/v5ma.github.io/wiki/content/holographic-brain-organization.md","7181","7181","1ab7458956387811997bfb8c3cbd69b2eb8a8d1a90b68e240fac956e203c493b","1ab7458956387811997bfb8c3cbd69b2eb8a8d1a90b68e240fac956e203c493b",""
"holographic-brain","Holographic Brain","pages/holographic-brain.md","/v5ma.github.io/wiki/content/holographic-brain.md","10248","10248","372a4332ae3baad711e2a780f4b7e2373270e3ecfc0871012445b569180b2197","372a4332ae3baad711e2a780f4b7e2373270e3ecfc0871012445b569180b2197",""
"holographic-universe-procedural-reality","Holographic Universe Procedural Reality","pages/holographic-universe-procedural-reality.md","/v5ma.github.io/wiki/content/holographic-universe-procedural-reality.md","1909","1909","c6509f75ff4c9b99dace47ca5e937044d4c4b35f2cb741a1445ed0575f9026f8","c6509f75ff4c9b99dace47ca5e937044d4c4b35f2cb741a1445ed0575f9026f8",""
"holonic-rhythm-social-bonding","Holonic Rhythm Social Bonding","pages/holonic-rhythm-social-bonding.md","/v5ma.github.io/wiki/content/holonic-rhythm-social-bonding.md","2153","2153","08b9a5aafeda2da8b0623bd18460de06583a7885f7d6759991a88f4942ab0662","08b9a5aafeda2da8b0623bd18460de06583a7885f7d6759991a88f4942ab0662",""
"holonomic-brain-theory","Holonomic Brain Theory","pages/holonomic-brain-theory.md","/v5ma.github.io/wiki/content/holonomic-brain-theory.md","7951","7951","7904ff9f583f559e110ca4fd7c46b41ab1501f16f071a9ec10ea29d58fbc3ed2","7904ff9f583f559e110ca4fd7c46b41ab1501f16f071a9ec10ea29d58fbc3ed2",""
"home","SAN Wiki Home","pages/home.md","/v5ma.github.io/wiki/content/home.md","10162","10180","7b370475df08d86a6876beaa467aed06009a58ef7fd267d97cb4bea9a60be1ea","19f200a1630884913325d354b81555a065ae4ca509ce362a58b2783aafda74f6","privateArchiveNamesGeneralized:1"
"hubble-tension","Hubble Tension","pages/hubble-tension.md","/v5ma.github.io/wiki/content/hubble-tension.md","10190","10190","5833b10a486c33083b5e83d4c8aef1ae0dac022e965c53c7cd408e726accd323","5833b10a486c33083b5e83d4c8aef1ae0dac022e965c53c7cd408e726accd323",""
"human-dendritic-computation","Human Dendritic Computation","pages/human-dendritic-computation.md","/v5ma.github.io/wiki/content/human-dendritic-computation.md","3878","3878","30ca7eb87d735ef88946e1d902ec0c39a31cc6fc28cae7c2789e47250ee563e9","30ca7eb87d735ef88946e1d902ec0c39a31cc6fc28cae7c2789e47250ee563e9",""
"human-magnetoreception-active-sensing-training","Human Magnetoreception as an Active-Sensing and Training Hypothesis","pages/human-magnetoreception-active-sensing-training.md","/v5ma.github.io/wiki/content/human-magnetoreception-active-sensing-training.md","6855","6855","24464c4252e77d6a6fdfa45ac3b987f7a4363527cb8ab693ae0db0b6a80b4364","24464c4252e77d6a6fdfa45ac3b987f7a4363527cb8ab693ae0db0b6a80b4364",""
"humans-are-metal-robots-2018","Humans Are Metal Robots 2018","pages/humans-are-metal-robots-2018.md","/v5ma.github.io/wiki/content/humans-are-metal-robots-2018.md","7403","7403","622f4f0aeb66885df42033f1a829da859f753b10c401b21f9f8a0b616c05a477","622f4f0aeb66885df42033f1a829da859f753b10c401b21f9f8a0b616c05a477",""
"humans-as-metal-robots-thesis","Humans As Metal Robots Thesis","pages/humans-as-metal-robots-thesis.md","/v5ma.github.io/wiki/content/humans-as-metal-robots-thesis.md","2125","2125","85d2427e43b02cd4004aa1d2cee81d4f38b4dcb9a136e391d30cbfd8c1ddb3bb","85d2427e43b02cd4004aa1d2cee81d4f38b4dcb9a136e391d30cbfd8c1ddb3bb",""
"humans-as-metal-robots","Humans As Metal Robots","pages/humans-as-metal-robots.md","/v5ma.github.io/wiki/content/humans-as-metal-robots.md","2292","2292","d17b774ece784a23e5aca7097ba61b8f97082b3ab1960bc5f575a024639fb0c6","d17b774ece784a23e5aca7097ba61b8f97082b3ab1960bc5f575a024639fb0c6",""
"illusion-of-choice","Illusion Of Choice","pages/illusion-of-choice.md","/v5ma.github.io/wiki/content/illusion-of-choice.md","3349","2656","0c9f2cf89e6a486657f895f7d46f4b2b2be916f4c97b7d75f45b07b77875ef52","0f5f5475e961ec864fe983bf73d2fe28e22c12ac816b918547cd38ea7530c5c8","routeBlocksRemoved:1"
"immune-self-nonself-analogy","Immune Self Nonself Analogy","pages/immune-self-nonself-analogy.md","/v5ma.github.io/wiki/content/immune-self-nonself-analogy.md","7534","7534","58a8a0137400c649d53e3083fdcb4b3ff61d6734a455cc62f09ece2493d2e547","58a8a0137400c649d53e3083fdcb4b3ff61d6734a455cc62f09ece2493d2e547",""
"impossible-spaces","Impossible Spaces","pages/impossible-spaces.md","/v5ma.github.io/wiki/content/impossible-spaces.md","7836","7836","e2f3ad05c44d1f9e0e6dac136f8dc677a970736f16a64aa488e8c4ce002bf733","e2f3ad05c44d1f9e0e6dac136f8dc677a970736f16a64aa488e8c4ce002bf733",""
"inceptive-field","Inceptive Field","pages/inceptive-field.md","/v5ma.github.io/wiki/content/inceptive-field.md","3433","3433","541a10fc78a71888015e7ca1c1e66a92ff864b950da7efea26367272bde7ff0d","541a10fc78a71888015e7ca1c1e66a92ff864b950da7efea26367272bde7ff0d",""
"infogenetics-content-addressed-neural-write-access","Infogenetics: Content-Addressed Neural Write Access","pages/infogenetics-content-addressed-neural-write-access.md","/v5ma.github.io/wiki/content/infogenetics-content-addressed-neural-write-access.md","3262","3262","f62682ca62ad3d60cb067ac175d44f552647e4b15063670637226bc792c26f2f","f62682ca62ad3d60cb067ac175d44f552647e4b15063670637226bc792c26f2f",""
"infogenetics","Infogenetics","pages/infogenetics.md","/v5ma.github.io/wiki/content/infogenetics.md","2410","2410","a1bb5ccb01b24b8fd3702e93b01d994471f3d8e4ed42e620f7bc5f5230594301","a1bb5ccb01b24b8fd3702e93b01d994471f3d8e4ed42e620f7bc5f5230594301",""
"information-as-physical","Information As Physical","pages/information-as-physical.md","/v5ma.github.io/wiki/content/information-as-physical.md","9413","9413","95646a24b7bb0534607f810ca49bc780326d8aae26b7027e583554676d861a22","95646a24b7bb0534607f810ca49bc780326d8aae26b7027e583554676d861a22",""
"information-encoding","Information Encoding","pages/information-encoding.md","/v5ma.github.io/wiki/content/information-encoding.md","10967","10967","4782b51fcfe959d2cfb323ab79ca5b4dd8b2a95463e4777deddaf87013e4e44e","4782b51fcfe959d2cfb323ab79ca5b4dd8b2a95463e4777deddaf87013e4e44e",""
"information-energy-density-law","Information Energy Density Law","pages/information-energy-density-law.md","/v5ma.github.io/wiki/content/information-energy-density-law.md","7425","7425","a8b925d0f1e0b3699ec7788c9d94d0168fc504501e36e0cdbfb6aaba2f5ff4bc","a8b925d0f1e0b3699ec7788c9d94d0168fc504501e36e0cdbfb6aaba2f5ff4bc",""
"information-pipeline","Information Pipeline","pages/information-pipeline.md","/v5ma.github.io/wiki/content/information-pipeline.md","9397","9397","ece95c2f34cd97d95a226e9b98d31d87fff4c5dc8728aabd11e49035e9f835ea","ece95c2f34cd97d95a226e9b98d31d87fff4c5dc8728aabd11e49035e9f835ea",""
"information-rarity-principle","Information Rarity Principle","pages/information-rarity-principle.md","/v5ma.github.io/wiki/content/information-rarity-principle.md","8065","8065","43601b19fa1859f5638f3325afe0d520d03214029191458ba37e26fa7d035aea","43601b19fa1859f5638f3325afe0d520d03214029191458ba37e26fa7d035aea",""
"information-rarity","Information Rarity","pages/information-rarity.md","/v5ma.github.io/wiki/content/information-rarity.md","8581","8581","da01749112880ad95bb1b966cc21c0397417745905ddae0d4bfa6780d6ef2b0a","da01749112880ad95bb1b966cc21c0397417745905ddae0d4bfa6780d6ef2b0a",""
"information-theory-in-spiking","Information Theory In Spiking","pages/information-theory-in-spiking.md","/v5ma.github.io/wiki/content/information-theory-in-spiking.md","8148","8148","04bd6e547dae785da836036c896db5b03f2961aed42d34b7feb83cdebc3b5efa","04bd6e547dae785da836036c896db5b03f2961aed42d34b7feb83cdebc3b5efa",""
"information-theory","Information Theory","pages/information-theory.md","/v5ma.github.io/wiki/content/information-theory.md","14053","14053","ee18eab9de7a5db0a0b3ba7005cf0ed63f43a1803d1562edad67cf4cbc35d31f","ee18eab9de7a5db0a0b3ba7005cf0ed63f43a1803d1562edad67cf4cbc35d31f",""
"inhibitory-circuits","Inhibitory Circuits","pages/inhibitory-circuits.md","/v5ma.github.io/wiki/content/inhibitory-circuits.md","10777","10777","6d70e7827b3927879fbecf68696023ff48122e03aa203834c6700da50b7ef600","6d70e7827b3927879fbecf68696023ff48122e03aa203834c6700da50b7ef600",""
"inhibitory-decay-oscillation-frequency","Inhibitory Decay Oscillation Frequency","pages/inhibitory-decay-oscillation-frequency.md","/v5ma.github.io/wiki/content/inhibitory-decay-oscillation-frequency.md","2241","2241","292b12226a8e5857d800f60814e9490400a17dec7f0762dd7a1af5ac8672ccf6","292b12226a8e5857d800f60814e9490400a17dec7f0762dd7a1af5ac8672ccf6",""
"inhibitory-error-correction","Inhibitory Error Correction","pages/inhibitory-error-correction.md","/v5ma.github.io/wiki/content/inhibitory-error-correction.md","2111","2111","9cc173faa1724380f18f32a07b5a7547af9c597427d479d0b8cb59c526787491","9cc173faa1724380f18f32a07b5a7547af9c597427d479d0b8cb59c526787491",""
"inhibitory-interneuron-networks","Inhibitory Interneuron Networks","pages/inhibitory-interneuron-networks.md","/v5ma.github.io/wiki/content/inhibitory-interneuron-networks.md","11570","11570","a15cb6a4059a0d2564a536a4e8f9aa9c9ad2ec4d2f6a8e36da00192442f52157","a15cb6a4059a0d2564a536a4e8f9aa9c9ad2ec4d2f6a8e36da00192442f52157",""
"inhibitory-interneuron-system","Inhibitory Interneuron System","pages/inhibitory-interneuron-system.md","/v5ma.github.io/wiki/content/inhibitory-interneuron-system.md","11077","11077","6bda1b9eb9575540e5c78f8c21691f7c56b3cf37fadb2296a647750478f56253","6bda1b9eb9575540e5c78f8c21691f7c56b3cf37fadb2296a647750478f56253",""
"inhibitory-interneurons-plasticity-gating","Inhibitory Interneurons Plasticity Gating","pages/inhibitory-interneurons-plasticity-gating.md","/v5ma.github.io/wiki/content/inhibitory-interneurons-plasticity-gating.md","3020","3020","8955705c81c358fbc612d5291144dd8bf3fe71ba984ac38eee65c5da2f98ac5e","8955705c81c358fbc612d5291144dd8bf3fe71ba984ac38eee65c5da2f98ac5e",""
"inhibitory-interneurons","Inhibitory Interneurons","pages/inhibitory-interneurons.md","/v5ma.github.io/wiki/content/inhibitory-interneurons.md","10837","10837","397030499d9da6a9dc30e1d536902daaf2b5b1d2b03789d8bf5875cc7f133611","397030499d9da6a9dc30e1d536902daaf2b5b1d2b03789d8bf5875cc7f133611",""
"inhibitory-logic-gate-pattern-cascade","Inhibitory Logic Gate Pattern Cascade","pages/inhibitory-logic-gate-pattern-cascade.md","/v5ma.github.io/wiki/content/inhibitory-logic-gate-pattern-cascade.md","3828","3828","e705f32f944f2383cd3f08ee853bcf1db457635be6013473ab7b9d63006d7360","e705f32f944f2383cd3f08ee853bcf1db457635be6013473ab7b9d63006d7360",""
"inhibitory-neurons","Inhibitory Neurons","pages/inhibitory-neurons.md","/v5ma.github.io/wiki/content/inhibitory-neurons.md","12901","12901","0939086f51aa54104f0d0e567fcada3a691ac0c51e1d6b83e0589b30c2872314","0939086f51aa54104f0d0e567fcada3a691ac0c51e1d6b83e0589b30c2872314",""
"inhibitory-routing-signal-processing-grid-graph","Inhibitory Routing, Neural Signal Processing, and Grid/Graph Models","pages/inhibitory-routing-signal-processing-grid-graph.md","/v5ma.github.io/wiki/content/inhibitory-routing-signal-processing-grid-graph.md","16295","16295","7bf374d40eeb25ccf20829efd164dc30109bfe91a0c666e1bf1c37580f1ce365","7bf374d40eeb25ccf20829efd164dc30109bfe91a0c666e1bf1c37580f1ce365",""
"inner-peace-dialogue-2012","Inner Peace Dialogue 2012","pages/inner-peace-dialogue-2012.md","/v5ma.github.io/wiki/content/inner-peace-dialogue-2012.md","7915","7915","64489904afcaa3df5aa75db610df68f5557d0e20d28def9472d97a7afd7574f4","64489904afcaa3df5aa75db610df68f5557d0e20d28def9472d97a7afd7574f4",""
"inside-out-vision-model","Inside-Out Vision Model","pages/inside-out-vision-model.md","/v5ma.github.io/wiki/content/inside-out-vision-model.md","6846","6846","563f13ca979285c33943080da464d85573d999b8c10f5fc790215389a3eaeb65","563f13ca979285c33943080da464d85573d999b8c10f5fc790215389a3eaeb65",""
"institute-mission","Institute Mission","pages/institute-mission.md","/v5ma.github.io/wiki/content/institute-mission.md","618","124","e09972e3a16e7971c8a9c8ba8f6d4f91d38e8317c56b0c85b6bbd24b16e900b6","5f520e9255a20a4e807a11039583ae55d54c4e533fdbfa041f27aa1bb5d3da01","routeBlocksRemoved:1"
"integrated-information-theory","Integrated Information Theory (IIT)","pages/integrated-information-theory.md","/v5ma.github.io/wiki/content/integrated-information-theory.md","740","75","3014ca447f192b42cbb65978812ee73eda49a80fce914e766e347630f8e41820","ce890c266d4e5fe7ef21c0f8435ca83b8f3fc2942020527d68e1d39bb0a36fcd","routeBlocksRemoved:1"
"intelligence-attention-awareness-self-capability-ladder","From Intelligence to Self: The SAN Capability Ladder","pages/intelligence-attention-awareness-self-capability-ladder.md","/v5ma.github.io/wiki/content/intelligence-attention-awareness-self-capability-ladder.md","2223","2223","be27d55372c83060f9feacff770448cab5fce4225608277676d94e3e42089fda","be27d55372c83060f9feacff770448cab5fce4225608277676d94e3e42089fda",""
"intelligence-high-dimensional-coherence","Intelligence High Dimensional Coherence","pages/intelligence-high-dimensional-coherence.md","/v5ma.github.io/wiki/content/intelligence-high-dimensional-coherence.md","1462","1462","75cdc28cecd11f4dc0beb91a3a8380726e0dfc286ca0fce974361c1b23e54969","75cdc28cecd11f4dc0beb91a3a8380726e0dfc286ca0fce974361c1b23e54969",""
"intention-decoding","Intention Decoding","pages/intention-decoding.md","/v5ma.github.io/wiki/content/intention-decoding.md","8470","8470","6c6efcb0ff5cf9c2924107e82a8513cc93864a36a705b0e4fd25e43e3a139fa0","6c6efcb0ff5cf9c2924107e82a8513cc93864a36a705b0e4fd25e43e3a139fa0",""
"intention-detection","Intention Detection","pages/intention-detection.md","/v5ma.github.io/wiki/content/intention-detection.md","7702","7702","7aad64c87cda1393d1ece7f7d98089c75b849c44e24fe2daed62d27efc77fc42","7aad64c87cda1393d1ece7f7d98089c75b849c44e24fe2daed62d27efc77fc42",""
"intention","Intention","pages/intention.md","/v5ma.github.io/wiki/content/intention.md","12876","12876","e72dd5dafd7c04cafb45031d77d686e2ac42d482fea8f7acb9abed49f19e34e3","e72dd5dafd7c04cafb45031d77d686e2ac42d482fea8f7acb9abed49f19e34e3",""
"intentional-oscillation-control","Intentional Oscillation Control","pages/intentional-oscillation-control.md","/v5ma.github.io/wiki/content/intentional-oscillation-control.md","8715","8715","d87b2228690ab2432635ed32f7a9a741469c4eed780a268ff56ae8ed9d51523f","d87b2228690ab2432635ed32f7a9a741469c4eed780a268ff56ae8ed9d51523f",""
"inter-brain-eeg-synchronization","Inter Brain Eeg Synchronization","pages/inter-brain-eeg-synchronization.md","/v5ma.github.io/wiki/content/inter-brain-eeg-synchronization.md","2488","2488","8c4f926df110c31f4ee870c758e5ceb03941b44884fb55a2929bacc8042dd646","8c4f926df110c31f4ee870c758e5ceb03941b44884fb55a2929bacc8042dd646",""
"interoception-as-distributed-body-sensing","Interoception as Distributed Body Sensing","pages/interoception-as-distributed-body-sensing.md","/v5ma.github.io/wiki/content/interoception-as-distributed-body-sensing.md","5379","5379","7dd4dd6c7d77f7baa76bc9755c121b5c5d43c699c61304bbda857f6e578ed19e","7dd4dd6c7d77f7baa76bc9755c121b5c5d43c699c61304bbda857f6e578ed19e",""
"intro-fractal-consciousness","Intro Fractal Consciousness","pages/intro-fractal-consciousness.md","/v5ma.github.io/wiki/content/intro-fractal-consciousness.md","8850","8850","114815165de060befe978218ab69fd177abc13eb845a0c572f628f6f4071ee04","114815165de060befe978218ab69fd177abc13eb845a0c572f628f6f4071ee04",""
"intro-fractal-legacy-wiki","Intro Fractal Legacy Wiki","pages/intro-fractal-legacy-wiki.md","/v5ma.github.io/wiki/content/intro-fractal-legacy-wiki.md","8847","8847","94ec06e579e55908513228e8aa831cbcc04cb39550ff1a6b2227dcb204f22524","94ec06e579e55908513228e8aa831cbcc04cb39550ff1a6b2227dcb204f22524",""
"intro-gravity-legacy-wiki","Intro Gravity Legacy Wiki","pages/intro-gravity-legacy-wiki.md","/v5ma.github.io/wiki/content/intro-gravity-legacy-wiki.md","7830","7830","c6d7ab9dfd437febd9df8ce5095964912130f7f2f786a25373a4875f81d73aa8","c6d7ab9dfd437febd9df8ce5095964912130f7f2f786a25373a4875f81d73aa8",""
"ion-differential-neural-topology","Ion Differential Neural Topology","pages/ion-differential-neural-topology.md","/v5ma.github.io/wiki/content/ion-differential-neural-topology.md","2362","2362","8578e5c325a4e8e673151b082bff2e1927492ef8d49af37e785244f41df0af8d","8578e5c325a4e8e673151b082bff2e1927492ef8d49af37e785244f41df0af8d",""
"ionic-magnetic-fields","Ionic Magnetic Fields","pages/ionic-magnetic-fields.md","/v5ma.github.io/wiki/content/ionic-magnetic-fields.md","5518","5518","4a8b3f343bfe15f6016890350472f4b7f732b30ca1d45359d0e06102ac4db555","4a8b3f343bfe15f6016890350472f4b7f732b30ca1d45359d0e06102ac4db555",""
"ionotropic-signaling","Ionotropic Signaling","pages/ionotropic-signaling.md","/v5ma.github.io/wiki/content/ionotropic-signaling.md","9697","9697","762a4d5d17a7ad589e79bab0a8a7499f3fa67281410457244916fce9d7f06104","762a4d5d17a7ad589e79bab0a8a7499f3fa67281410457244916fce9d7f06104",""
"ip-saas-cost-model","IP SaaS Cost Model","pages/ip-saas-cost-model.md","/v5ma.github.io/wiki/content/ip-saas-cost-model.md","6455","6455","0fdea79cb28209ecb6cbf30b5c894ef939d8e76082a4511629d8563326766736","0fdea79cb28209ecb6cbf30b5c894ef939d8e76082a4511629d8563326766736",""
"jacobs-ladder-rg-flow-sit","Jacob's Ladder RG Flow (SIT)","pages/jacobs-ladder-rg-flow-sit.md","/v5ma.github.io/wiki/content/jacobs-ladder-rg-flow-sit.md","7683","7683","a74b3e301cb12b276e1cdd96e02e7cbfc62b76f2c52fbf0110899e67b6dde618","a74b3e301cb12b276e1cdd96e02e7cbfc62b76f2c52fbf0110899e67b6dde618",""
"jacobs-ladder-sit-renormalization-group","Jacobs Ladder Sit Renormalization Group","pages/jacobs-ladder-sit-renormalization-group.md","/v5ma.github.io/wiki/content/jacobs-ladder-sit-renormalization-group.md","2675","2675","fb3049c019f9e21001d362689736beb240eafc994e6214bb97445092b13612ad","fb3049c019f9e21001d362689736beb240eafc994e6214bb97445092b13612ad",""
"jeff-hawkins","Jeff Hawkins","pages/jeff-hawkins.md","/v5ma.github.io/wiki/content/jeff-hawkins.md","20876","20876","c3e44e1a43e8fe441398e9147c48bcf76f85a3a15d4b0771ae85cf80e40182fb","c3e44e1a43e8fe441398e9147c48bcf76f85a3a15d4b0771ae85cf80e40182fb",""
"jepa-phase-analogy","JEPA Phase Analogy","pages/jepa-phase-analogy.md","/v5ma.github.io/wiki/content/jepa-phase-analogy.md","9471","9471","546257ccb986ff14737ed89c9ece628f12d78138e37abedbd747ded20ec03dc5","546257ccb986ff14737ed89c9ece628f12d78138e37abedbd747ded20ec03dc5",""
"jules-urbach-rtx-vr-self-aware-ai-2018","Jules Urbach — RTX, VR, Self-Aware AI (2018)","pages/jules-urbach-rtx-vr-self-aware-ai-2018.md","/v5ma.github.io/wiki/content/jules-urbach-rtx-vr-self-aware-ai-2018.md","7751","7751","d1ee7b5b81aa65e5022b00be6f37b4ef30f912830a4d0ba8d6144dcc18886450","d1ee7b5b81aa65e5022b00be6f37b4ef30f912830a4d0ba8d6144dcc18886450",""
"jules-urbach-rtx-vr-xr-ai-rendering","Jules Urbach Rtx Vr Xr Ai Rendering","pages/jules-urbach-rtx-vr-xr-ai-rendering.md","/v5ma.github.io/wiki/content/jules-urbach-rtx-vr-xr-ai-rendering.md","2532","2532","50b1637974a46ac255ed296a9af916b87c49f37782943688408169f8bbca9b89","50b1637974a46ac255ed296a9af916b87c49f37782943688408169f8bbca9b89",""
"kibra-pkm-zeta-memory-anchor","KIBRA–PKMζ and Memory Persistence","pages/kibra-pkm-zeta-memory-anchor.md","/v5ma.github.io/wiki/content/kibra-pkm-zeta-memory-anchor.md","3101","3101","93bd3fe96b302f3730d40c8a4e58a02a8be6ebf060579225fcb8df02175e8794","93bd3fe96b302f3730d40c8a4e58a02a8be6ebf060579225fcb8df02175e8794",""
"kletetschka-3d-time-comparison","Kletetschka 3D Time Comparison","pages/kletetschka-3d-time-comparison.md","/v5ma.github.io/wiki/content/kletetschka-3d-time-comparison.md","8509","8509","46831f30698806dde2c59ef4eb600f1b9af33e0dbbb1685f4b3020c1e7b863e6","46831f30698806dde2c59ef4eb600f1b9af33e0dbbb1685f4b3020c1e7b863e6",""
"landauer-limit","Landauer Limit","pages/landauer-limit.md","/v5ma.github.io/wiki/content/landauer-limit.md","9790","9790","9cabbe48a5dd5d802f4865cd05caa1289c881698ab440759f725bf8cf1b943b0","9cabbe48a5dd5d802f4865cd05caa1289c881698ab440759f725bf8cf1b943b0",""
"layer-6-grandmother-neuron","Layer 6 Grandmother Neuron","pages/layer-6-grandmother-neuron.md","/v5ma.github.io/wiki/content/layer-6-grandmother-neuron.md","7412","7412","235bc0987e76d19836d2515153bf1477432f7e52e11103a714190c628d9303f7","235bc0987e76d19836d2515153bf1477432f7e52e11103a714190c628d9303f7",""
"layer-6-inhibitory-intuition","Layer 6 Inhibitory Intuition","pages/layer-6-inhibitory-intuition.md","/v5ma.github.io/wiki/content/layer-6-inhibitory-intuition.md","2556","2556","769a0e14e92ee7640386ba4631f20f6d4119a940a02c416f3385f84abc270de0","769a0e14e92ee7640386ba4631f20f6d4119a940a02c416f3385f84abc270de0",""
"layered-consciousness-model","Layered Consciousness Model","pages/layered-consciousness-model.md","/v5ma.github.io/wiki/content/layered-consciousness-model.md","2122","2122","eb72a2c8a94d35408d7ec4a11527683c39cbf03df9aba5a2bffce40979b33d32","eb72a2c8a94d35408d7ec4a11527683c39cbf03df9aba5a2bffce40979b33d32",""
"learned-spatial-model","Learned Spatial Model","pages/learned-spatial-model.md","/v5ma.github.io/wiki/content/learned-spatial-model.md","8939","8939","a04fc4781e7856eb9d05746bd997adf3984c7e98851c0cbe950014b75d43dc93","a04fc4781e7856eb9d05746bd997adf3984c7e98851c0cbe950014b75d43dc93",""
"learning-loop-self","Learning Loop Self","pages/learning-loop-self.md","/v5ma.github.io/wiki/content/learning-loop-self.md","2677","2677","d49840a1dddc5583fdd77e52f44706a7beae1a6eebeb7bc9f62559fc2293f41d","d49840a1dddc5583fdd77e52f44706a7beae1a6eebeb7bc9f62559fc2293f41d",""
"leibniz-newton-gseap","Leibniz–Newton GSEAP","pages/leibniz-newton-gseap.md","/v5ma.github.io/wiki/content/leibniz-newton-gseap.md","6882","6882","6f572fa56f3363a7c0158e5026fcb7754ebda60ba514e6432a389313938f8f1f","6f572fa56f3363a7c0158e5026fcb7754ebda60ba514e6432a389313938f8f1f",""
"life-as-cooperative-oscillations","Life As Cooperative Oscillations","pages/life-as-cooperative-oscillations.md","/v5ma.github.io/wiki/content/life-as-cooperative-oscillations.md","2253","2253","32999afefd634d0252435e989e7de52cd95f0f2104758ef083dc67d85824472f","32999afefd634d0252435e989e7de52cd95f0f2104758ef083dc67d85824472f",""
"life-as-memory-prediction","Life As Memory Prediction","pages/life-as-memory-prediction.md","/v5ma.github.io/wiki/content/life-as-memory-prediction.md","3170","3170","75f91ad580832877912b0683c39814209f477140d37c54115324144e582666df","75f91ad580832877912b0683c39814209f477140d37c54115324144e582666df",""
"logan-thrasher-collins","Logan Thrasher Collins","pages/logan-thrasher-collins.md","/v5ma.github.io/wiki/content/logan-thrasher-collins.md","8377","8377","5be068c8872b6d90e8622e45b3951cc9a30a10e76e9fc97c8b19a1a81ae9be56","5be068c8872b6d90e8622e45b3951cc9a30a10e76e9fc97c8b19a1a81ae9be56",""
"long-term-depression","Long Term Depression","pages/long-term-depression.md","/v5ma.github.io/wiki/content/long-term-depression.md","15774","15774","8c22a920510b7656bf606684537bbef949bdd103400c6d7815cbad082be19b8b","8c22a920510b7656bf606684537bbef949bdd103400c6d7815cbad082be19b8b",""
"long-term-potentiation","Long Term Potentiation","pages/long-term-potentiation.md","/v5ma.github.io/wiki/content/long-term-potentiation.md","17364","17364","a6499ecddb90c1fd5bd56b515b22e4aa71157f5ccdac8b3915f1a592ff26eaa2","a6499ecddb90c1fd5bd56b515b22e4aa71157f5ccdac8b3915f1a592ff26eaa2",""
"ltd-inhibitory-pattern-sharpening","Ltd Inhibitory Pattern Sharpening","pages/ltd-inhibitory-pattern-sharpening.md","/v5ma.github.io/wiki/content/ltd-inhibitory-pattern-sharpening.md","3068","3068","f17edff413e192b99fbe06f23680fbda02c4a5834d2f61c0d6f0fa5daba16b56","f17edff413e192b99fbe06f23680fbda02c4a5834d2f61c0d6f0fa5daba16b56",""
"ltd","LTD (Long-Term Depression)","pages/ltd.md","/v5ma.github.io/wiki/content/ltd.md","13290","13290","388a953a42c20a067141e41692f84a7d2b7b10603f1bf808b670e5cb30d44d58","388a953a42c20a067141e41692f84a7d2b7b10603f1bf808b670e5cb30d44d58",""
"ltp-bouton-synaptic-memory-traces","Ltp Bouton Synaptic Memory Traces","pages/ltp-bouton-synaptic-memory-traces.md","/v5ma.github.io/wiki/content/ltp-bouton-synaptic-memory-traces.md","3279","3279","6e18d6bdc9cdeb15c2feae0f3d885349af3093e9f89a6d0bcbe6bc305729c781","6e18d6bdc9cdeb15c2feae0f3d885349af3093e9f89a6d0bcbe6bc305729c781",""
"ltp-ltd","LTP and LTD","pages/ltp-ltd.md","/v5ma.github.io/wiki/content/ltp-ltd.md","7480","7480","a8173f01ee3e0ee5d4bb4ca0c688d745e822cd4f1020ca6fdbc681a8ee529ea5","a8173f01ee3e0ee5d4bb4ca0c688d745e822cd4f1020ca6fdbc681a8ee529ea5",""
"ltp-protein-synthesis","LTP Protein Synthesis","pages/ltp-protein-synthesis.md","/v5ma.github.io/wiki/content/ltp-protein-synthesis.md","6476","6476","059b514ba98ab3dee2798872eab5cd9ba6e0e13115430894f58407a20b656bfc","059b514ba98ab3dee2798872eab5cd9ba6e0e13115430894f58407a20b656bfc",""
"ltp-structural-memory-encoding","Ltp Structural Memory Encoding","pages/ltp-structural-memory-encoding.md","/v5ma.github.io/wiki/content/ltp-structural-memory-encoding.md","3323","3323","9109050c7042ea0940b08e09a36e3394824e3fd834a75e486f819470bbcafe9c","9109050c7042ea0940b08e09a36e3394824e3fd834a75e486f819470bbcafe9c",""
"ltp-tempo-spatial-rhythmic-memory","Ltp Tempo Spatial Rhythmic Memory","pages/ltp-tempo-spatial-rhythmic-memory.md","/v5ma.github.io/wiki/content/ltp-tempo-spatial-rhythmic-memory.md","1907","1907","140435b781aef0b0fe9bdbdaac36470825d9477079ac685be15418a59f895930","140435b781aef0b0fe9bdbdaac36470825d9477079ac685be15418a59f895930",""
"ltp","LTP","pages/ltp.md","/v5ma.github.io/wiki/content/ltp.md","16390","16390","beaf6b9da5c97a35e03c2b47047c676732affc5821259506493b82c8ba2b47f0","beaf6b9da5c97a35e03c2b47047c676732affc5821259506493b82c8ba2b47f0",""
"machine-agency-consciousness-welfare-evidence-program","From Machine Output to Candidate Agency, Consciousness, and Welfare","pages/machine-agency-consciousness-welfare-evidence-program.md","/v5ma.github.io/wiki/content/machine-agency-consciousness-welfare-evidence-program.md","8858","8858","7b4ae26925b82f1d36cf2a70da7ef821785aacb2aef5712d9a8720c5c9f876b6","7b4ae26925b82f1d36cf2a70da7ef821785aacb2aef5712d9a8720c5c9f876b6",""
"magnetic-phase-field","Magnetic Phase Field","pages/magnetic-phase-field.md","/v5ma.github.io/wiki/content/magnetic-phase-field.md","2641","2641","9caa15e0059005f768be579fc713d8318404dc1bb993b31c19a7d00e4f19d4cf","9caa15e0059005f768be579fc713d8318404dc1bb993b31c19a7d00e4f19d4cf",""
"magnetite-based-neural-memory","Magnetite Based Neural Memory","pages/magnetite-based-neural-memory.md","/v5ma.github.io/wiki/content/magnetite-based-neural-memory.md","2102","2102","6c6b918b13423b5cb1d960970cb4ab7c4b97ad8e246327efeb9975c9a80f8753","6c6b918b13423b5cb1d960970cb4ab7c4b97ad8e246327efeb9975c9a80f8753",""
"masi-main-thread","MASI Main Thread","pages/masi-main-thread.md","/v5ma.github.io/wiki/content/masi-main-thread.md","11919","11139","40a14df4b2f84537a0742a2ee940188b591627e644052520637591ccd5e04140","1295974841ac5a306b2aecc3763452ee092900c8899a3235caddb6f6271bd7b1","routeBlocksRemoved:1"
"math-sit","Math Sit","pages/math-sit.md","/v5ma.github.io/wiki/content/math-sit.md","7337","7337","3b3c31eec9a5e689c269ac4a0d4b4a0175011366b19ab8da9e19242df3a7d8d8","3b3c31eec9a5e689c269ac4a0d4b4a0175011366b19ab8da9e19242df3a7d8d8",""
"mechanistic-emergence-model-adequacy","Mechanistic Emergence and Model Adequacy","pages/mechanistic-emergence-model-adequacy.md","/v5ma.github.io/wiki/content/mechanistic-emergence-model-adequacy.md","6418","6418","3120ec2aa7309a972a09d6d888c16a8222a0fee0a9d1e5a8795cee66786f0daf","3120ec2aa7309a972a09d6d888c16a8222a0fee0a9d1e5a8795cee66786f0daf",""
"membrane-potential","Membrane Potential","pages/membrane-potential.md","/v5ma.github.io/wiki/content/membrane-potential.md","11825","11825","a5ade789d160ca61bb8c694185881b71f9ef77680025ce8a16f35140a09fcfc5","a5ade789d160ca61bb8c694185881b71f9ef77680025ce8a16f35140a09fcfc5",""
"memories-as-attractors","Memories as Attractors","pages/memories-as-attractors.md","/v5ma.github.io/wiki/content/memories-as-attractors.md","8414","8414","cf0d60a255ce64234da5592bac0df9d1436ac8bfc5777a98bd1b217cd87f9e83","cf0d60a255ce64234da5592bac0df9d1436ac8bfc5777a98bd1b217cd87f9e83",""
"memory-as-probability-distribution","Memory As Probability Distribution","pages/memory-as-probability-distribution.md","/v5ma.github.io/wiki/content/memory-as-probability-distribution.md","3018","3018","6da6f8ef537b0be776231f4709227cda82a28e59021880a7445444cf6e7dc2c3","6da6f8ef537b0be776231f4709227cda82a28e59021880a7445444cf6e7dc2c3",""
"memory-as-regenerable-pattern","Memory as Regenerable Pattern","pages/memory-as-regenerable-pattern.md","/v5ma.github.io/wiki/content/memory-as-regenerable-pattern.md","7260","7260","6f4c4da6f10b6db5f8fed4d67f0001a3ea557f7848f2caf447b24178c15cc4d3","6f4c4da6f10b6db5f8fed4d67f0001a3ea557f7848f2caf447b24178c15cc4d3",""
"memory-consolidation","Memory Consolidation","pages/memory-consolidation.md","/v5ma.github.io/wiki/content/memory-consolidation.md","10961","10961","9b55dc53f4303dbf91e5d2125e2b9467dfab248b1b9e4c079a9f5b4f0a8387d1","9b55dc53f4303dbf91e5d2125e2b9467dfab248b1b9e4c079a9f5b4f0a8387d1",""
"memory-persistence","Memory Persistence","pages/memory-persistence.md","/v5ma.github.io/wiki/content/memory-persistence.md","3816","3816","36cea07dc3b2a87626730714accf79692b4db1ae68306a1c86714f37ccde7585","36cea07dc3b2a87626730714accf79692b4db1ae68306a1c86714f37ccde7585",""
"memory-prediction-as-intelligence","Memory Prediction As Intelligence","pages/memory-prediction-as-intelligence.md","/v5ma.github.io/wiki/content/memory-prediction-as-intelligence.md","3267","3267","4f8121653c3456e13136093cff315065c1bcbbbc4cf4cade04f2b5cab127c4af","4f8121653c3456e13136093cff315065c1bcbbbc4cf4cade04f2b5cab127c4af",""
"memory-prediction-cycle","Memory-Prediction Cycle","pages/memory-prediction-cycle.md","/v5ma.github.io/wiki/content/memory-prediction-cycle.md","7607","7607","825aaeea3216c884c0399f4753ab6f6637b2c3b8a950adb2bb80286fdfb370cc","825aaeea3216c884c0399f4753ab6f6637b2c3b8a950adb2bb80286fdfb370cc",""
"memory-prediction-framework","Memory Prediction Framework","pages/memory-prediction-framework.md","/v5ma.github.io/wiki/content/memory-prediction-framework.md","9142","9142","a2869ae2b7cc4402376f81a8f7d2a0188eae5af80433cb919835abc1af922e9b","a2869ae2b7cc4402376f81a8f7d2a0188eae5af80433cb919835abc1af922e9b",""
"memory-prediction-rendering-sequence","Memory Prediction Rendering Sequence","pages/memory-prediction-rendering-sequence.md","/v5ma.github.io/wiki/content/memory-prediction-rendering-sequence.md","4222","4222","9fb5537f0876ae7b787f1aea401ad5c8686cdb7f7b9ffe69d6aa7efae5961b73","9fb5537f0876ae7b787f1aea401ad5c8686cdb7f7b9ffe69d6aa7efae5961b73",""
"memory-reshaping","Memory Reshaping","pages/memory-reshaping.md","/v5ma.github.io/wiki/content/memory-reshaping.md","8761","8761","8fb49fce49f4cc2af4aa2b3b88ea9af85f8e52902f3565f23b76b1f2aa9c440f","8fb49fce49f4cc2af4aa2b3b88ea9af85f8e52902f3565f23b76b1f2aa9c440f",""
"memory-state-drift-virtual-mind","Memory, Engrams, Representational Drift, and the Virtual Mind","pages/memory-state-drift-virtual-mind.md","/v5ma.github.io/wiki/content/memory-state-drift-virtual-mind.md","17308","17308","983266678affe23071d648fb8dffec5471d33bd28ee29381431b83b69d6d28e8","983266678affe23071d648fb8dffec5471d33bd28ee29381431b83b69d6d28e8",""
"memory-wave-recontextualization","Memory Wave Recontextualization","pages/memory-wave-recontextualization.md","/v5ma.github.io/wiki/content/memory-wave-recontextualization.md","2239","2239","42614e6d2d004c556310f9913c6912e8d011b3d8039ff3be8b11cc6a7cecfe92","42614e6d2d004c556310f9913c6912e8d011b3d8039ff3be8b11cc6a7cecfe92",""
"mental-pixels","Mental Pixels","pages/mental-pixels.md","/v5ma.github.io/wiki/content/mental-pixels.md","2020","2020","648173f25a219f4e8dc0b22c7c09822d29054436f21b54e85be0b3e70cf773ef","648173f25a219f4e8dc0b22c7c09822d29054436f21b54e85be0b3e70cf773ef",""
"mental-space","Mental Space","pages/mental-space.md","/v5ma.github.io/wiki/content/mental-space.md","13673","13709","9ffb5915f32bf71566b0082acb560da0d1ef5dd9beaa66d4525e35e16d784c97","6245f33391a0da91235113dfdfb36e15883da22d99a07869f53b0c5d02e031be","privateArchiveNamesGeneralized:2"
"mental-state-assessment","Mental State Assessment","pages/mental-state-assessment.md","/v5ma.github.io/wiki/content/mental-state-assessment.md","8304","8304","341d090714ac88e807778f286a1d89967084bb70163c182222ca5da6b2a0a68e","341d090714ac88e807778f286a1d89967084bb70163c182222ca5da6b2a0a68e",""
"metabotropic-signaling","Metabotropic Signaling","pages/metabotropic-signaling.md","/v5ma.github.io/wiki/content/metabotropic-signaling.md","10245","10245","bec13490ed111da9bbd822233c70d221249378a07f6994da2f696938e6a5a0d9","bec13490ed111da9bbd822233c70d221249378a07f6994da2f696938e6a5a0d9",""
"metastable-synchronization","Metastable Synchronization","pages/metastable-synchronization.md","/v5ma.github.io/wiki/content/metastable-synchronization.md","7396","7396","386f78c508ac63ef7980dbc6089a14e9454e0343f8247a59fae85932df1d2d53","386f78c508ac63ef7980dbc6089a14e9454e0343f8247a59fae85932df1d2d53",""
"metatron-computational-unit","Metatron Computational Unit","pages/metatron-computational-unit.md","/v5ma.github.io/wiki/content/metatron-computational-unit.md","5152","5152","74e21ba54ef381dba2431c0836d61cfd9a4677eacfcfb166251548f0270ad3d4","74e21ba54ef381dba2431c0836d61cfd9a4677eacfcfb166251548f0270ad3d4",""
"metatron","Metatron","pages/metatron.md","/v5ma.github.io/wiki/content/metatron.md","3799","3799","44c246e1f4783b0ac8968785d3324da8e5714f3cf21b63ba623c53dba6ca9d4f","44c246e1f4783b0ac8968785d3324da8e5714f3cf21b63ba623c53dba6ca9d4f",""
"metaverse-consciousness-spacetime-merger","Metaverse Consciousness Spacetime Merger","pages/metaverse-consciousness-spacetime-merger.md","/v5ma.github.io/wiki/content/metaverse-consciousness-spacetime-merger.md","2391","2391","b46c445cf48a184b95d45183f757de49bf46df786c44341a7bd0e065d08cc30b","b46c445cf48a184b95d45183f757de49bf46df786c44341a7bd0e065d08cc30b",""
"micah-blumberg","Micah Blumberg","pages/micah-blumberg.md","/v5ma.github.io/wiki/content/micah-blumberg.md","755","54","62f351a4b815dde78cc68b7703bd95e492c723204af3f5bf99241cad1414f076","62bfe2774ba048e254d9b3ffb0a318f6d6f537c15c173fa04ac8bc179dac2de2","routeBlocksRemoved:1"
"micah-updates-deirdre-gratitude-community-care-2012","Micah Updates Deirdre Gratitude Community Care 2012","pages/micah-updates-deirdre-gratitude-community-care-2012.md","/v5ma.github.io/wiki/content/micah-updates-deirdre-gratitude-community-care-2012.md","4111","4111","d9bd8df6f9d73b8ccd97a961d95157891df11562b05121279e385643ed82a9ed","d9bd8df6f9d73b8ccd97a961d95157891df11562b05121279e385643ed82a9ed",""
"micahs-new-law-of-thermodynamics","Micahs New Law Of Thermodynamics","pages/micahs-new-law-of-thermodynamics.md","/v5ma.github.io/wiki/content/micahs-new-law-of-thermodynamics.md","4553","4553","18b3956a8ecfff88980c5e67a0e36e81d47f7e421fbfc232924869efe39b1c7f","18b3956a8ecfff88980c5e67a0e36e81d47f7e421fbfc232924869efe39b1c7f",""
"michael-levin","Michael Levin","pages/michael-levin.md","/v5ma.github.io/wiki/content/michael-levin.md","12034","12034","7060b65508f08511d507f0a386e6e02b6a16edd44f67c77a5e324ebe0c4587c9","7060b65508f08511d507f0a386e6e02b6a16edd44f67c77a5e324ebe0c4587c9",""
"micro-column","Micro Column","pages/micro-column.md","/v5ma.github.io/wiki/content/micro-column.md","10196","10196","761339a129db9131bb87b1e9dd9c832f2e10f1172f1faa0c0f8c80b5703292d9","761339a129db9131bb87b1e9dd9c832f2e10f1172f1faa0c0f8c80b5703292d9",""
"micro-columns","Micro Columns","pages/micro-columns.md","/v5ma.github.io/wiki/content/micro-columns.md","9460","9460","a5e8e42c0305237a8ad6f04f746dffccd862ebe0f53564f2859302e0b14758c5","a5e8e42c0305237a8ad6f04f746dffccd862ebe0f53564f2859302e0b14758c5",""
"microcolumns","Microcolumns","pages/microcolumns.md","/v5ma.github.io/wiki/content/microcolumns.md","12059","12059","184d7359dc0a8a8dba9607e9f28f1b5abdd56bb3dbd24d07698be8fa2138b746","184d7359dc0a8a8dba9607e9f28f1b5abdd56bb3dbd24d07698be8fa2138b746",""
"microtubule-memory-hypothesis","Microtubule Memory Hypothesis","pages/microtubule-memory-hypothesis.md","/v5ma.github.io/wiki/content/microtubule-memory-hypothesis.md","2989","2989","d037b076c396abb8ac0f18420bf43dccf338db193e4e399bc4c772d76b36b2de","d037b076c396abb8ac0f18420bf43dccf338db193e4e399bc4c772d76b36b2de",""
"microtubule-memory","Microtubule Memory","pages/microtubule-memory.md","/v5ma.github.io/wiki/content/microtubule-memory.md","3084","3084","ff82c194d2388a973c3a726d70ff3e05f4e240c9cd99d92e689dcd14f35cd85e","ff82c194d2388a973c3a726d70ff3e05f4e240c9cd99d92e689dcd14f35cd85e",""
"microtubule-quantum","Microtubule Quantum Effects","pages/microtubule-quantum.md","/v5ma.github.io/wiki/content/microtubule-quantum.md","3781","3781","b4b21b8354fed2788dfbe27dd222b7d92191ba2e0e2f5bd7e3fd675e5c33b961","b4b21b8354fed2788dfbe27dd222b7d92191ba2e0e2f5bd7e3fd675e5c33b961",""
"microtubule-to-circuit-scale-translation","Microtubule-to-Circuit Scale Translation","pages/microtubule-to-circuit-scale-translation.md","/v5ma.github.io/wiki/content/microtubule-to-circuit-scale-translation.md","6747","6747","53f5448b17675ae12ec02bb671b81dd6da567991cc4337dc9716c3403bf65fff","53f5448b17675ae12ec02bb671b81dd6da567991cc4337dc9716c3403bf65fff",""
"microtubules-anesthesia-and-orch-or-evidence-boundary","Microtubules, Anesthesia, and Orch OR: Evidence Boundary","pages/microtubules-anesthesia-and-orch-or-evidence-boundary.md","/v5ma.github.io/wiki/content/microtubules-anesthesia-and-orch-or-evidence-boundary.md","7699","7699","ef1926ec0cd60ff0e5020c38333933f09a0bfc080165200c77acf3dd446eb9a9","ef1926ec0cd60ff0e5020c38333933f09a0bfc080165200c77acf3dd446eb9a9",""
"microtubules","Microtubules","pages/microtubules.md","/v5ma.github.io/wiki/content/microtubules.md","5994","5994","65baa8d064361d5deaff65257e1319d6dca6f9f78ded95463fc883c3ba5f856a","65baa8d064361d5deaff65257e1319d6dca6f9f78ded95463fc883c3ba5f856a",""
"millisecond-based-identity","Millisecond-Based Identity","pages/millisecond-based-identity.md","/v5ma.github.io/wiki/content/millisecond-based-identity.md","9054","9054","d8eb90fea867c79380082a1ab3d7cf89dafdf2e5ba43bb4818a127c7ff841096","d8eb90fea867c79380082a1ab3d7cf89dafdf2e5ba43bb4818a127c7ff841096",""
"mind-code-brain-code-alphago-2017","Mind Code Brain Code Alphago 2017","pages/mind-code-brain-code-alphago-2017.md","/v5ma.github.io/wiki/content/mind-code-brain-code-alphago-2017.md","11866","11866","bae23265746be6e56e4cdcc8a397d8eb4993883eb4dcc15a3225d2c411ca89cc","bae23265746be6e56e4cdcc8a397d8eb4993883eb4dcc15a3225d2c411ca89cc",""
"mind-code-go-neural-patterns","Mind Code Go Neural Patterns","pages/mind-code-go-neural-patterns.md","/v5ma.github.io/wiki/content/mind-code-go-neural-patterns.md","2197","2197","83cc50d71b8e922e5de2e623425c42937069d79ab7c7cb50eaf084a592c2c5e3","83cc50d71b8e922e5de2e623425c42937069d79ab7c7cb50eaf084a592c2c5e3",""
"mind-uploading","Mind Uploading","pages/mind-uploading.md","/v5ma.github.io/wiki/content/mind-uploading.md","8201","8201","ad763659c83d4b8c0469e98dd18cb7bb0435aa1f6c04d867dd86f98b98a01878","ad763659c83d4b8c0469e98dd18cb7bb0435aa1f6c04d867dd86f98b98a01878",""
"minimum-observer-circuit","Minimum Observer Circuit","pages/minimum-observer-circuit.md","/v5ma.github.io/wiki/content/minimum-observer-circuit.md","2711","2711","18cf8dc305c9aa476ab2bfc5c21a719987fa3edb69036d4d2f9d945dd254a0f2","18cf8dc305c9aa476ab2bfc5c21a719987fa3edb69036d4d2f9d945dd254a0f2",""
"mitochondria-neuron-coupling","Mitochondria Neuron Coupling","pages/mitochondria-neuron-coupling.md","/v5ma.github.io/wiki/content/mitochondria-neuron-coupling.md","9680","9203","096a395b053cff5f302879303e531796208de9c5fed64a66067d3f2ceffbd950","084c4643bd35ac836886f697df24454f6a66f8d24b207ea7333f70a3d289c4b4","routeBlocksRemoved:1"
"mitochondria","Mitochondria","pages/mitochondria.md","/v5ma.github.io/wiki/content/mitochondria.md","14492","14492","88ea03437a3ce2f0d316ef99380dfa6e180ed093200bde4f0536dbca97a1ea30","88ea03437a3ce2f0d316ef99380dfa6e180ed093200bde4f0536dbca97a1ea30",""
"mitral-cells","Mitral Cells","pages/mitral-cells.md","/v5ma.github.io/wiki/content/mitral-cells.md","10733","10733","62ccaaa586519fdbf09df732d74cbbb375c51c5d7e249da8cd58958c7df5e63a","62ccaaa586519fdbf09df732d74cbbb375c51c5d7e249da8cd58958c7df5e63a",""
"mits-fraudulent-narrative-picower","Mits Fraudulent Narrative Picower","pages/mits-fraudulent-narrative-picower.md","/v5ma.github.io/wiki/content/mits-fraudulent-narrative-picower.md","3089","2309","b43e0c824aa1a2520efcae542e2c46b02f8dd3c26a8419506ea5e68c5282127d","f0ca06d868c106b2f0858e83e26d9f9f0a8398ac16909cb9f52c0a1c3934156a","routeBlocksRemoved:1"
"mixed-selectivity","Mixed Selectivity","pages/mixed-selectivity.md","/v5ma.github.io/wiki/content/mixed-selectivity.md","3401","3401","8a6d627198c9eee7313b162db02618eb11d2a25e934eb60b844cc08525bcc068","8a6d627198c9eee7313b162db02618eb11d2a25e934eb60b844cc08525bcc068",""
"mond","Mond","pages/mond.md","/v5ma.github.io/wiki/content/mond.md","12624","12624","80eca77823f0c09857c9def7ffdcf70e48c72958c5a43c8cbfcfe8938a5ab07c","80eca77823f0c09857c9def7ffdcf70e48c72958c5a43c8cbfcfe8938a5ab07c",""
"mossbauer-spectroscopy","Mössbauer Spectroscopy","pages/mossbauer-spectroscopy.md","/v5ma.github.io/wiki/content/mossbauer-spectroscopy.md","8504","8504","f7ee09558a1b29875a7b5453db2d79204cfd674619be12617e8c74ce8be71647","f7ee09558a1b29875a7b5453db2d79204cfd674619be12617e8c74ce8be71647",""
"motor-cortex","Motor Cortex","pages/motor-cortex.md","/v5ma.github.io/wiki/content/motor-cortex.md","5319","5319","7711e1c3eee533d9507f7ad35bf02644f098508abc230d02ae58e464f222af24","7711e1c3eee533d9507f7ad35bf02644f098508abc230d02ae58e464f222af24",""
"multi-frequency-processing","Multi Frequency Processing","pages/multi-frequency-processing.md","/v5ma.github.io/wiki/content/multi-frequency-processing.md","10348","10348","13f8800ea237b49304e1dc4d9242a6a70dfeb1fad37feb8d74fde38984fc7d9d","13f8800ea237b49304e1dc4d9242a6a70dfeb1fad37feb8d74fde38984fc7d9d",""
"multi-medium-soliton-fields","Multi Medium Soliton Fields","pages/multi-medium-soliton-fields.md","/v5ma.github.io/wiki/content/multi-medium-soliton-fields.md","4786","4786","20fa038fcfd58352e69d537a0c0fb6e8e69bd80ec2816410b48c6729124527b3","20fa038fcfd58352e69d537a0c0fb6e8e69bd80ec2816410b48c6729124527b3",""
"multi-modal-sensory-array-geometry","Multimodal Sensory Geometry and Active Sampling","pages/multi-modal-sensory-array-geometry.md","/v5ma.github.io/wiki/content/multi-modal-sensory-array-geometry.md","5850","5850","d3265c392d57834e83f497f6ac60bbc4bdaf9ee872c4b05ad69b59f8a5da6627","d3265c392d57834e83f497f6ac60bbc4bdaf9ee872c4b05ad69b59f8a5da6627",""
"multi-perspective-pattern-convergence","Multi Perspective Pattern Convergence","pages/multi-perspective-pattern-convergence.md","/v5ma.github.io/wiki/content/multi-perspective-pattern-convergence.md","2739","2739","26e1ee5c01dff9a10190d99889c4c708500c7fa17eb1a6898fe4a740a30b0d0c","26e1ee5c01dff9a10190d99889c4c708500c7fa17eb1a6898fe4a740a30b0d0c",""
"multi-scale-causality","Multi-Scale Causality","pages/multi-scale-causality.md","/v5ma.github.io/wiki/content/multi-scale-causality.md","5777","5777","d047307016f7506416fd60e084708ca9a17c455aebb7501e01f462281fc957c5","d047307016f7506416fd60e084708ca9a17c455aebb7501e01f462281fc957c5",""
"multi-scale-memory","Multi-Scale Memory","pages/multi-scale-memory.md","/v5ma.github.io/wiki/content/multi-scale-memory.md","10848","10848","94d5d9e8c2fe96ae3eca930e507061ccd4d0ceededdbaa3b048bb3487b3e29c5","94d5d9e8c2fe96ae3eca930e507061ccd4d0ceededdbaa3b048bb3487b3e29c5",""
"multi-scale-neural-processing","Multi Scale Neural Processing","pages/multi-scale-neural-processing.md","/v5ma.github.io/wiki/content/multi-scale-neural-processing.md","11110","11110","2e05636e4fd6daa9745724ce2bece62686cdff0582ce650897963a1410b29dc4","2e05636e4fd6daa9745724ce2bece62686cdff0582ce650897963a1410b29dc4",""
"multi-state-metastability","Multi State metastability","pages/multi-state-metastability.md","/v5ma.github.io/wiki/content/multi-state-metastability.md","6231","6231","a44405dbc05cf2b42616414e351619cae0807503493cdc9aedfe476b25ae1664","a44405dbc05cf2b42616414e351619cae0807503493cdc9aedfe476b25ae1664",""
"multi-timescale-reference-frames","Multi-Timescale Reference Frames","pages/multi-timescale-reference-frames.md","/v5ma.github.io/wiki/content/multi-timescale-reference-frames.md","4537","4537","08cc502399fe43635d9e8b3086098a9ad262a82d90f28b616e438e4b518c3ed3","08cc502399fe43635d9e8b3086098a9ad262a82d90f28b616e438e4b518c3ed3",""
"multi-vesicle-release-spatial-encoding","Multi Vesicle Release Spatial Encoding","pages/multi-vesicle-release-spatial-encoding.md","/v5ma.github.io/wiki/content/multi-vesicle-release-spatial-encoding.md","2994","2994","29e4e6ffce99a0ad83b24879d63f626dadfa1a47e722471a342f94cc8b5697f3","29e4e6ffce99a0ad83b24879d63f626dadfa1a47e722471a342f94cc8b5697f3",""
"multi-vesicle-release","Multi-Vesicle Release","pages/multi-vesicle-release.md","/v5ma.github.io/wiki/content/multi-vesicle-release.md","11843","11843","a84db5f4baf043cb8471e1283af48375043be005fddce182f27331b8117c1e9c","a84db5f4baf043cb8471e1283af48375043be005fddce182f27331b8117c1e9c",""
"multi-vesicular-release","Multivesicular Release","pages/multi-vesicular-release.md","/v5ma.github.io/wiki/content/multi-vesicular-release.md","5467","5467","bd6791b90d97cdf76bf1218492afd23776a1d519a342e84920d31ed3b650df99","bd6791b90d97cdf76bf1218492afd23776a1d519a342e84920d31ed3b650df99",""
"multimodal-biosensor-fusion","Multimodal Biomedical Measurement and Intervention Equivalence","pages/multimodal-biosensor-fusion.md","/v5ma.github.io/wiki/content/multimodal-biosensor-fusion.md","9985","9985","d253e5df14cfa1e6e738c184f7e67664be1a94bae222c26cc50a4461f47c940c","d253e5df14cfa1e6e738c184f7e67664be1a94bae222c26cc50a4461f47c940c",""
"multimodal-integration","Multimodal Integration","pages/multimodal-integration.md","/v5ma.github.io/wiki/content/multimodal-integration.md","9882","9882","460aebaef05314b8d52faa5780c65d856c852e9b37ad16d2137eb4defeb8fbe5","460aebaef05314b8d52faa5780c65d856c852e9b37ad16d2137eb4defeb8fbe5",""
"multimodal-neural-state-reconstruction-perturbation","Multimodal Neural-State Reconstruction and Perturbation","pages/multimodal-neural-state-reconstruction-perturbation.md","/v5ma.github.io/wiki/content/multimodal-neural-state-reconstruction-perturbation.md","12483","12483","05ba1c0f2d06e084c5ed19a69cce7b618243456eae0b48d269e1ed12657ca23e","05ba1c0f2d06e084c5ed19a69cce7b618243456eae0b48d269e1ed12657ca23e",""
"multimodal-neuroaffective-xr-closed-loop","Multimodal Neuroaffective State Estimation and Closed-Loop XR","pages/multimodal-neuroaffective-xr-closed-loop.md","/v5ma.github.io/wiki/content/multimodal-neuroaffective-xr-closed-loop.md","10646","10646","e380838964d3a54eef1e4d4ef2dc8a6ad56dde6b2cd42c833e262bb59f26c9ec","e380838964d3a54eef1e4d4ef2dc8a6ad56dde6b2cd42c833e262bb59f26c9ec",""
"multimodal-neuron-signal-correlate-channel","The Multimodal Neuron: Signal, Correlate, or Channel?","pages/multimodal-neuron-signal-correlate-channel.md","/v5ma.github.io/wiki/content/multimodal-neuron-signal-correlate-channel.md","6332","6332","4c16e3edf667d0d3f98ca118c65790d1394a929f85a12ccfb8d19af50dae742f","4c16e3edf667d0d3f98ca118c65790d1394a929f85a12ccfb8d19af50dae742f",""
"multiplex","Multiplex","pages/multiplex.md","/v5ma.github.io/wiki/content/multiplex.md","11450","11450","6e5333e66f0e5b9cf267042c7ebc830d8c2ce079c1d91555a55ea6a0f0d2f99d","6e5333e66f0e5b9cf267042c7ebc830d8c2ce079c1d91555a55ea6a0f0d2f99d",""
"multiscale-fractal-neural-oscillators","Multiscale Fractal Neural Oscillators","pages/multiscale-fractal-neural-oscillators.md","/v5ma.github.io/wiki/content/multiscale-fractal-neural-oscillators.md","2636","2636","cbe2ecf4a2ec82c1c6bc6815fc9b3b276612c1fcf53f8ba0b18689785a1cf50c","cbe2ecf4a2ec82c1c6bc6815fc9b3b276612c1fcf53f8ba0b18689785a1cf50c",""
"multivesicular-release-spatial-information","Multivesicular Release Spatial Information","pages/multivesicular-release-spatial-information.md","/v5ma.github.io/wiki/content/multivesicular-release-spatial-information.md","2697","2697","f491b2bfc5e99b7b76d23a9606b46d4348d844efe2e2a55835e14e4aa81e04a1","f491b2bfc5e99b7b76d23a9606b46d4348d844efe2e2a55835e14e4aa81e04a1",""
"multivesicular-release-synaptic-unreliability","Multivesicular Release Synaptic Unreliability","pages/multivesicular-release-synaptic-unreliability.md","/v5ma.github.io/wiki/content/multivesicular-release-synaptic-unreliability.md","2147","2147","a62ff12d7c79d6e9d128bbda9da2b14098e9efb6c81a995ed42a4c65a7598042","a62ff12d7c79d6e9d128bbda9da2b14098e9efb6c81a995ed42a4c65a7598042",""
"napot-legacy-wiki-map","NAPOT Legacy Wiki Map","pages/napot-legacy-wiki-map.md","/v5ma.github.io/wiki/content/napot-legacy-wiki-map.md","5946","5946","b48bbbd97d9aa9b092732168c9e02d12a91659ad891cfdc21ef35bf7ad14531a","b48bbbd97d9aa9b092732168c9e02d12a91659ad891cfdc21ef35bf7ad14531a",""
"napot-neural-array-phase-tomography","Napot Neural Array Phase Tomography","pages/napot-neural-array-phase-tomography.md","/v5ma.github.io/wiki/content/napot-neural-array-phase-tomography.md","3797","3797","d14e2b0b99c041a09a5d3122082bb54a2a15027c1c4915868913b7c38a03c5a9","d14e2b0b99c041a09a5d3122082bb54a2a15027c1c4915868913b7c38a03c5a9",""
"napot-overview","NAPOT Overview","pages/napot-overview.md","/v5ma.github.io/wiki/content/napot-overview.md","5609","5609","6497851202757f546811875ccf5b605a718612ea048f603f5529dc40eb94b44b","6497851202757f546811875ccf5b605a718612ea048f603f5529dc40eb94b44b",""
"napot-revision-2-exit-terminal-sdr","NAPOT Revision 2: Synapse-Specific Output Hypothesis","pages/napot-revision-2-exit-terminal-sdr.md","/v5ma.github.io/wiki/content/napot-revision-2-exit-terminal-sdr.md","6347","6347","088ecee9bf77df6c711b28214ce64826aa43bbd755de636adc3f8d82a2fbda1b","088ecee9bf77df6c711b28214ce64826aa43bbd755de636adc3f8d82a2fbda1b",""
"napot-revision-3-anti-spike","NAPOT Revision 3: Below-Baseline and Inhibitory Information","pages/napot-revision-3-anti-spike.md","/v5ma.github.io/wiki/content/napot-revision-3-anti-spike.md","11199","11199","c9d55694cddc0d27c240b8739329996980e5ae7c1d74b70906393a26f873ecf1","c9d55694cddc0d27c240b8739329996980e5ae7c1d74b70906393a26f873ecf1",""
"napot-revision-genealogy","NAPOT Revision Genealogy","pages/napot-revision-genealogy.md","/v5ma.github.io/wiki/content/napot-revision-genealogy.md","12238","12238","ddb1c0d04e3383803645035e657bb1ea378e85f8ec5922a29baf49b3749c09ae","ddb1c0d04e3383803645035e657bb1ea378e85f8ec5922a29baf49b3749c09ae",""
"napot-sentient-ai-architecture","NAPOT Artificial-System Architecture","pages/napot-sentient-ai-architecture.md","/v5ma.github.io/wiki/content/napot-sentient-ai-architecture.md","4342","4342","3fc1ecbd35b8b52355d1546990c8fcd0eda8e11b4524a163139a62edd6788597","3fc1ecbd35b8b52355d1546990c8fcd0eda8e11b4524a163139a62edd6788597",""
"napot-theory","Napot Theory","pages/napot-theory.md","/v5ma.github.io/wiki/content/napot-theory.md","3676","3676","9cc36dc85b43d976121df81a7cdfcd66d7a8cfb37dd904d13dc5ec5d849bce3b","9cc36dc85b43d976121df81a7cdfcd66d7a8cfb37dd904d13dc5ec5d849bce3b",""
"napot-tomography-not-holography","NAPOT: Tomography, Not a Literal Hologram","pages/napot-tomography-not-holography.md","/v5ma.github.io/wiki/content/napot-tomography-not-holography.md","6842","6842","1f1f02372ef628f9cdb92139e3f90ac45bef4ef6c76dd7cd07534d309fd37b47","1f1f02372ef628f9cdb92139e3f90ac45bef4ef6c76dd7cd07534d309fd37b47",""
"ndca-non-linear-differential-continuous-approximation","Ndca Non Linear Differential Continuous Approximation","pages/ndca-non-linear-differential-continuous-approximation.md","/v5ma.github.io/wiki/content/ndca-non-linear-differential-continuous-approximation.md","2653","2653","eda2711485681609e21ccc0c8e0201be7a64873924ca7d5c94c6109be50f888f","eda2711485681609e21ccc0c8e0201be7a64873924ca7d5c94c6109be50f888f",""
"ndca-nonlinear-differential-continuous-approximation","Ndca Nonlinear Differential Continuous Approximation","pages/ndca-nonlinear-differential-continuous-approximation.md","/v5ma.github.io/wiki/content/ndca-nonlinear-differential-continuous-approximation.md","3598","3598","f904fbebb99884b8d736a7d11443d6ce6060c2e47eff649b16fa999acf53f008","f904fbebb99884b8d736a7d11443d6ce6060c2e47eff649b16fa999acf53f008",""
"ndca","NDCA","pages/ndca.md","/v5ma.github.io/wiki/content/ndca.md","15525","15525","7cf32667fbb1b38da66f9f8fb50a24109ee46ec0e2a5ed281425edfbb4931ca5","7cf32667fbb1b38da66f9f8fb50a24109ee46ec0e2a5ed281425edfbb4931ca5",""
"near-infrared-action-potential-detection","Near Infrared Action Potential Detection","pages/near-infrared-action-potential-detection.md","/v5ma.github.io/wiki/content/near-infrared-action-potential-detection.md","5563","5563","86bdc3d5f113679ffeff374ca6c8fbfd3d6ef81916a526b1920e723399bd9567","86bdc3d5f113679ffeff374ca6c8fbfd3d6ef81916a526b1920e723399bd9567",""
"near-threshold-saddle-point-dynamics","Near Threshold Saddle Point Dynamics","pages/near-threshold-saddle-point-dynamics.md","/v5ma.github.io/wiki/content/near-threshold-saddle-point-dynamics.md","2986","2986","63ab31af4d1ba5d86edbad038bad5f42e73c7f61867e6ef4cf9943df2b128379","63ab31af4d1ba5d86edbad038bad5f42e73c7f61867e6ef4cf9943df2b128379",""
"neo-mind-cycle-2","Neo Mind Cycle 2","pages/neo-mind-cycle-2.md","/v5ma.github.io/wiki/content/neo-mind-cycle-2.md","2726","2726","44878119a71acf1d454ccc4fd57d3ddb61aa662a4e19b39faf95a165aa0d935f","44878119a71acf1d454ccc4fd57d3ddb61aa662a4e19b39faf95a165aa0d935f",""
"neo-mind-cycle-book","Neo Mind Cycle Book","pages/neo-mind-cycle-book.md","/v5ma.github.io/wiki/content/neo-mind-cycle-book.md","2145","2145","d15f50ff748d41d147eae302982fb5c60f5f90b57426d4085c591203b8dec537","d15f50ff748d41d147eae302982fb5c60f5f90b57426d4085c591203b8dec537",""
"neo-mind-cycle-happiness-makeover-2012","Neo Mind Cycle and My Happiness Makeover (2012)","pages/neo-mind-cycle-happiness-makeover-2012.md","/v5ma.github.io/wiki/content/neo-mind-cycle-happiness-makeover-2012.md","2991","2991","a96543e5b0083146d7e476379fd887917c24a8ee977cd0d41e8b906dc94aa06e","a96543e5b0083146d7e476379fd887917c24a8ee977cd0d41e8b906dc94aa06e",""
"neo-mind-cycle-neurofeedback-bci-genealogy","Neo Mind Cycle, Neurofeedback Salon, and the BCI Bridge","pages/neo-mind-cycle-neurofeedback-bci-genealogy.md","/v5ma.github.io/wiki/content/neo-mind-cycle-neurofeedback-bci-genealogy.md","13954","13954","02be4bdb1e7333e5760fddd2978a2fafa67980fa1c8ab73216bb84552dc0e6f6","02be4bdb1e7333e5760fddd2978a2fafa67980fa1c8ab73216bb84552dc0e6f6",""
"neo-mind-cycle-neurofeedback-bci","Neo Mind Cycle, Neurofeedback Salon, and the BCI Bridge","pages/neo-mind-cycle-neurofeedback-bci.md","/v5ma.github.io/wiki/content/neo-mind-cycle-neurofeedback-bci.md","8762","8762","52da6b449627ff2a9025f5bc39eede74b374620dc9baafda4bd6e9983d9c5e3e","52da6b449627ff2a9025f5bc39eede74b374620dc9baafda4bd6e9983d9c5e3e",""
"neo-mind-cycle-neurofeedback","Neo Mind Cycle Neurofeedback","pages/neo-mind-cycle-neurofeedback.md","/v5ma.github.io/wiki/content/neo-mind-cycle-neurofeedback.md","4994","4994","68a9164579129a79eabbefbb968abbc2f0d05aa8fae24ba163912a9abf024892","68a9164579129a79eabbefbb968abbc2f0d05aa8fae24ba163912a9abf024892",""
"neo-mind-cycle-three-phase-protocol","Neo Mind Cycle Three Phase Protocol","pages/neo-mind-cycle-three-phase-protocol.md","/v5ma.github.io/wiki/content/neo-mind-cycle-three-phase-protocol.md","2019","2019","aff23d9a18a0a4f65f0362cc21ec78dfca7588cb9667c969afae50facffcdd37","aff23d9a18a0a4f65f0362cc21ec78dfca7588cb9667c969afae50facffcdd37",""
"neo-mind-cycle","Neo Mind Cycle","pages/neo-mind-cycle.md","/v5ma.github.io/wiki/content/neo-mind-cycle.md","1671","1671","d965457d28cadaa5b0df7d6c184309829a85f3f68a0c738c63e8b621881a1446","d965457d28cadaa5b0df7d6c184309829a85f3f68a0c738c63e8b621881a1446",""
"neo-mind-happiness-25-things-2012","NeoMind Happiness 25 Things (2012)","pages/neo-mind-happiness-25-things-2012.md","/v5ma.github.io/wiki/content/neo-mind-happiness-25-things-2012.md","6173","6173","7dd68cdb862074096073edd9a3bd13e057a4f7bf1fd598713e0f5109e7532fad","7dd68cdb862074096073edd9a3bd13e057a4f7bf1fd598713e0f5109e7532fad",""
"neocortical-columns-grid-cells","Neocortical Columns Grid Cells","pages/neocortical-columns-grid-cells.md","/v5ma.github.io/wiki/content/neocortical-columns-grid-cells.md","8693","8693","e2bb6505420f8cf55b8d7297d176ac516e0cd6dc47423621721873408806dde0","e2bb6505420f8cf55b8d7297d176ac516e0cd6dc47423621721873408806dde0",""
"neocortical-dynamics","Neocortical Dynamics","pages/neocortical-dynamics.md","/v5ma.github.io/wiki/content/neocortical-dynamics.md","9083","9101","0a73ca03af9c2893609cdf9d4238f80385737f5c20f5db1ac6d5d0670fa85dc2","093a311876f76c4e9aa54a09a614a4e1081cf81ff81ea81ed6cfbe41fd248606","privateArchiveNamesGeneralized:1"
"neocortical-layer-6-decisions","Neocortical Layer 6 Decisions","pages/neocortical-layer-6-decisions.md","/v5ma.github.io/wiki/content/neocortical-layer-6-decisions.md","9339","9339","74b23135d29f4c7827a8b5b510c5a21784d96b35de32b4d01dd0478b52e1048c","74b23135d29f4c7827a8b5b510c5a21784d96b35de32b4d01dd0478b52e1048c",""
"neomindcycle-cognitive-audio-control","Neo Mind Cycle Cognitive Audio Control","pages/neomindcycle-cognitive-audio-control.md","/v5ma.github.io/wiki/content/neomindcycle-cognitive-audio-control.md","2997","2997","964227ee5e1cdfc13eba96eb30bfcdd58ba03a1dff506194c25cc52e026f3378","964227ee5e1cdfc13eba96eb30bfcdd58ba03a1dff506194c25cc52e026f3378",""
"neomindcycle-legacy-wiki","Neomindcycle Legacy Wiki","pages/neomindcycle-legacy-wiki.md","/v5ma.github.io/wiki/content/neomindcycle-legacy-wiki.md","4235","4235","eb5d65425c686f2a660cbf58ac9c4f2f31f3435bf2543fb1ada46b72a4b2f6d1","eb5d65425c686f2a660cbf58ac9c4f2f31f3435bf2543fb1ada46b72a4b2f6d1",""
"neomindcycle-program","Neomindcycle Program","pages/neomindcycle-program.md","/v5ma.github.io/wiki/content/neomindcycle-program.md","1965","1965","414fded105e167e665cd3f61b14ff4e1fa7faacb87c7a6e2981fd1933faec831","414fded105e167e665cd3f61b14ff4e1fa7faacb87c7a6e2981fd1933faec831",""
"nervegear-augma-archetype","Nervegear Augma Archetype","pages/nervegear-augma-archetype.md","/v5ma.github.io/wiki/content/nervegear-augma-archetype.md","2474","2474","b668970fcf26d1eacf2c495f34677e3df0563402ff533b8171c9748332f980a6","b668970fcf26d1eacf2c495f34677e3df0563402ff533b8171c9748332f980a6",""
"nervegear-chronology","Nervegear Chronology","pages/nervegear-chronology.md","/v5ma.github.io/wiki/content/nervegear-chronology.md","6575","5795","66ca8fdbe52159b39a032f28d0a9f81160bf249df78fe5427c80ba409a96b91c","eeae26e71135b62866827730ca679b3797f6c52eeb767e59f36f0091686b714e","routeBlocksRemoved:1"
"nervegear-link-resolution-repair","Nervegear Link Resolution Repair","pages/nervegear-link-resolution-repair.md","/v5ma.github.io/wiki/content/nervegear-link-resolution-repair.md","2903","2252","fc2ce1e90f3c6e4c86384f8c78656d1e887b1531380f54bf015b0c68e59f0cd9","510353cf7db8c357e0ebf72c8c68c362eed7288c1c2abc8eaf62646a1f5293ec","routeBlocksRemoved:1"
"nervegear-show-2017","Nervegear Show 2017","pages/nervegear-show-2017.md","/v5ma.github.io/wiki/content/nervegear-show-2017.md","4772","4772","e0bfd002bbc97f0666adaa605eefc60f69475841b0db4ca19e16c6079e975a1e","e0bfd002bbc97f0666adaa605eefc60f69475841b0db4ca19e16c6079e975a1e",""
"nervegear-show-podcast","Nervegear Show Podcast","pages/nervegear-show-podcast.md","/v5ma.github.io/wiki/content/nervegear-show-podcast.md","1436","1436","92895aed6ee0ac3cc436f7bef5a08d6eee7fa869357cd3699e840937f829a4b9","92895aed6ee0ac3cc436f7bef5a08d6eee7fa869357cd3699e840937f829a4b9",""
"nervegear-vision","Nervegear Vision","pages/nervegear-vision.md","/v5ma.github.io/wiki/content/nervegear-vision.md","3634","3634","e1a218a123063758e5157915059e175c97f09114ee3836fb847c15e8757cfa1b","e1a218a123063758e5157915059e175c97f09114ee3836fb847c15e8757cfa1b",""
"nervegear-wikilink-density-repair","Nervegear Wikilink Density Repair","pages/nervegear-wikilink-density-repair.md","/v5ma.github.io/wiki/content/nervegear-wikilink-density-repair.md","2267","2267","bbc97f4c882bfe5555b4c605925071c774139b8b5e4a88255d64657f02fc2eeb","bbc97f4c882bfe5555b4c605925071c774139b8b5e4a88255d64657f02fc2eeb",""
"nervegear","Nervegear","pages/nervegear.md","/v5ma.github.io/wiki/content/nervegear.md","13900","13900","e35027c09bf170c1278647a04be8619c40006126d726b91154046e9e41f656a6","e35027c09bf170c1278647a04be8619c40006126d726b91154046e9e41f656a6",""
"nested-causality","Nested Causality","pages/nested-causality.md","/v5ma.github.io/wiki/content/nested-causality.md","3736","3736","36d730010623cfc3c4e20013ec7876b226c40a885658c68f7f2b7d806c9c049f","36d730010623cfc3c4e20013ec7876b226c40a885658c68f7f2b7d806c9c049f",""
"nested-oscillating-expert-data-structures","Nested Oscillating Expert Data Structures","pages/nested-oscillating-expert-data-structures.md","/v5ma.github.io/wiki/content/nested-oscillating-expert-data-structures.md","1260","1260","c1d114502ee1f0aaf077f2fa6b7cdba2afb4ff8affb57d019f921af3223db680","c1d114502ee1f0aaf077f2fa6b7cdba2afb4ff8affb57d019f921af3223db680",""
"neural-anti-bit","Neural Anti Bit","pages/neural-anti-bit.md","/v5ma.github.io/wiki/content/neural-anti-bit.md","2330","2330","dc7d7401bf201b305612275a5a364418bfa4e07add8230b32b223f4a4b220f23","dc7d7401bf201b305612275a5a364418bfa4e07add8230b32b223f4a4b220f23",""
"neural-array-projection-oscillation-theory","Neural Array Projection Oscillation Theory","pages/neural-array-projection-oscillation-theory.md","/v5ma.github.io/wiki/content/neural-array-projection-oscillation-theory.md","7789","7789","5189ad50001ebd8e243b126d387791865c922e08a0d4d5006da1a899cd21cadc","5189ad50001ebd8e243b126d387791865c922e08a0d4d5006da1a899cd21cadc",""
"neural-array-projection-oscillation-tomography","Neural Array Projection Oscillation Tomography","pages/neural-array-projection-oscillation-tomography.md","/v5ma.github.io/wiki/content/neural-array-projection-oscillation-tomography.md","8781","8781","bc0d55313d405393953b2030a1424b9d071cf1bb25e50a80f53150287bce35e5","bc0d55313d405393953b2030a1424b9d071cf1bb25e50a80f53150287bce35e5",""
"neural-array-projection-oscillatory-tomography","Neural Array Projection Oscillatory Tomography","pages/neural-array-projection-oscillatory-tomography.md","/v5ma.github.io/wiki/content/neural-array-projection-oscillatory-tomography.md","11994","11994","90c4cbd7af990c8e3087d5f2ed632513a5fac1b239806116deff5b77cb5915a0","90c4cbd7af990c8e3087d5f2ed632513a5fac1b239806116deff5b77cb5915a0",""
"neural-array-projection","Neural Array Projection","pages/neural-array-projection.md","/v5ma.github.io/wiki/content/neural-array-projection.md","6588","6588","ba74e062e85080bec606acec8463eb67ebd4a9e2269b71ac40e6bc18d6745862","ba74e062e85080bec606acec8463eb67ebd4a9e2269b71ac40e6bc18d6745862",""
"neural-array","Neural Array","pages/neural-array.md","/v5ma.github.io/wiki/content/neural-array.md","4035","4035","d270eeff9c1e2d65253d9998f10b5be55765bc61f9da69309dac6ce40f122c8a","d270eeff9c1e2d65253d9998f10b5be55765bc61f9da69309dac6ce40f122c8a",""
"neural-arrays","Neural Arrays","pages/neural-arrays.md","/v5ma.github.io/wiki/content/neural-arrays.md","1625","1625","7d4e489d5681049199df0847e802f544238c809d1572255704c80e54428768c7","7d4e489d5681049199df0847e802f544238c809d1572255704c80e54428768c7",""
"neural-backpropagation","Neural Backpropagation","pages/neural-backpropagation.md","/v5ma.github.io/wiki/content/neural-backpropagation.md","3163","3163","dc2a40e11f464717fd75e5739a0a342ea8e7368cb1bc966432d480f61d5c6da3","dc2a40e11f464717fd75e5739a0a342ea8e7368cb1bc966432d480f61d5c6da3",""
"neural-burst-backpropagation","Neural Burst Backpropagation","pages/neural-burst-backpropagation.md","/v5ma.github.io/wiki/content/neural-burst-backpropagation.md","3121","3121","9b1d82ba288b7414644048d1e16eb7bc10ef1edef0293a14e3708b5d8570076c","9b1d82ba288b7414644048d1e16eb7bc10ef1edef0293a14e3708b5d8570076c",""
"neural-circuits","Neural Circuits","pages/neural-circuits.md","/v5ma.github.io/wiki/content/neural-circuits.md","12284","12284","8622199dfc22447baa213f78421c67508e23abb237beb9d81b5bba38b61f8f1d","8622199dfc22447baa213f78421c67508e23abb237beb9d81b5bba38b61f8f1d",""
"neural-code-functions","Neural Code Functions","pages/neural-code-functions.md","/v5ma.github.io/wiki/content/neural-code-functions.md","1933","1933","27927225bcdb54a5566010857db5a91bb1d1e52cb0411d10197396167e7ad352","27927225bcdb54a5566010857db5a91bb1d1e52cb0411d10197396167e7ad352",""
"neural-code-transmission","Neural Code Transmission","pages/neural-code-transmission.md","/v5ma.github.io/wiki/content/neural-code-transmission.md","2056","2056","82f2ee87f59deaf11ac198d402a20d5bcf008526bd57079b08c53e3aff17db59","82f2ee87f59deaf11ac198d402a20d5bcf008526bd57079b08c53e3aff17db59",""
"neural-code","Neural Code","pages/neural-code.md","/v5ma.github.io/wiki/content/neural-code.md","10223","10223","faaf2c8d1721cdc97566f67d8cbb6fa915cb62d37e162b7e1a175e709d67d64d","faaf2c8d1721cdc97566f67d8cbb6fa915cb62d37e162b7e1a175e709d67d64d",""
"neural-coincidence-detection","Neural Coincidence Detection","pages/neural-coincidence-detection.md","/v5ma.github.io/wiki/content/neural-coincidence-detection.md","10438","10438","1c031e449f476e19e0afde8000db374f229652d34906e09f5ab7ebdb7095a87b","1c031e449f476e19e0afde8000db374f229652d34906e09f5ab7ebdb7095a87b",""
"neural-coincidence-patterns","Neural Coincidence Patterns","pages/neural-coincidence-patterns.md","/v5ma.github.io/wiki/content/neural-coincidence-patterns.md","2234","2234","ea964ba42ae173c788054463cdea966646e7e134733890486699b6b0f9ca979b","ea964ba42ae173c788054463cdea966646e7e134733890486699b6b0f9ca979b",""
"neural-competition-3d-go","Neural Competition 3D Go","pages/neural-competition-3d-go.md","/v5ma.github.io/wiki/content/neural-competition-3d-go.md","3560","2780","5b91245b523d76c3f9a8ab90433f722026e55d7f04497ef59c4c89c3f5e2e30d","c2308225922e2feaed69f3d255c62fa34f3bfccc27429dbeea4f79cc43a83fd5","routeBlocksRemoved:1"
"neural-convergence-divergence","Neural Convergence Divergence","pages/neural-convergence-divergence.md","/v5ma.github.io/wiki/content/neural-convergence-divergence.md","4413","4413","102e3d43146f2a8195a269bb8558c35cb23ca64adc2068dfe5740668d5527de0","102e3d43146f2a8195a269bb8558c35cb23ca64adc2068dfe5740668d5527de0",""
"neural-data-sovereignty","Neural Data Sovereignty","pages/neural-data-sovereignty.md","/v5ma.github.io/wiki/content/neural-data-sovereignty.md","2608","2608","297ce017206f094fd71df2082ee34c06f2dcbafc8c9ad222c2dfccb5c14f9932","297ce017206f094fd71df2082ee34c06f2dcbafc8c9ad222c2dfccb5c14f9932",""
"neural-decoding","Neural Decoding","pages/neural-decoding.md","/v5ma.github.io/wiki/content/neural-decoding.md","6553","6553","858339f79e3aa032e74664b78ef3a68a7392db531934177d5de96493128bc94c","858339f79e3aa032e74664b78ef3a68a7392db531934177d5de96493128bc94c",""
"neural-distinction-consciousness","Neural Distinction Consciousness","pages/neural-distinction-consciousness.md","/v5ma.github.io/wiki/content/neural-distinction-consciousness.md","1937","1937","17d803c03a60d2eda56dd0320a08fd93e8150ad001c24d6310f7bafb3de12642","17d803c03a60d2eda56dd0320a08fd93e8150ad001c24d6310f7bafb3de12642",""
"neural-drift-virtual-engrams","Neural Drift Virtual Engrams","pages/neural-drift-virtual-engrams.md","/v5ma.github.io/wiki/content/neural-drift-virtual-engrams.md","3323","3323","db3c9785b651a0e7321f57bec1c1f75d58e9c21ea2cd15f019e4e32b12f3ba49","db3c9785b651a0e7321f57bec1c1f75d58e9c21ea2cd15f019e4e32b12f3ba49",""
"neural-drift","Neural Drift","pages/neural-drift.md","/v5ma.github.io/wiki/content/neural-drift.md","7364","7364","87769ceb51c394ba076c479b82eaeb1a49d38a8d77999f53bdb6cf56794b135a","87769ceb51c394ba076c479b82eaeb1a49d38a8d77999f53bdb6cf56794b135a",""
"neural-ensemble-phase-reset-communication","Neural Ensemble Phase Reset Communication","pages/neural-ensemble-phase-reset-communication.md","/v5ma.github.io/wiki/content/neural-ensemble-phase-reset-communication.md","5255","5255","f35efc766f2fea44d7dde6ac5deb0a326ed55adc8f6a2b893ec40188e6a09b56","f35efc766f2fea44d7dde6ac5deb0a326ed55adc8f6a2b893ec40188e6a09b56",""
"neural-entrainment","Neural Entrainment","pages/neural-entrainment.md","/v5ma.github.io/wiki/content/neural-entrainment.md","7453","7453","253e22d4f4a336510b8551fefa2531ba46cb11c2e0828c4e2edd028a0ff62619","253e22d4f4a336510b8551fefa2531ba46cb11c2e0828c4e2edd028a0ff62619",""
"neural-functional-fractal","Neural Functional Fractal","pages/neural-functional-fractal.md","/v5ma.github.io/wiki/content/neural-functional-fractal.md","9459","9459","f288a91a47c297c652086213b8740758a7a0bd801f74ec1b6b0a679874bfaea7","f288a91a47c297c652086213b8740758a7a0bd801f74ec1b6b0a679874bfaea7",""
"neural-lace-and-deep-learning-2018","Neural Lace And Deep Learning 2018","pages/neural-lace-and-deep-learning-2018.md","/v5ma.github.io/wiki/content/neural-lace-and-deep-learning-2018.md","3895","3895","24c79655ceadd2a21c9508a09af7f24cad2a93467842bcc73acd2fe853e1c587","24c79655ceadd2a21c9508a09af7f24cad2a93467842bcc73acd2fe853e1c587",""
"neural-lace-ar-vr-no-glasses-2017","Neural Lace Ar Vr No Glasses 2017","pages/neural-lace-ar-vr-no-glasses-2017.md","/v5ma.github.io/wiki/content/neural-lace-ar-vr-no-glasses-2017.md","4173","4173","12fa29b649b5f3d3974c291637bdd26c9397378f13da50db12fc96992db67b5c","12fa29b649b5f3d3974c291637bdd26c9397378f13da50db12fc96992db67b5c",""
"neural-lace-ar-vr-no-glasses","Neural Lace Ar Vr No Glasses","pages/neural-lace-ar-vr-no-glasses.md","/v5ma.github.io/wiki/content/neural-lace-ar-vr-no-glasses.md","1917","1917","0d7652adb53ccef0997b8601cc2b9eac5716cfa725f7c5f21f769b2b599e971c","0d7652adb53ccef0997b8601cc2b9eac5716cfa725f7c5f21f769b2b599e971c",""
"neural-lace-brain-port","Neural Lace Brain Port","pages/neural-lace-brain-port.md","/v5ma.github.io/wiki/content/neural-lace-brain-port.md","3616","3616","a28acd5dfddfe4c51dd37f3630c1dfc9eb038fd871e499a7c1dd4e6fa0b65d1f","a28acd5dfddfe4c51dd37f3630c1dfc9eb038fd871e499a7c1dd4e6fa0b65d1f",""
"neural-lace-deep-learning-anikeeva","Neural Lace Deep Learning Anikeeva","pages/neural-lace-deep-learning-anikeeva.md","/v5ma.github.io/wiki/content/neural-lace-deep-learning-anikeeva.md","2162","2162","91e138ef179fc3c73a804d6e5f1b2afce9344ada3e9d0b333c045b0f1c99149e","91e138ef179fc3c73a804d6e5f1b2afce9344ada3e9d0b333c045b0f1c99149e",""
"neural-lace-journal","Neural Lace Journal","pages/neural-lace-journal.md","/v5ma.github.io/wiki/content/neural-lace-journal.md","8221","8221","4e9c4af43f867eb657a7b1b50d260d18fd57ed09991d0d750e6d53b2e2198ff8","4e9c4af43f867eb657a7b1b50d260d18fd57ed09991d0d750e6d53b2e2198ff8",""
"neural-lace-podcast-4-andre-watson","Neural Lace Podcast 4 Andre Watson","pages/neural-lace-podcast-4-andre-watson.md","/v5ma.github.io/wiki/content/neural-lace-podcast-4-andre-watson.md","2256","2256","6d10b5a51272659df2d9de6113924c7ace70fa99b625f36475fd90b994edcaf3","6d10b5a51272659df2d9de6113924c7ace70fa99b625f36475fd90b994edcaf3",""
"neural-lace-podcast-5-jules-urbach-otoy","Neural Lace Podcast 5 Jules Urbach Otoy","pages/neural-lace-podcast-5-jules-urbach-otoy.md","/v5ma.github.io/wiki/content/neural-lace-podcast-5-jules-urbach-otoy.md","2519","2519","966afa2b4bbcad0166b7b021e76596aacb7291ef66be38f75b3ab08ca8551ed1","966afa2b4bbcad0166b7b021e76596aacb7291ef66be38f75b3ab08ca8551ed1",""
"neural-lace-podcast-archive","Neural Lace Podcast Archive","pages/neural-lace-podcast-archive.md","/v5ma.github.io/wiki/content/neural-lace-podcast-archive.md","2106","2101","b294825cadf0e565a5030963b0dc55459d2bb01728663715a750a643b55f09e8","07d3caf60587bc7cdeded0cdc31a7a68fbd42b6da195cab7954161f2266818c5","localPathsWithheld:1"
"neural-lace-podcast-ep2-blaze-sanders","Neural Lace Podcast Ep2 Blaze Sanders","pages/neural-lace-podcast-ep2-blaze-sanders.md","/v5ma.github.io/wiki/content/neural-lace-podcast-ep2-blaze-sanders.md","1530","1530","64c9cca8b12652b57554527e9fcbeaf032225d57d34ee58b25a4f9de1b28e11f","64c9cca8b12652b57554527e9fcbeaf032225d57d34ee58b25a4f9de1b28e11f",""
"neural-lace-podcast-ep3-eric-matzner","Neural Lace Podcast Ep3 Eric Matzner","pages/neural-lace-podcast-ep3-eric-matzner.md","/v5ma.github.io/wiki/content/neural-lace-podcast-ep3-eric-matzner.md","2470","2470","87bbd5b574f288c0d3021cf312dc748786094699272974ba60c798f4486fc46a","87bbd5b574f288c0d3021cf312dc748786094699272974ba60c798f4486fc46a",""
"neural-lace-podcast-four-episodes-index-2017","Neural Lace Podcast Four Episodes Index 2017","pages/neural-lace-podcast-four-episodes-index-2017.md","/v5ma.github.io/wiki/content/neural-lace-podcast-four-episodes-index-2017.md","3860","3860","a1e0010a04af6e06e014ec67fc05454096d6f8480d8639dc16303ecd15533677","a1e0010a04af6e06e014ec67fc05454096d6f8480d8639dc16303ecd15533677",""
"neural-lace-podcast-playlist-summary-2017","Neural Lace Podcast Playlist Summary 2017","pages/neural-lace-podcast-playlist-summary-2017.md","/v5ma.github.io/wiki/content/neural-lace-podcast-playlist-summary-2017.md","3520","3520","0d4654236cf2c5e39bceedb9a5038d60ba21c8d128fe1222bdb5acc699ffc19b","0d4654236cf2c5e39bceedb9a5038d60ba21c8d128fe1222bdb5acc699ffc19b",""
"neural-lace-podcast-s1e3-eric-matzner-2017","Neural Lace Podcast S1e3 Eric Matzner 2017","pages/neural-lace-podcast-s1e3-eric-matzner-2017.md","/v5ma.github.io/wiki/content/neural-lace-podcast-s1e3-eric-matzner-2017.md","9428","8648","b6809156f4fe238e4f8022f94fd926d6fd77529fc7d44bd0f3e6e00e12ee7723","ff871bfd9ae26b7cf218d48cfaf30925a73fb4377420aa18cdd3c6ed78ad438c","routeBlocksRemoved:1"
"neural-lace-podcast-s1e4-andre-watson-2017","Neural Lace Podcast S1e4 Andre Watson 2017","pages/neural-lace-podcast-s1e4-andre-watson-2017.md","/v5ma.github.io/wiki/content/neural-lace-podcast-s1e4-andre-watson-2017.md","3331","3331","397ca1f034cb99c1f66feb04c99b5aa95da90d74334e276d22f6f740ea10456c","397ca1f034cb99c1f66feb04c99b5aa95da90d74334e276d22f6f740ea10456c",""
"neural-lace-podcast-s1e5-jules-urbach-2017","Neural Lace Podcast S1e5 Jules Urbach 2017","pages/neural-lace-podcast-s1e5-jules-urbach-2017.md","/v5ma.github.io/wiki/content/neural-lace-podcast-s1e5-jules-urbach-2017.md","3911","3911","decb947c8867cfa85f5ce5da812f11fb4d28ad05b11c441d7902a677792adbdd","decb947c8867cfa85f5ce5da812f11fb4d28ad05b11c441d7902a677792adbdd",""
"neural-lace-podcast-s1e7-android-jones-2017","Neural Lace Podcast Episode 7: Android Jones, Microdose VR and EEG","pages/neural-lace-podcast-s1e7-android-jones-2017.md","/v5ma.github.io/wiki/content/neural-lace-podcast-s1e7-android-jones-2017.md","1743","1743","7ae782d250f9516d9cbcf6fd67cb5c41a6630a5dfada8df5ff306c9537a0176e","7ae782d250f9516d9cbcf6fd67cb5c41a6630a5dfada8df5ff306c9537a0176e",""
"neural-lace-podcast-s2e1-jean-rintoul-2018","Neural Lace Podcast S2E1: Jean Rintoul and OpenEIT","pages/neural-lace-podcast-s2e1-jean-rintoul-2018.md","/v5ma.github.io/wiki/content/neural-lace-podcast-s2e1-jean-rintoul-2018.md","2072","2072","30f00e66182886564070bcbfb4ef93c963a79a1265ebe657b34bd86fb9a4850c","30f00e66182886564070bcbfb4ef93c963a79a1265ebe657b34bd86fb9a4850c",""
"neural-lace-podcast-s2e1-jean-rintoul-openeit","Neural Lace Podcast S2E1 Jean Rintoul Openeit","pages/neural-lace-podcast-s2e1-jean-rintoul-openeit.md","/v5ma.github.io/wiki/content/neural-lace-podcast-s2e1-jean-rintoul-openeit.md","1851","1851","d19e60bd3ce95749790bfc6c4ce3c04c2e63f9190ee8e7f34b75765fe843d044","d19e60bd3ce95749790bfc6c4ce3c04c2e63f9190ee8e7f34b75765fe843d044",""
"neural-lace-podcast-s2e2-jules-urbach-2018","Neural Lace Podcast S2E2: Jules Urbach, RTX and Rendering","pages/neural-lace-podcast-s2e2-jules-urbach-2018.md","/v5ma.github.io/wiki/content/neural-lace-podcast-s2e2-jules-urbach-2018.md","2143","2143","c8c16b2d53dcac292c46c44cae49ed90f8310682d6f61f0bec096758a2e2ac9c","c8c16b2d53dcac292c46c44cae49ed90f8310682d6f61f0bec096758a2e2ac9c",""
"neural-lace-podcast-s2e3-kyle-mathewson-2020","Neural Lace Podcast S2E3: Kyle E. Mathewson and Optical Imaging","pages/neural-lace-podcast-s2e3-kyle-mathewson-2020.md","/v5ma.github.io/wiki/content/neural-lace-podcast-s2e3-kyle-mathewson-2020.md","1990","1990","ca1fdcec2b3c12ca71856edf82e92beacec961e742a40801684dd5d24a2e3a37","ca1fdcec2b3c12ca71856edf82e92beacec961e742a40801684dd5d24a2e3a37",""
"neural-lace-podcast-source-genealogy","Neural Lace Podcast Source Genealogy","pages/neural-lace-podcast-source-genealogy.md","/v5ma.github.io/wiki/content/neural-lace-podcast-source-genealogy.md","8954","8924","58f4fca751b242ec80ff51af2e1793980d32c8eb368b0ee5e1a4eff516c51c03","8ef10602128707dc26a03db5a16cf6d8076fcb6e8e5c9c476bd803a7f2580a14","localPathsWithheld:2"
"neural-lace-podcast-transcripts-2017-2019","Neural Lace Podcast Transcript Collection","pages/neural-lace-podcast-transcripts-2017-2019.md","/v5ma.github.io/wiki/content/neural-lace-podcast-transcripts-2017-2019.md","2712","2647","999ca1e1719c2eca9783875d53aba1f7ff2b91dcfaaffb89a0307750924ba81c","0f748d1c1e69de023e17fdb5b2a3a5d793588d8eefd2b8c41304a003eebbac9b","localPathsWithheld:3"
"neural-lace-podcast","Neural Lace Podcast","pages/neural-lace-podcast.md","/v5ma.github.io/wiki/content/neural-lace-podcast.md","3516","3516","ca8b32dca88ceb86f1472c90fb78293951be0c2feb5024c19993ecd9bfee504d","ca8b32dca88ceb86f1472c90fb78293951be0c2feb5024c19993ecd9bfee504d",""
"neural-lace","Neural Lace","pages/neural-lace.md","/v5ma.github.io/wiki/content/neural-lace.md","752","51","25b574d669323cdb2748577e32c710e000c1937a40b973541d20ed46f6ad501c","b60086a95c090cd5cdfe4f0ebea1f67594ee3e2eeb2dc775294f6768ea28c9d7","routeBlocksRemoved:1"
"neural-magnification","Neural Magnification","pages/neural-magnification.md","/v5ma.github.io/wiki/content/neural-magnification.md","8138","8138","c8247d94427de53198b62a4c0e369dd9cf97019808c3a8e4411d3aa20abb59d1","c8247d94427de53198b62a4c0e369dd9cf97019808c3a8e4411d3aa20abb59d1",""
"neural-noise-to-coherence","Neural Noise To Coherence","pages/neural-noise-to-coherence.md","/v5ma.github.io/wiki/content/neural-noise-to-coherence.md","2858","2858","0dc5227789a7e4dec4dd7dc7f53475dda51bdbc95d35aa4d892712f135ba5790","0dc5227789a7e4dec4dd7dc7f53475dda51bdbc95d35aa4d892712f135ba5790",""
"neural-oscillation-complexity","Neural Oscillation Complexity","pages/neural-oscillation-complexity.md","/v5ma.github.io/wiki/content/neural-oscillation-complexity.md","4621","4621","b6989b26d7118874072bce7d901ac6139d579899b2471c16f9aa6c3b755b429d","b6989b26d7118874072bce7d901ac6139d579899b2471c16f9aa6c3b755b429d",""
"neural-oscillation-hierarchy","Neural Oscillation Hierarchy","pages/neural-oscillation-hierarchy.md","/v5ma.github.io/wiki/content/neural-oscillation-hierarchy.md","3104","3104","0cb1d9d7dee0badc7a7cff558da49d6db73f1f008b2df22d31d7349415cf76e0","0cb1d9d7dee0badc7a7cff558da49d6db73f1f008b2df22d31d7349415cf76e0",""
"neural-oscillation-patterns","Neural Oscillation Patterns","pages/neural-oscillation-patterns.md","/v5ma.github.io/wiki/content/neural-oscillation-patterns.md","7265","7265","52a810114e7582fcc2cd43c766a8b15b66f001e0ef1ffaac9073a6f2827e6e25","52a810114e7582fcc2cd43c766a8b15b66f001e0ef1ffaac9073a6f2827e6e25",""
"neural-oscillation-rendering","Neural Oscillation Rendering","pages/neural-oscillation-rendering.md","/v5ma.github.io/wiki/content/neural-oscillation-rendering.md","2780","2780","96ec0f1fb694fd9fb88174af27640db31b69e9cf20974c9b0d89eb9ad3e4e0bc","96ec0f1fb694fd9fb88174af27640db31b69e9cf20974c9b0d89eb9ad3e4e0bc",""
"neural-oscillation-synchrony-deviation","Neural Oscillation Synchrony Deviation","pages/neural-oscillation-synchrony-deviation.md","/v5ma.github.io/wiki/content/neural-oscillation-synchrony-deviation.md","2983","2983","8beb4c0c02ec58122917a15e9411d40ac493c7599d96bc774929efc77e479ce8","8beb4c0c02ec58122917a15e9411d40ac493c7599d96bc774929efc77e479ce8",""
"neural-oscillation-synchrony","Neural Oscillation Synchrony","pages/neural-oscillation-synchrony.md","/v5ma.github.io/wiki/content/neural-oscillation-synchrony.md","4590","4590","5abd5f84c30a6c4fc80d12e5d69a96984da89a4cbff0391d62c19f18c0b7df25","5abd5f84c30a6c4fc80d12e5d69a96984da89a4cbff0391d62c19f18c0b7df25",""
"neural-oscillation","Neural Oscillation","pages/neural-oscillation.md","/v5ma.github.io/wiki/content/neural-oscillation.md","4376","4376","281486f7b158aa6eee198388df0f12d75bbdd7545c49a425876558443e145477","281486f7b158aa6eee198388df0f12d75bbdd7545c49a425876558443e145477",""
"neural-oscillations","Neural Oscillations","pages/neural-oscillations.md","/v5ma.github.io/wiki/content/neural-oscillations.md","1598","1598","353837b8c4de1780d672031182ccb16789bd252ffca29ae7e5e8cdd5263ce7b0","353837b8c4de1780d672031182ccb16789bd252ffca29ae7e5e8cdd5263ce7b0",""
"neural-oscillatory-synchronization","Neural Oscillatory Synchronization","pages/neural-oscillatory-synchronization.md","/v5ma.github.io/wiki/content/neural-oscillatory-synchronization.md","2859","2859","126181e3534ecf0a4b199b685a159ca7274759a758ff6399279ffccc0374876f","126181e3534ecf0a4b199b685a159ca7274759a758ff6399279ffccc0374876f",""
"neural-oscillatory-tomography","Neural Oscillatory Tomography","pages/neural-oscillatory-tomography.md","/v5ma.github.io/wiki/content/neural-oscillatory-tomography.md","10124","10124","72a5c861600f87b6f55e1c1b9173828f1d1d5844413449e5c24abd72bb9243fa","72a5c861600f87b6f55e1c1b9173828f1d1d5844413449e5c24abd72bb9243fa",""
"neural-path-selection-interneurons-choice","Neural Path Selection, Interneurons, and Choice Across Scales","pages/neural-path-selection-interneurons-choice.md","/v5ma.github.io/wiki/content/neural-path-selection-interneurons-choice.md","29167","29167","eb52a27a57f2b989dd16436eaab867a16af432a29ac8a0c189eeb29af957d830","eb52a27a57f2b989dd16436eaab867a16af432a29ac8a0c189eeb29af957d830",""
"neural-phase-pattern-propagation","Neural Phase Pattern Propagation","pages/neural-phase-pattern-propagation.md","/v5ma.github.io/wiki/content/neural-phase-pattern-propagation.md","2521","2521","9134a5e91194f9b3f44e918acfc892174fc9bf355f42944e797bc5c470f1d3c7","9134a5e91194f9b3f44e918acfc892174fc9bf355f42944e797bc5c470f1d3c7",""
"neural-phase-trajectories-taylor-series-proposal","Neural Phase Trajectories and the Taylor-Series Proposal","pages/neural-phase-trajectories-taylor-series-proposal.md","/v5ma.github.io/wiki/content/neural-phase-trajectories-taylor-series-proposal.md","8277","8277","75fdfa001c1461bedc0d2efb085f6b626f948dc49628d6ddf701cc578b2da4f2","75fdfa001c1461bedc0d2efb085f6b626f948dc49628d6ddf701cc578b2da4f2",""
"neural-plasticity","Neural Plasticity","pages/neural-plasticity.md","/v5ma.github.io/wiki/content/neural-plasticity.md","8238","8238","9ad8525fc260c2ccc3a9140e9bc53862f144fc9b9b31de3167ad27ecd5345103","9ad8525fc260c2ccc3a9140e9bc53862f144fc9b9b31de3167ad27ecd5345103",""
"neural-rendering-of-qualia","Neural Rendering and Qualia","pages/neural-rendering-of-qualia.md","/v5ma.github.io/wiki/content/neural-rendering-of-qualia.md","3814","3814","8a96bca7b252f78bba6155e5b5cc762bcd308b31b037189b2d25900d556ec80c","8a96bca7b252f78bba6155e5b5cc762bcd308b31b037189b2d25900d556ec80c",""
"neural-rendering","Neural Rendering","pages/neural-rendering.md","/v5ma.github.io/wiki/content/neural-rendering.md","5816","5816","169dcee00e9b27d890d015efc8a195657eeabaf3be706238a6571a220346fc18","169dcee00e9b27d890d015efc8a195657eeabaf3be706238a6571a220346fc18",""
"neural-self-organization","Neural Self Organization","pages/neural-self-organization.md","/v5ma.github.io/wiki/content/neural-self-organization.md","1900","1900","2c1eb3f4762741e6b0d7036b208fa748af649de8aa1dacb5da11ab5692ae9615","2c1eb3f4762741e6b0d7036b208fa748af649de8aa1dacb5da11ab5692ae9615",""
"neural-sequence-representation","Neural Sequence Representation","pages/neural-sequence-representation.md","/v5ma.github.io/wiki/content/neural-sequence-representation.md","3282","3282","1437654a7430120b760f6da687f5e7f1a8973912418c3608c9fd39768ba5fffb","1437654a7430120b760f6da687f5e7f1a8973912418c3608c9fd39768ba5fffb",""
"neural-spikes","Neural Spikes","pages/neural-spikes.md","/v5ma.github.io/wiki/content/neural-spikes.md","11321","11321","5d85e6e24aed6165d3214a9926ca2048d35e4485bfe53a7f9889850a49da48b8","5d85e6e24aed6165d3214a9926ca2048d35e4485bfe53a7f9889850a49da48b8",""
"neural-strange-loop-self-referential-consciousness","Neural Strange Loop Self Referential Consciousness","pages/neural-strange-loop-self-referential-consciousness.md","/v5ma.github.io/wiki/content/neural-strange-loop-self-referential-consciousness.md","2695","2695","8e18b3a6812366f6bcd502d501d84ec095a6862e173ea81ef9dce24f8b08b84c","8e18b3a6812366f6bcd502d501d84ec095a6862e173ea81ef9dce24f8b08b84c",""
"neural-symphony","Neural Symphony","pages/neural-symphony.md","/v5ma.github.io/wiki/content/neural-symphony.md","5814","5814","f5d2344feb9db538ecd551e2c19e36687d9a903d5c5b9b5b1597ad2aaeb9fd48","f5d2344feb9db538ecd551e2c19e36687d9a903d5c5b9b5b1597ad2aaeb9fd48",""
"neural-synchronization-bonding-analogy","Neural Synchronization Bonding Analogy","pages/neural-synchronization-bonding-analogy.md","/v5ma.github.io/wiki/content/neural-synchronization-bonding-analogy.md","3184","3184","8a07e44d5de17a9dab159701448a413feffb88fc7860e5039a81f72c9e243084","8a07e44d5de17a9dab159701448a413feffb88fc7860e5039a81f72c9e243084",""
"neural-timing-encoding","Neural Timing Encoding","pages/neural-timing-encoding.md","/v5ma.github.io/wiki/content/neural-timing-encoding.md","2186","2186","d3a1c4275f588bb75f34d2ead3299fc7b9ff13301d4b597aae22f70f8cecf43e","d3a1c4275f588bb75f34d2ead3299fc7b9ff13301d4b597aae22f70f8cecf43e",""
"neural-tomographic-lightfield-rendering","Neural Tomographic Lightfield Rendering","pages/neural-tomographic-lightfield-rendering.md","/v5ma.github.io/wiki/content/neural-tomographic-lightfield-rendering.md","4514","4514","38cfe579385c89cd8bd0eed06a8154090d0203d294703e4787198b9539d82bb0","38cfe579385c89cd8bd0eed06a8154090d0203d294703e4787198b9539d82bb0",""
"neural-tomography","Neural Tomography","pages/neural-tomography.md","/v5ma.github.io/wiki/content/neural-tomography.md","3287","3287","4c28a17393fcc57bb418ecf405fc0e6e70aea27d795319f0f3141d7c2a2879b4","4c28a17393fcc57bb418ecf405fc0e6e70aea27d795319f0f3141d7c2a2879b4",""
"neural-tuning","Neural Tuning","pages/neural-tuning.md","/v5ma.github.io/wiki/content/neural-tuning.md","7943","7943","19011c1847c4961ffef15b450081ca8c878950dabf9ec06d8457f9283ebf7bc1","19011c1847c4961ffef15b450081ca8c878950dabf9ec06d8457f9283ebf7bc1",""
"neuralink-ethics-panel-b0303y","Neuralink Ethics Panel B0303Y","pages/neuralink-ethics-panel-b0303y.md","/v5ma.github.io/wiki/content/neuralink-ethics-panel-b0303y.md","2512","2512","a96cfa0fbf09a4a740c243118dd99a09b7decdc82befd265fc3218eaae7b6ef9","a96cfa0fbf09a4a740c243118dd99a09b7decdc82befd265fc3218eaae7b6ef9",""
"neuralink-flawed-assumption","Neuralink Flawed Assumption","pages/neuralink-flawed-assumption.md","/v5ma.github.io/wiki/content/neuralink-flawed-assumption.md","4962","4962","c6c4dd9d8ddff78f0d46cb02bf10fc433207d0874b8fff81039243d9231727b0","c6c4dd9d8ddff78f0d46cb02bf10fc433207d0874b8fff81039243d9231727b0",""
"neuralink","Neuralink","pages/neuralink.md","/v5ma.github.io/wiki/content/neuralink.md","9624","9624","e152ae9ab4a8c9648fe068d0b7bf9cbf5ce4f4ba393d031c96e2a4fd8a9b8c27","e152ae9ab4a8c9648fe068d0b7bf9cbf5ce4f4ba393d031c96e2a4fd8a9b8c27",""
"neuro-oscillator","Neuro Oscillator","pages/neuro-oscillator.md","/v5ma.github.io/wiki/content/neuro-oscillator.md","7173","7173","dd8f0e2568e123063bc00a8533f6d81cff81070c89ce1c21102397a3b3bcef96","dd8f0e2568e123063bc00a8533f6d81cff81070c89ce1c21102397a3b3bcef96",""
"neuro-rendering","Neuro Rendering","pages/neuro-rendering.md","/v5ma.github.io/wiki/content/neuro-rendering.md","4126","4126","3f39132a41ee0b5e833745484a13c74abfc08e8506974f47314a5309b6f626aa","3f39132a41ee0b5e833745484a13c74abfc08e8506974f47314a5309b6f626aa",""
"neurofeedback-closed-eye-mind-machine","Neurofeedback Closed Eye Mind Machine","pages/neurofeedback-closed-eye-mind-machine.md","/v5ma.github.io/wiki/content/neurofeedback-closed-eye-mind-machine.md","3829","3829","43f9740ad9628073afd27d723ca2a98039e95314900e87ff60d6692b51dcc885","43f9740ad9628073afd27d723ca2a98039e95314900e87ff60d6692b51dcc885",""
"neurofeedback","Neurofeedback","pages/neurofeedback.md","/v5ma.github.io/wiki/content/neurofeedback.md","15158","15158","5771c52d23b1de22c02867d0fcd13fb507de08a93899e52d1961905f824fdd1c","5771c52d23b1de22c02867d0fcd13fb507de08a93899e52d1961905f824fdd1c",""
"neuroimaging-localism-critique","Neuroimaging Localism Critique","pages/neuroimaging-localism-critique.md","/v5ma.github.io/wiki/content/neuroimaging-localism-critique.md","3341","3341","48b05644f29a8d557c66c83c3401d45b679b9b561437e3060a275dc779ee8492","48b05644f29a8d557c66c83c3401d45b679b9b561437e3060a275dc779ee8492",""
"neuroimaging-next-generation","Next-Generation Neuroimaging","pages/neuroimaging-next-generation.md","/v5ma.github.io/wiki/content/neuroimaging-next-generation.md","3202","3202","6a92831faa42b47526352a9812a2930520426acf38813d4c76721adac2c42b43","6a92831faa42b47526352a9812a2930520426acf38813d4c76721adac2c42b43",""
"neuroimaging-reliability-critique","Neuroimaging Reliability Critique","pages/neuroimaging-reliability-critique.md","/v5ma.github.io/wiki/content/neuroimaging-reliability-critique.md","2428","2428","4b3547614ec85e7d330c0c5c7d920b924a192ea6879af62a3a5a2f790859b86f","4b3547614ec85e7d330c0c5c7d920b924a192ea6879af62a3a5a2f790859b86f",""
"neuroimaging-reproducibility","Neuroimaging Reproducibility","pages/neuroimaging-reproducibility.md","/v5ma.github.io/wiki/content/neuroimaging-reproducibility.md","6368","6368","1355d314e793d73ddba9592be5e80eed41c24a3b57b801845802ab7ee9a42d3d","1355d314e793d73ddba9592be5e80eed41c24a3b57b801845802ab7ee9a42d3d",""
"neuroimaging","Neuroimaging","pages/neuroimaging.md","/v5ma.github.io/wiki/content/neuroimaging.md","4772","4772","cba7e1890684e205681cec5249528c06b1ce53d7f469a546bfe0f380748bc46e","cba7e1890684e205681cec5249528c06b1ce53d7f469a546bfe0f380748bc46e",""
"neuromodulation-brainwave-entrainment","Neuromodulation Brainwave Entrainment","pages/neuromodulation-brainwave-entrainment.md","/v5ma.github.io/wiki/content/neuromodulation-brainwave-entrainment.md","2453","2453","b35a20914e1cd99d4a8e6639c550f4cdeeb0e01cb70780f30c0de42ef1d9a852","b35a20914e1cd99d4a8e6639c550f4cdeeb0e01cb70780f30c0de42ef1d9a852",""
"neuromodulation","Neuromodulation","pages/neuromodulation.md","/v5ma.github.io/wiki/content/neuromodulation.md","10028","10028","9ead287fd60db70ddff74fa111f913bd696a0f752dc0d733f183c5d12cbccec5","9ead287fd60db70ddff74fa111f913bd696a0f752dc0d733f183c5d12cbccec5",""
"neuron-analogies-telegraph-clock-geiger","Neuron Analogies Telegraph Clock Geiger","pages/neuron-analogies-telegraph-clock-geiger.md","/v5ma.github.io/wiki/content/neuron-analogies-telegraph-clock-geiger.md","1492","1492","3a3795be6c9a7066a389d4ffab7752b6d8181f5e97e9ba4e43fcef79739f7671","3a3795be6c9a7066a389d4ffab7752b6d8181f5e97e9ba4e43fcef79739f7671",""
"neuron-analogies","Neuron Analogies","pages/neuron-analogies.md","/v5ma.github.io/wiki/content/neuron-analogies.md","1287","1287","9054a5f949bee18f440edaa23f3be2d57e107b39eae35d028c61ff8286d1b589","9054a5f949bee18f440edaa23f3be2d57e107b39eae35d028c61ff8286d1b589",""
"neuron-as-sensor-analogies","Neuron As Sensor Analogies","pages/neuron-as-sensor-analogies.md","/v5ma.github.io/wiki/content/neuron-as-sensor-analogies.md","1240","1240","11ed92012da23ac490bd51eed6c20b2abf1bb70fbfe815efa993d7338442ad9a","11ed92012da23ac490bd51eed6c20b2abf1bb70fbfe815efa993d7338442ad9a",""
"neuron-computational-analogies","Neuron Computational Analogies","pages/neuron-computational-analogies.md","/v5ma.github.io/wiki/content/neuron-computational-analogies.md","1154","1154","54221df6874321b7d5f2d8343122507c67e78394c7808911dee0a0c36a032c3d","54221df6874321b7d5f2d8343122507c67e78394c7808911dee0a0c36a032c3d",""
"neuron-electrical-firing-threshold","Neuron Electrical Firing Threshold","pages/neuron-electrical-firing-threshold.md","/v5ma.github.io/wiki/content/neuron-electrical-firing-threshold.md","1659","1659","6648c5c563a61b27ffafef86f5b1bb661f3f8229a9c09fdcb4116db98da1bbd9","6648c5c563a61b27ffafef86f5b1bb661f3f8229a9c09fdcb4116db98da1bbd9",""
"neuron-rank-protein-synthesis","Neuron Rank Protein Synthesis","pages/neuron-rank-protein-synthesis.md","/v5ma.github.io/wiki/content/neuron-rank-protein-synthesis.md","2779","2779","fc8bea59ddfa78214f05c6dff0e6e48ee4d3437c86a7c64513d213d6d31879b5","fc8bea59ddfa78214f05c6dff0e6e48ee4d3437c86a7c64513d213d6d31879b5",""
"neuron-shape-information-storage","Neuron Shape Information Storage","pages/neuron-shape-information-storage.md","/v5ma.github.io/wiki/content/neuron-shape-information-storage.md","5022","4321","d31f21934bcf91e21473d94776164a3d472ce4323f2d807e3a0b586e6784f40c","c9d65985dc9f157d2c169f17cafda953753322b62f1072bd4e9ce402e71aeef4","routeBlocksRemoved:1"
"neuronal-global-resonation","Neuronal Global Resonation","pages/neuronal-global-resonation.md","/v5ma.github.io/wiki/content/neuronal-global-resonation.md","2652","2652","36388dcbd6d88b12d348897581859cf163353f4788b9afa8e0bb4c84d2f1747c","36388dcbd6d88b12d348897581859cf163353f4788b9afa8e0bb4c84d2f1747c",""
"neuronal-membrane","Neuronal Membrane","pages/neuronal-membrane.md","/v5ma.github.io/wiki/content/neuronal-membrane.md","12154","12154","cca2e932d58238e3a873d87c88a3b6614765b9647d2cde374a166d553f4f8f26","cca2e932d58238e3a873d87c88a3b6614765b9647d2cde374a166d553f4f8f26",""
"neuronal-minicolumns","Neuronal Minicolumns","pages/neuronal-minicolumns.md","/v5ma.github.io/wiki/content/neuronal-minicolumns.md","5619","5619","549ebb408f24ac3dc96972d24b34817d192e86aff8945008b9505118365f85f1","549ebb408f24ac3dc96972d24b34817d192e86aff8945008b9505118365f85f1",""
"neuronal-sequences-population-bursts","Neuronal Sequences Population Bursts","pages/neuronal-sequences-population-bursts.md","/v5ma.github.io/wiki/content/neuronal-sequences-population-bursts.md","2004","2004","11a2a0bdc84096ca41ca0d597029dc56203104e1db97d1d9ca0f1d578202541c","11a2a0bdc84096ca41ca0d597029dc56203104e1db97d1d9ca0f1d578202541c",""
"neurons-warp-spacetime","Neurons Warp Spacetime","pages/neurons-warp-spacetime.md","/v5ma.github.io/wiki/content/neurons-warp-spacetime.md","2530","2530","e8bb45bb1f6be397ec5ef6233f6ad8243124b24519c7bce50bd7f16832090530","e8bb45bb1f6be397ec5ef6233f6ad8243124b24519c7bce50bd7f16832090530",""
"neurophysics-definition","Neurophysics Definition","pages/neurophysics-definition.md","/v5ma.github.io/wiki/content/neurophysics-definition.md","1686","1686","9c6959a2a1f213bcba1436bf65af499c21423fefaa794a9efb6e87832a6d2275","9c6959a2a1f213bcba1436bf65af499c21423fefaa794a9efb6e87832a6d2275",""
"neurophysics-taxonomy","Neurophysics Taxonomy","pages/neurophysics-taxonomy.md","/v5ma.github.io/wiki/content/neurophysics-taxonomy.md","2165","2165","fdd5370e6d9ade348ab5515e6fa824b3d2eb5efb4bf2fd3f18f14797433fb695","fdd5370e6d9ade348ab5515e6fa824b3d2eb5efb4bf2fd3f18f14797433fb695",""
"neuroplasticity-self-regulation","Neuroplasticity Self Regulation","pages/neuroplasticity-self-regulation.md","/v5ma.github.io/wiki/content/neuroplasticity-self-regulation.md","4816","4816","f356717e3c4ef500cbe454140e456abe07f8144fdfce861f2f477ecf945f5ed5","f356717e3c4ef500cbe454140e456abe07f8144fdfce861f2f477ecf945f5ed5",""
"neuroplasticity","Neuroplasticity","pages/neuroplasticity.md","/v5ma.github.io/wiki/content/neuroplasticity.md","14266","14302","3b2c11d4fcc795369bd3860a3d5d55df1d3ff52e7921f069857463f8b04d4ccd","f4d220279565da150e875f7ba7c18c11b71f82da3a742b5fe7def3fc91bbdb1a","privateArchiveNamesGeneralized:2"
"neuropype","Neuropype","pages/neuropype.md","/v5ma.github.io/wiki/content/neuropype.md","10371","10371","31f9a9b09cc425bd65233455edde83a63a9dc1252202ab5d0274cc3ba4f78244","31f9a9b09cc425bd65233455edde83a63a9dc1252202ab5d0274cc3ba4f78244",""
"neuroscience-moral-responsibility","Neuroscience Moral Responsibility","pages/neuroscience-moral-responsibility.md","/v5ma.github.io/wiki/content/neuroscience-moral-responsibility.md","2069","2069","af47fa2009aae016b88174f1463a338ad4fc9a5436d97af59e601d77c19b30c4","af47fa2009aae016b88174f1463a338ad4fc9a5436d97af59e601d77c19b30c4",""
"neuroscience-of-volition","Neuroscience Of Volition","pages/neuroscience-of-volition.md","/v5ma.github.io/wiki/content/neuroscience-of-volition.md","2079","2079","511b0f72b8ba8a4b7ae80548a09d54155e5bdbf1db8b143e4d6daf444df662d3","511b0f72b8ba8a4b7ae80548a09d54155e5bdbf1db8b143e4d6daf444df662d3",""
"neuroscience","Neuroscience","pages/neuroscience.md","/v5ma.github.io/wiki/content/neuroscience.md","12300","12300","4909f5ef32525a3279af448f92ff86010ce30cec0ac5fff713d46fabe38581a7","4909f5ef32525a3279af448f92ff86010ce30cec0ac5fff713d46fabe38581a7",""
"neurotechnology","Neurotechnology","pages/neurotechnology.md","/v5ma.github.io/wiki/content/neurotechnology.md","10208","10208","100aa6cf84b5338f74473511f81f5150e1543105cef70b4ffbe2a33658bd5cb9","100aa6cf84b5338f74473511f81f5150e1543105cef70b4ffbe2a33658bd5cb9",""
"neurotransmitter-timing-hypothesis","Neurotransmitter Timing Hypothesis","pages/neurotransmitter-timing-hypothesis.md","/v5ma.github.io/wiki/content/neurotransmitter-timing-hypothesis.md","9544","9544","1701e6af78e9963d53e7a0a081baf6cdc5bf12c73f5c29e27e94f9ffcb1e5994","1701e6af78e9963d53e7a0a081baf6cdc5bf12c73f5c29e27e94f9ffcb1e5994",""
"neurotransmitter","Neurotransmitter","pages/neurotransmitter.md","/v5ma.github.io/wiki/content/neurotransmitter.md","10368","10368","4ed3e8f041cf9767f7d3c02c01104666b798c84c1114eeaa0d6fc113d95d0265","4ed3e8f041cf9767f7d3c02c01104666b798c84c1114eeaa0d6fc113d95d0265",""
"neurotransmitters","Neurotransmitters","pages/neurotransmitters.md","/v5ma.github.io/wiki/content/neurotransmitters.md","9651","9021","0d0a504668d54a60d1ba2586126dfe59b0d3520b9db9991119886e6fa2705384","2e690eccc2e23baef21c654019fa5c9c67654dde7a42eb0ac634e688e8559254","routeBlocksRemoved:1"
"new-law-of-thermal-dynamics","New Law Of Thermal Dynamics","pages/new-law-of-thermal-dynamics.md","/v5ma.github.io/wiki/content/new-law-of-thermal-dynamics.md","2042","2042","8bfe9ccee1c3027389243a941de569454c09fe45e34833553f70e450d41655e0","8bfe9ccee1c3027389243a941de569454c09fe45e34833553f70e450d41655e0",""
"new-law-of-thermodynamics","New Law Of Thermodynamics","pages/new-law-of-thermodynamics.md","/v5ma.github.io/wiki/content/new-law-of-thermodynamics.md","3628","3628","16444d10be2beff4eb3adfbf0caeba4b702a575f14e48ccdfc4898db99e9ae14","16444d10be2beff4eb3adfbf0caeba4b702a575f14e48ccdfc4898db99e9ae14",""
"new-law-thermal-dynamics","New Law Thermal Dynamics","pages/new-law-thermal-dynamics.md","/v5ma.github.io/wiki/content/new-law-thermal-dynamics.md","3405","3405","d75b5f05e9bb9d07d90d5c028752213188bae2a02e9aada61c25a08f8554b9fa","d75b5f05e9bb9d07d90d5c028752213188bae2a02e9aada61c25a08f8554b9fa",""
"nmda-receptor","NMDA Receptor","pages/nmda-receptor.md","/v5ma.github.io/wiki/content/nmda-receptor.md","758","758","a6cb13f10e05d6ab9e39d549211e7bdda3c15643c72965ffff3ee664658de2cb","a6cb13f10e05d6ab9e39d549211e7bdda3c15643c72965ffff3ee664658de2cb",""
"nmda-receptors","NMDA Receptors","pages/nmda-receptors.md","/v5ma.github.io/wiki/content/nmda-receptors.md","8651","8651","5ecd964362698c10fa009aafaa8eca329e5afdb74276d1e6a51a2d52516cdd05","5ecd964362698c10fa009aafaa8eca329e5afdb74276d1e6a51a2d52516cdd05",""
"non-invasive-brain-stimulation","Non Invasive Brain Stimulation","pages/non-invasive-brain-stimulation.md","/v5ma.github.io/wiki/content/non-invasive-brain-stimulation.md","2936","2936","3a5ec649a8b700d8a20e5523ddc51c4fd4ae3daee6f4117a4e044e7b57b088c9","3a5ec649a8b700d8a20e5523ddc51c4fd4ae3daee6f4117a4e044e7b57b088c9",""
"non-linear-differential-continuous-field","Non-linear Differential Continuous Field","pages/non-linear-differential-continuous-field.md","/v5ma.github.io/wiki/content/non-linear-differential-continuous-field.md","2413","2413","23594bd46cb91abda84305a2f1cc93a934da8019d7f38c0667e14701bae7ea50","23594bd46cb91abda84305a2f1cc93a934da8019d7f38c0667e14701bae7ea50",""
"non-local-self","Non Local Self","pages/non-local-self.md","/v5ma.github.io/wiki/content/non-local-self.md","6077","6077","ad0ceff0d45da3601cbb773eb9e473e472cdbd6ddc1ce930d458c0b5c485dad2","ad0ceff0d45da3601cbb773eb9e473e472cdbd6ddc1ce930d458c0b5c485dad2",""
"non-neural-pattern-recognition-cells","Non-Neural Pattern-Recognition Cells","pages/non-neural-pattern-recognition-cells.md","/v5ma.github.io/wiki/content/non-neural-pattern-recognition-cells.md","2275","2275","219bdaa1bc1e7775fb86e554cb73b2d399818c2f390573703e241f7deb68353d","219bdaa1bc1e7775fb86e554cb73b2d399818c2f390573703e241f7deb68353d",""
"non-physical-information","Non Physical Information","pages/non-physical-information.md","/v5ma.github.io/wiki/content/non-physical-information.md","2332","2332","5970e4b55fae7f699405d9c4a72e87da243232a586c361169a031d1a2d969b76","5970e4b55fae7f699405d9c4a72e87da243232a586c361169a031d1a2d969b76",""
"nonlinear-differential-continuous-approximation","Nonlinear Differential Continuous Approximation","pages/nonlinear-differential-continuous-approximation.md","/v5ma.github.io/wiki/content/nonlinear-differential-continuous-approximation.md","8278","8278","ec722904ae8915a76440274a8ee9c2f9ac5842bf979148afc10b44985a4840e5","ec722904ae8915a76440274a8ee9c2f9ac5842bf979148afc10b44985a4840e5",""
"nonlinear-differential-continuous-approximations","Nonlinear Differential Continuous Approximations","pages/nonlinear-differential-continuous-approximations.md","/v5ma.github.io/wiki/content/nonlinear-differential-continuous-approximations.md","10073","10073","774caade1304d541b0a148385d462e73e61b825069fb1a90655cadffbc5df95c","774caade1304d541b0a148385d462e73e61b825069fb1a90655cadffbc5df95c",""
"nootropics","Nootropics","pages/nootropics.md","/v5ma.github.io/wiki/content/nootropics.md","10012","10012","c07a8dc5457103474b004c6d9bc3ab986c939d41471ea53cf509680a57409b04","c07a8dc5457103474b004c6d9bc3ab986c939d41471ea53cf509680a57409b04",""
"object-segmentation","Object Segmentation","pages/object-segmentation.md","/v5ma.github.io/wiki/content/object-segmentation.md","8709","8709","5a2325dd2d8a1e017f083c086458679a29cb62a92feb4ae46fcd6ad40acd12fc","5a2325dd2d8a1e017f083c086458679a29cb62a92feb4ae46fcd6ad40acd12fc",""
"observer-as-aggregate-expectation","Observer as Aggregate Expectation","pages/observer-as-aggregate-expectation.md","/v5ma.github.io/wiki/content/observer-as-aggregate-expectation.md","3422","3422","f548a03adc1f5e8cd7e3d5e2f3e8855336814d396b7521610c587c38aba18d83","f548a03adc1f5e8cd7e3d5e2f3e8855336814d396b7521610c587c38aba18d83",""
"observer-dependent-reality","Observer Dependent Reality","pages/observer-dependent-reality.md","/v5ma.github.io/wiki/content/observer-dependent-reality.md","8763","8763","41faf62189bd89ca3a35ae99b9a41365a286e061ef94394586283c4248fafbb7","41faf62189bd89ca3a35ae99b9a41365a286e061ef94394586283c4248fafbb7",""
"observer-effect","Observer Effect","pages/observer-effect.md","/v5ma.github.io/wiki/content/observer-effect.md","756","55","0e317f828adad753d822981da657835aa7cbdf4aed6879f30d7df671667b7d43","7c1792d6bf70ccd83a7ef8f328fb880e46760eb53a4119c18c4dd96c7843879e","routeBlocksRemoved:1"
"observer-mechanism","Observer Mechanism","pages/observer-mechanism.md","/v5ma.github.io/wiki/content/observer-mechanism.md","6580","6580","9e40de3014e580e37387846b1e64374bbe2f151d0d80ce6c1d5310d46499144b","9e40de3014e580e37387846b1e64374bbe2f151d0d80ce6c1d5310d46499144b",""
"observer-observed-entification","Observer-Observed Entification","pages/observer-observed-entification.md","/v5ma.github.io/wiki/content/observer-observed-entification.md","2733","2733","ebaf12ffbec2c2678545593fa6689529060b94d35e4f0bd29f2bcb59a4b27ec3","ebaf12ffbec2c2678545593fa6689529060b94d35e4f0bd29f2bcb59a4b27ec3",""
"observer-point","Observer Point","pages/observer-point.md","/v5ma.github.io/wiki/content/observer-point.md","7857","7857","d4cb2f003c4f89bf8c680b8d8929491958ba16be1ca22692ec07b549c677bf3e","d4cb2f003c4f89bf8c680b8d8929491958ba16be1ca22692ec07b549c677bf3e",""
"oca-glossary","OCA Glossary","pages/oca-glossary.md","/v5ma.github.io/wiki/content/oca-glossary.md","3818","3117","c16b741635587660cd63fb37ee20d1dd7d0e195e8d22b5197b6f1f19047b25cf","1f88272745be44dae35657ce2052c1735a58fc510263ae98e09509f061ad2ca9","routeBlocksRemoved:1"
"oca-overview","OCA Overview","pages/oca-overview.md","/v5ma.github.io/wiki/content/oca-overview.md","632","632","ac193118b8b2b853a756761c74fb4d7a437179f319adc5195486c6511989e6ea","ac193118b8b2b853a756761c74fb4d7a437179f319adc5195486c6511989e6ea",""
"oca","Oca","pages/oca.md","/v5ma.github.io/wiki/content/oca.md","4863","4863","0f86b620260ea8b0afe57d91621825c26a470692cc35ab08e5b35d9a9933cf44","0f86b620260ea8b0afe57d91621825c26a470692cc35ab08e5b35d9a9933cf44",""
"octane-render","Octane Render","pages/octane-render.md","/v5ma.github.io/wiki/content/octane-render.md","10137","10137","e7043474e5bf6948ed50acc981979ee9eb588fb2b28a6291bd370d404433c2f2","e7043474e5bf6948ed50acc981979ee9eb588fb2b28a6291bd370d404433c2f2",""
"oculus-go-standalone-vr","Oculus Go Standalone Vr","pages/oculus-go-standalone-vr.md","/v5ma.github.io/wiki/content/oculus-go-standalone-vr.md","1386","1386","4515d8a3e3a70a8e8ef5e44b7edce80f3c3bf5091299df6ccf7fffa22d7a0b9f","4515d8a3e3a70a8e8ef5e44b7edce80f3c3bf5091299df6ccf7fffa22d7a0b9f",""
"official-claim-set-non-provisional","Official Claim Set Non Provisional","pages/official-claim-set-non-provisional.md","/v5ma.github.io/wiki/content/official-claim-set-non-provisional.md","2945","2945","d202c9abf950070529c69a336dff8a36648b3df8492a7eced669201a914e12ca","d202c9abf950070529c69a336dff8a36648b3df8492a7eced669201a914e12ca",""
"olfactory-neural-pathway","Olfactory Neural Pathway","pages/olfactory-neural-pathway.md","/v5ma.github.io/wiki/content/olfactory-neural-pathway.md","4578","4578","b613329f445d4cb0b6eb1100f4f7ed992069547837d5c68619e79b18dc7141ff","b613329f445d4cb0b6eb1100f4f7ed992069547837d5c68619e79b18dc7141ff",""
"olfactory-pathway-uniqueness","Olfaction and the First-Order Thalamic Relay","pages/olfactory-pathway-uniqueness.md","/v5ma.github.io/wiki/content/olfactory-pathway-uniqueness.md","3539","3539","240b7f946735c8c484bd7e23683ca82f9a1e6c82a6d67b4b800e373084af0a54","240b7f946735c8c484bd7e23683ca82f9a1e6c82a6d67b4b800e373084af0a54",""
"olfactory-tripartite-circuit","Olfactory Branching and Recurrent Circuits","pages/olfactory-tripartite-circuit.md","/v5ma.github.io/wiki/content/olfactory-tripartite-circuit.md","3779","3779","e1c538a4868730c37254ec6445da158b9a869d3fe9345cac7c84ce0154349b26","e1c538a4868730c37254ec6445da158b9a869d3fe9345cac7c84ce0154349b26",""
"one-over-f-neural-scaling","One Over F Neural Scaling","pages/one-over-f-neural-scaling.md","/v5ma.github.io/wiki/content/one-over-f-neural-scaling.md","1808","1808","63b27fb4d716311256d88f933cb15d02de6ff65e4a05407dbf2098c09730be5e","63b27fb4d716311256d88f933cb15d02de6ff65e4a05407dbf2098c09730be5e",""
"openai-has-no-reason-to-exist","Openai Has No Reason To Exist","pages/openai-has-no-reason-to-exist.md","/v5ma.github.io/wiki/content/openai-has-no-reason-to-exist.md","2347","1696","0d898148bebf3b7e12ab75bcb37cca5a582d74a4f3ea03ef2d4da45e1dd54b1b","fcc1244f739fef58671936c71a9c071cecd69afbd8b8e0943b43a09cb80c5dde","routeBlocksRemoved:1"
"optoacoustic-entanglement","Optoacoustic Entanglement","pages/optoacoustic-entanglement.md","/v5ma.github.io/wiki/content/optoacoustic-entanglement.md","10338","10338","2fe504359e64409d37717d60d1f80c010992c06e37dcb8b4a9799095aea70545","2fe504359e64409d37717d60d1f80c010992c06e37dcb8b4a9799095aea70545",""
"optogenetics-write-access-source-family-map","Optogenetics and Neural Write-Access Source-Family Map","pages/optogenetics-write-access-source-family-map.md","/v5ma.github.io/wiki/content/optogenetics-write-access-source-family-map.md","1954","1954","ab9a429a763c62c64c3fa0a2e478cef20421a308f9fea0929eeb8add067919c1","ab9a429a763c62c64c3fa0a2e478cef20421a308f9fea0929eeb8add067919c1",""
"optogenetics","Optogenetics","pages/optogenetics.md","/v5ma.github.io/wiki/content/optogenetics.md","15377","14676","20b90b564fed077854b7521078f2a20b4be8c0de778c963d8a9a0675d7c13081","6023b766fe1b53a9d2e55e8249caeac3ceadb6c81b84516fc143a28d6470c5d3","routeBlocksRemoved:1"
"orbital-frontal-cortex","Orbital Frontal Cortex","pages/orbital-frontal-cortex.md","/v5ma.github.io/wiki/content/orbital-frontal-cortex.md","9201","9201","90eea671f9deaf514a012a91e6dea86774c4f66770ece8efe4ed52cce186cfe7","90eea671f9deaf514a012a91e6dea86774c4f66770ece8efe4ed52cce186cfe7",""
"orch-or-and-quantum-cognition","Orch OR and Quantum Cognition","pages/orch-or-and-quantum-cognition.md","/v5ma.github.io/wiki/content/orch-or-and-quantum-cognition.md","2687","2687","ca16e203ed0517f0628eabffb03ef3866fbcc79ca3580fda2129146fad180d10","ca16e203ed0517f0628eabffb03ef3866fbcc79ca3580fda2129146fad180d10",""
"orch-or-quantum-consciousness-debate","Orch OR Quantum-Consciousness Debate","pages/orch-or-quantum-consciousness-debate.md","/v5ma.github.io/wiki/content/orch-or-quantum-consciousness-debate.md","2547","2547","f833cde5a53665ac5b0ced167e5cf8d6b1a27ea3324ffa06aa89983186f09f27","f833cde5a53665ac5b0ced167e5cf8d6b1a27ea3324ffa06aa89983186f09f27",""
"orch-or","Orch OR","pages/orch-or.md","/v5ma.github.io/wiki/content/orch-or.md","5109","5109","033f3feba4ddd34f8d7b72c9059f4c41a50917bddd39e76354e7147e2f27c0e9","033f3feba4ddd34f8d7b72c9059f4c41a50917bddd39e76354e7147e2f27c0e9",""
"orchestrated-objective-reduction","Orchestrated Objective Reduction","pages/orchestrated-objective-reduction.md","/v5ma.github.io/wiki/content/orchestrated-objective-reduction.md","2397","2397","d1e901525223150baa097e1be0135941c225f7de74f7d611b7b975ebb801ad07","d1e901525223150baa097e1be0135941c225f7de74f7d611b7b975ebb801ad07",""
"oscillating-cell-environmental-encoding","Oscillating Cell Environmental Encoding","pages/oscillating-cell-environmental-encoding.md","/v5ma.github.io/wiki/content/oscillating-cell-environmental-encoding.md","2275","2275","29653550b175df5fcfd5df90401ca7f719c5457bb9fbe673600426197812635a","29653550b175df5fcfd5df90401ca7f719c5457bb9fbe673600426197812635a",""
"oscillating-functional-fractal-isomorphism","Oscillating Functional Fractal Isomorphism","pages/oscillating-functional-fractal-isomorphism.md","/v5ma.github.io/wiki/content/oscillating-functional-fractal-isomorphism.md","8529","8529","606b5b6a8028e99c53f78241320ad8eb616642ddbce8aa8e3dcfea1c7563cc9b","606b5b6a8028e99c53f78241320ad8eb616642ddbce8aa8e3dcfea1c7563cc9b",""
"oscillating-group-completion","Oscillating-Group Completion and Re-expression","pages/oscillating-group-completion.md","/v5ma.github.io/wiki/content/oscillating-group-completion.md","6781","6781","f2baf6785774f592cc4d70ed873728c17201ea5c39d9d4f748b19ef8d15537ff","f2baf6785774f592cc4d70ed873728c17201ea5c39d9d4f748b19ef8d15537ff",""
"oscillating-network-of-oscillators","Oscillating Network Of Oscillators","pages/oscillating-network-of-oscillators.md","/v5ma.github.io/wiki/content/oscillating-network-of-oscillators.md","2810","2810","110f79db4469113d223fec01bb187d29e1985078069fd890b2998801ee3a92b6","110f79db4469113d223fec01bb187d29e1985078069fd890b2998801ee3a92b6",""
"oscillating-spacetime-theory","Oscillating Spacetime Theory","pages/oscillating-spacetime-theory.md","/v5ma.github.io/wiki/content/oscillating-spacetime-theory.md","4781","4781","e597a1ca44d6f6ba3e31d9aeee0713fd5aa8e2779e017b08b077a8743f761453","e597a1ca44d6f6ba3e31d9aeee0713fd5aa8e2779e017b08b077a8743f761453",""
"oscillation-frequency-matching","Oscillation Frequency Matching","pages/oscillation-frequency-matching.md","/v5ma.github.io/wiki/content/oscillation-frequency-matching.md","4000","4000","f74ee9b8bd96dafcceef2dff61d5afe2b0a914a2671083b6b6258d640cbae8db","f74ee9b8bd96dafcceef2dff61d5afe2b0a914a2671083b6b6258d640cbae8db",""
"oscillation-memory-reinstatement","Oscillation and Memory Reinstatement","pages/oscillation-memory-reinstatement.md","/v5ma.github.io/wiki/content/oscillation-memory-reinstatement.md","12252","12252","7be64af30e9cbc62f972904fbc17cc7cac4dd1de30fd114cd1c2dd57ff115297","7be64af30e9cbc62f972904fbc17cc7cac4dd1de30fd114cd1c2dd57ff115297",""
"oscillation-photocopier","Oscillation Photocopier","pages/oscillation-photocopier.md","/v5ma.github.io/wiki/content/oscillation-photocopier.md","4971","4971","a248a7cd69c185bec6290b4e4f4105dd3ed2cc8b2bd0055381cb96d7583076e7","a248a7cd69c185bec6290b4e4f4105dd3ed2cc8b2bd0055381cb96d7583076e7",""
"oscillation-synchrony","Oscillation Synchrony","pages/oscillation-synchrony.md","/v5ma.github.io/wiki/content/oscillation-synchrony.md","8784","8784","60745347093d6127f201a2f4f8bb9338da696f1b7e54707a0d6f75b53fce804c","60745347093d6127f201a2f4f8bb9338da696f1b7e54707a0d6f75b53fce804c",""
"oscillator-clumping","Oscillator Clumping","pages/oscillator-clumping.md","/v5ma.github.io/wiki/content/oscillator-clumping.md","4227","4227","09d61c341509533467b525df4607480c81736bede88329213fc4ce54cc297d08","09d61c341509533467b525df4607480c81736bede88329213fc4ce54cc297d08",""
"oscillator-consciousness-threshold","Oscillator Consciousness Threshold","pages/oscillator-consciousness-threshold.md","/v5ma.github.io/wiki/content/oscillator-consciousness-threshold.md","3313","3313","e45a75ceb879205b5958e4de50e92c5fd2cdaff333125129caf79c19abf586d8","e45a75ceb879205b5958e4de50e92c5fd2cdaff333125129caf79c19abf586d8",""
"oscillator-environmental-encoding","Oscillator Environmental Encoding","pages/oscillator-environmental-encoding.md","/v5ma.github.io/wiki/content/oscillator-environmental-encoding.md","2156","2156","3b75904d48e8e364504396154c3c1825a2a14a145e9585e23991c4e544f8275e","3b75904d48e8e364504396154c3c1825a2a14a145e9585e23991c4e544f8275e",""
"oscillator-flows","Oscillator Flows","pages/oscillator-flows.md","/v5ma.github.io/wiki/content/oscillator-flows.md","6493","6493","c2c79db38ad2c59463c5c96f972e3781cc91fd91abda34296c4abea5535c0b97","c2c79db38ad2c59463c5c96f972e3781cc91fd91abda34296c4abea5535c0b97",""
"oscillator-gravity","Oscillator Gravity","pages/oscillator-gravity.md","/v5ma.github.io/wiki/content/oscillator-gravity.md","5930","5930","1d5bba88a09079ea7525054f677e87afbcdfef0cd56b997e3e6e5a9492bd4857","1d5bba88a09079ea7525054f677e87afbcdfef0cd56b997e3e6e5a9492bd4857",""
"oscillator-level-awareness","Oscillator-Level Responsiveness and Awareness Claims","pages/oscillator-level-awareness.md","/v5ma.github.io/wiki/content/oscillator-level-awareness.md","2458","2458","4d0dd1f1fe47896798879b546de316dc413239ea6e4cf2c4acd3455fc6a6398b","4d0dd1f1fe47896798879b546de316dc413239ea6e4cf2c4acd3455fc6a6398b",""
"oscillator-synchronization","Oscillator Synchronization","pages/oscillator-synchronization.md","/v5ma.github.io/wiki/content/oscillator-synchronization.md","4546","4546","0d8916dcb7546f322b430b781e245b860317fb2d5553e9e0117d1bb9ecdf7c08","0d8916dcb7546f322b430b781e245b860317fb2d5553e9e0117d1bb9ecdf7c08",""
"oscillator","Oscillator","pages/oscillator.md","/v5ma.github.io/wiki/content/oscillator.md","17965","17965","1c6075a11cf54f21a3a68da370c8354dbaa1192a341e2b38b63cc8b94e0a8f25","1c6075a11cf54f21a3a68da370c8354dbaa1192a341e2b38b63cc8b94e0a8f25",""
"oscillators","Oscillators","pages/oscillators.md","/v5ma.github.io/wiki/content/oscillators.md","16800","16800","d39f3cb55a3ce2dbda270b8522aecec4532b99e0cecd2fbbe39c7222f4deab5a","d39f3cb55a3ce2dbda270b8522aecec4532b99e0cecd2fbbe39c7222f4deab5a",""
"oscillatory-agency","Oscillatory Agency","pages/oscillatory-agency.md","/v5ma.github.io/wiki/content/oscillatory-agency.md","7607","7607","5ec0f14793cc909ead647156b083e4abc9ffcc1859191ddfbb17a2364a48ee12","5ec0f14793cc909ead647156b083e4abc9ffcc1859191ddfbb17a2364a48ee12",""
"oscillatory-binding-problem","Oscillatory Binding Problem","pages/oscillatory-binding-problem.md","/v5ma.github.io/wiki/content/oscillatory-binding-problem.md","2852","2852","a409dd71dba76bdc937f65ebcd6b3148d31de8829903137de5fdc74bd159d013","a409dd71dba76bdc937f65ebcd6b3148d31de8829903137de5fdc74bd159d013",""
"oscillatory-binding-via-synchrony","Oscillatory Binding Via Synchrony","pages/oscillatory-binding-via-synchrony.md","/v5ma.github.io/wiki/content/oscillatory-binding-via-synchrony.md","9515","9515","d35bba6af5d0a8c602d735e3bad8c579a56d3242ec8f21b34af75823b1b44e95","d35bba6af5d0a8c602d735e3bad8c579a56d3242ec8f21b34af75823b1b44e95",""
"oscillatory-binding","Oscillatory Binding","pages/oscillatory-binding.md","/v5ma.github.io/wiki/content/oscillatory-binding.md","15241","15241","3a2874f906c324183f32926e576a0d49718b0426f39b3422e6021c9f9c1e1270","3a2874f906c324183f32926e576a0d49718b0426f39b3422e6021c9f9c1e1270",""
"oscillatory-coherence-architecture","Oscillatory Coherence Architecture","pages/oscillatory-coherence-architecture.md","/v5ma.github.io/wiki/content/oscillatory-coherence-architecture.md","5466","5466","a05e3d4ca8015536300ed72d458a5d97e35a21b8fc2bee60b0a078e4cccd64e7","a05e3d4ca8015536300ed72d458a5d97e35a21b8fc2bee60b0a078e4cccd64e7",""
"oscillatory-computational-agency","Oscillatory Computational Agency","pages/oscillatory-computational-agency.md","/v5ma.github.io/wiki/content/oscillatory-computational-agency.md","2573","2573","83adf769dfbc1793d4efeaffbb54f3523a670a824f27993101d5e5f0f3ddd13b","83adf769dfbc1793d4efeaffbb54f3523a670a824f27993101d5e5f0f3ddd13b",""
"oscillatory-convergence-memory","Oscillatory Convergence Memory","pages/oscillatory-convergence-memory.md","/v5ma.github.io/wiki/content/oscillatory-convergence-memory.md","2371","2371","7b2e3adf9ca9080961966fd625d478e5bf785a3a57d10c3a8aca74c67588ebea","7b2e3adf9ca9080961966fd625d478e5bf785a3a57d10c3a8aca74c67588ebea",""
"oscillatory-coupling-multi-agent","Oscillatory Coupling Multi Agent","pages/oscillatory-coupling-multi-agent.md","/v5ma.github.io/wiki/content/oscillatory-coupling-multi-agent.md","6796","6796","c03440f912ac6d3505d18a8d3a8bb45e84ac5cdd0691f6a0836b3b034a124351","c03440f912ac6d3505d18a8d3a8bb45e84ac5cdd0691f6a0836b3b034a124351",""
"oscillatory-coupling","Oscillatory Coupling","pages/oscillatory-coupling.md","/v5ma.github.io/wiki/content/oscillatory-coupling.md","9032","9032","d7b244d288bc0c30328eb9330bb37e9fdff13070db3fdd89bf358eee1aa7ffb0","d7b244d288bc0c30328eb9330bb37e9fdff13070db3fdd89bf358eee1aa7ffb0",""
"oscillatory-dynamics","Oscillatory Dynamics","pages/oscillatory-dynamics.md","/v5ma.github.io/wiki/content/oscillatory-dynamics.md","10651","10651","c0752465eabd11d4f3f5becbb01c7def6f2aa53449f4228894bde23d44746285","c0752465eabd11d4f3f5becbb01c7def6f2aa53449f4228894bde23d44746285",""
"oscillatory-feedback-circuits","Oscillatory Feedback Circuits","pages/oscillatory-feedback-circuits.md","/v5ma.github.io/wiki/content/oscillatory-feedback-circuits.md","4518","4518","7f4bec2ca734b3359aae98e09c59c54d632e4fd96c3672857464c473bdbbb14b","7f4bec2ca734b3359aae98e09c59c54d632e4fd96c3672857464c473bdbbb14b",""
"oscillatory-frames","Oscillatory Frames","pages/oscillatory-frames.md","/v5ma.github.io/wiki/content/oscillatory-frames.md","8662","8662","502bc1386e0c48d89114c55a88f9acfa6069280241c732c715fde85edc7747f7","502bc1386e0c48d89114c55a88f9acfa6069280241c732c715fde85edc7747f7",""
"oscillatory-memory-invariance","Oscillatory Memory Invariance","pages/oscillatory-memory-invariance.md","/v5ma.github.io/wiki/content/oscillatory-memory-invariance.md","2452","2452","eedae9d8893376f479ffee2885f6894686ef1c40f94254f8fb796198a82f8cc2","eedae9d8893376f479ffee2885f6894686ef1c40f94254f8fb796198a82f8cc2",""
"oscillatory-neural-coding","Oscillatory Neural Coding","pages/oscillatory-neural-coding.md","/v5ma.github.io/wiki/content/oscillatory-neural-coding.md","6650","6650","10502e89cb8c03407d2266ee2d9a5f8487ccae9c8be2a27afa8ec18c69cae78b","10502e89cb8c03407d2266ee2d9a5f8487ccae9c8be2a27afa8ec18c69cae78b",""
"oscillatory-neural-coupling","Oscillatory Neural Coupling","pages/oscillatory-neural-coupling.md","/v5ma.github.io/wiki/content/oscillatory-neural-coupling.md","2797","2797","33f7eb095b32c1e4c31dcb098d1f72dd42b537a35a567b43bff59d1905752b46","33f7eb095b32c1e4c31dcb098d1f72dd42b537a35a567b43bff59d1905752b46",""
"oscillatory-pattern-scaling","Oscillatory Pattern Scaling","pages/oscillatory-pattern-scaling.md","/v5ma.github.io/wiki/content/oscillatory-pattern-scaling.md","4432","4432","5d231f925bc09cfac6d468c78fe8183805340719edaffe30ade40d0549023c72","5d231f925bc09cfac6d468c78fe8183805340719edaffe30ade40d0549023c72",""
"oscillatory-phase-coding","Oscillatory Phase Coding","pages/oscillatory-phase-coding.md","/v5ma.github.io/wiki/content/oscillatory-phase-coding.md","7031","7031","fdbc1b8231d0b6febc4bdbe81e152edd38d3926f7a22bbcad37b7e7d7d9fdb27","fdbc1b8231d0b6febc4bdbe81e152edd38d3926f7a22bbcad37b7e7d7d9fdb27",""
"oscillatory-phase-field","Oscillatory Phase Field","pages/oscillatory-phase-field.md","/v5ma.github.io/wiki/content/oscillatory-phase-field.md","5033","5033","f4847726c666f708816cfb4a26dfcb39321d22a57a5c1a014c16bd55021d4b61","f4847726c666f708816cfb4a26dfcb39321d22a57a5c1a014c16bd55021d4b61",""
"oscillatory-phase-patterns","Oscillatory Phase Patterns","pages/oscillatory-phase-patterns.md","/v5ma.github.io/wiki/content/oscillatory-phase-patterns.md","8642","8642","dfb0d4c5b62893275f3b5ec562e4202a7f9250aa7dd644d902ec49bdd0d87631","dfb0d4c5b62893275f3b5ec562e4202a7f9250aa7dd644d902ec49bdd0d87631",""
"oscillatory-phase-reset","Oscillatory Phase Reset","pages/oscillatory-phase-reset.md","/v5ma.github.io/wiki/content/oscillatory-phase-reset.md","8102","8102","f91207ae3e18a96b25a78b6af4f325f8ba1257c4b9393c12ea6d9d04a670438a","f91207ae3e18a96b25a78b6af4f325f8ba1257c4b9393c12ea6d9d04a670438a",""
"oscillatory-plasticity-group-potentiation-depression","Oscillatory Plasticity and Group Potentiation/Depression","pages/oscillatory-plasticity-group-potentiation-depression.md","/v5ma.github.io/wiki/content/oscillatory-plasticity-group-potentiation-depression.md","1956","1956","50d3864017f709fea1d33f987f9456d87f1890688f24d9d76f5d54bd6887f905","50d3864017f709fea1d33f987f9456d87f1890688f24d9d76f5d54bd6887f905",""
"oscillatory-ptsd-therapy","Oscillatory Ptsd Therapy","pages/oscillatory-ptsd-therapy.md","/v5ma.github.io/wiki/content/oscillatory-ptsd-therapy.md","2264","2264","3bb429f3c9a8dd354674bb508131326f2e1bdb786be143a40d262f0da5cd39a5","3bb429f3c9a8dd354674bb508131326f2e1bdb786be143a40d262f0da5cd39a5",""
"oscillatory-qualia-imprinting","Oscillatory Qualia Imprinting","pages/oscillatory-qualia-imprinting.md","/v5ma.github.io/wiki/content/oscillatory-qualia-imprinting.md","2699","2699","88f494879d4c1ad410195a6801b6407866e2943beee113083ff95670d1b8baa8","88f494879d4c1ad410195a6801b6407866e2943beee113083ff95670d1b8baa8",""
"oscillatory-synchronization","Oscillatory Synchronization","pages/oscillatory-synchronization.md","/v5ma.github.io/wiki/content/oscillatory-synchronization.md","14075","14075","59f8fbbba60ba0e6f0aa6e2eca120c3d4ab35bf04a2ecdf606b7ab98e2944401","59f8fbbba60ba0e6f0aa6e2eca120c3d4ab35bf04a2ecdf606b7ab98e2944401",""
"oscillatory-synchrony-multimodal-integration","Oscillatory Synchrony Multimodal Integration","pages/oscillatory-synchrony-multimodal-integration.md","/v5ma.github.io/wiki/content/oscillatory-synchrony-multimodal-integration.md","3049","3049","6cd91da06aaa59e654ea82ccf0a6570161fcf897d0a8f13c3f02a3fc80fe2784","6cd91da06aaa59e654ea82ccf0a6570161fcf897d0a8f13c3f02a3fc80fe2784",""
"oscillatory-synchrony","Oscillatory Synchrony","pages/oscillatory-synchrony.md","/v5ma.github.io/wiki/content/oscillatory-synchrony.md","14120","14120","3fd1075a5fa3b5eae6fdf24095aa91b37fa8adb385086e405e052d853dda3168","3fd1075a5fa3b5eae6fdf24095aa91b37fa8adb385086e405e052d853dda3168",""
"oscillatory-temporal-memory-window","Oscillatory Temporal Memory Window","pages/oscillatory-temporal-memory-window.md","/v5ma.github.io/wiki/content/oscillatory-temporal-memory-window.md","2878","2878","b7a8f67a6457c8274687a91bcc0ae7c572c2117aac65061a2c07be809144249b","b7a8f67a6457c8274687a91bcc0ae7c572c2117aac65061a2c07be809144249b",""
"oscillatory-tomography","Oscillatory Tomography","pages/oscillatory-tomography.md","/v5ma.github.io/wiki/content/oscillatory-tomography.md","14107","14107","e04e3ac0e031389cd0e07a19e78dc0e8841a96022ecb1c166e889eaf3defafc4","e04e3ac0e031389cd0e07a19e78dc0e8841a96022ecb1c166e889eaf3defafc4",""
"otoy-ai-rendering-xr","Otoy Ai Rendering Xr","pages/otoy-ai-rendering-xr.md","/v5ma.github.io/wiki/content/otoy-ai-rendering-xr.md","1579","1579","6155327b9b44067a9a8a5c13987b273f2beb905c5d520543f241680ca8757cc5","6155327b9b44067a9a8a5c13987b273f2beb905c5d520543f241680ca8757cc5",""
"otoy","Otoy","pages/otoy.md","/v5ma.github.io/wiki/content/otoy.md","9302","9302","1299014e85185536f2d89c5da88ee0ce49620a399f80a799b3141c0a43902b96","1299014e85185536f2d89c5da88ee0ce49620a399f80a799b3141c0a43902b96",""
"outside-in-brain-hypothesis","Outside In Brain Hypothesis","pages/outside-in-brain-hypothesis.md","/v5ma.github.io/wiki/content/outside-in-brain-hypothesis.md","2419","2419","a294bbd88ad8779688fd723b52bfc158695a203c8532fce3a6126469a9781135","a294bbd88ad8779688fd723b52bfc158695a203c8532fce3a6126469a9781135",""
"pain-driven-neurotech-adoption","Pain Driven Neurotech Adoption","pages/pain-driven-neurotech-adoption.md","/v5ma.github.io/wiki/content/pain-driven-neurotech-adoption.md","9644","9644","c14f57e7c588fa72c4d30a52bb20a502fc27e0e3c2f7f44f90e2d97442636e46","c14f57e7c588fa72c4d30a52bb20a502fc27e0e3c2f7f44f90e2d97442636e46",""
"panpsychism-critique","Panpsychism Critique","pages/panpsychism-critique.md","/v5ma.github.io/wiki/content/panpsychism-critique.md","6785","6785","e34f065e0de192e773be0fbcb566e8a66fc8fe8c22beb9e45623b0cdfd19eeb2","e34f065e0de192e773be0fbcb566e8a66fc8fe8c22beb9e45623b0cdfd19eeb2",""
"particle-gravity-time-density","Particle Gravity Time Density","pages/particle-gravity-time-density.md","/v5ma.github.io/wiki/content/particle-gravity-time-density.md","3602","3602","c2e4cc63b5a4ba885ca86bcafc736c599a3492a0881d2071843cee8f8d8348b6","c2e4cc63b5a4ba885ca86bcafc736c599a3492a0881d2071843cee8f8d8348b6",""
"particle-interaction-time-density","Particle Interaction Time Density","pages/particle-interaction-time-density.md","/v5ma.github.io/wiki/content/particle-interaction-time-density.md","3189","3189","2a7b80f579b1c02faedb17a94b42727417d20a83f627b01893ea8ea4c1055965","2a7b80f579b1c02faedb17a94b42727417d20a83f627b01893ea8ea4c1055965",""
"passive-observer-fallacy","Passive Observer Fallacy","pages/passive-observer-fallacy.md","/v5ma.github.io/wiki/content/passive-observer-fallacy.md","7923","7923","c6ed26cc1064c07f42acc7e30152f231e865905e3c90206f41b5065bf8de4cc2","c6ed26cc1064c07f42acc7e30152f231e865905e3c90206f41b5065bf8de4cc2",""
"path-integral-formulation","Path Integral Formulation","pages/path-integral-formulation.md","/v5ma.github.io/wiki/content/path-integral-formulation.md","766","65","f49228d141a392c866a4b92de701092271e1ed63852a86980cc8cb2c3954725d","25d896fac41934b2035059ec83226d7c8bef630c60d4e403813a76d0c5adb739","routeBlocksRemoved:1"
"path-integral-neural-connectivity","Path Integral Neural Connectivity","pages/path-integral-neural-connectivity.md","/v5ma.github.io/wiki/content/path-integral-neural-connectivity.md","3547","3547","e2a8610f095d421900c1c933e3035c01203d12ff459dd78b707f883884db5205","e2a8610f095d421900c1c933e3035c01203d12ff459dd78b707f883884db5205",""
"pattern-competition-consciousness","Pattern Competition Consciousness","pages/pattern-competition-consciousness.md","/v5ma.github.io/wiki/content/pattern-competition-consciousness.md","3177","3177","c9af602e98d1a0e3fd1f6281696baccd90f5ac516dcfb4f52ee3a0599e460880","c9af602e98d1a0e3fd1f6281696baccd90f5ac516dcfb4f52ee3a0599e460880",""
"pattern-completion","Pattern Completion","pages/pattern-completion.md","/v5ma.github.io/wiki/content/pattern-completion.md","10872","10872","245f69266e29e59818fd3952b681b6646649602ec479892c47a9e408774b2fea","245f69266e29e59818fd3952b681b6646649602ec479892c47a9e408774b2fea",""
"pattern-neurons","Pattern Neurons","pages/pattern-neurons.md","/v5ma.github.io/wiki/content/pattern-neurons.md","3176","3176","c15dc158c750b1dabe319fa5922ff796e3c62675c3f7957cce0f3182057f20b9","c15dc158c750b1dabe319fa5922ff796e3c62675c3f7957cce0f3182057f20b9",""
"pattern-propagation-cascade","Pattern Propagation Cascade","pages/pattern-propagation-cascade.md","/v5ma.github.io/wiki/content/pattern-propagation-cascade.md","4541","4541","614c55337b49d85b77b3cf8996e8f4ce263ad8edcbd1ede78c0642da3ae9d749","614c55337b49d85b77b3cf8996e8f4ce263ad8edcbd1ede78c0642da3ae9d749",""
"pattern-propagation-neural-layers","Pattern Propagation Neural Layers","pages/pattern-propagation-neural-layers.md","/v5ma.github.io/wiki/content/pattern-propagation-neural-layers.md","2237","2237","21b1ed293bc7d918d697071e1936df7add13e51c733dfbf690ee879ae1c28e0a","21b1ed293bc7d918d697071e1936df7add13e51c733dfbf690ee879ae1c28e0a",""
"patterns-flow-across-brain-regions","Patterns Flow Across Brain Regions","pages/patterns-flow-across-brain-regions.md","/v5ma.github.io/wiki/content/patterns-flow-across-brain-regions.md","10369","10369","8019faf3d7ddb8e17ecac6e70d75c30017a37caa89e1a8b01a480cb1d70144fe","8019faf3d7ddb8e17ecac6e70d75c30017a37caa89e1a8b01a480cb1d70144fe",""
"paul-king","Paul King","pages/paul-king.md","/v5ma.github.io/wiki/content/paul-king.md","9834","9834","5c4007a1237fa97da9a69e37d72998b379e03d7c0d69444fefd9bf6286f1490b","5c4007a1237fa97da9a69e37d72998b379e03d7c0d69444fefd9bf6286f1490b",""
"pendetta-legal-strategy","Pendetta Legal Strategy","pages/pendetta-legal-strategy.md","/v5ma.github.io/wiki/content/pendetta-legal-strategy.md","2504","2504","eb54a626644c649f3eed11fa3cd1da3481fa8fd4bbe655ee5def52669bdb166a","eb54a626644c649f3eed11fa3cd1da3481fa8fd4bbe655ee5def52669bdb166a",""
"penrose-hameroff","Penrose and Hameroff","pages/penrose-hameroff.md","/v5ma.github.io/wiki/content/penrose-hameroff.md","2384","2384","a754dd5fa18b18bed1299acaa3e529e6b7c5cc77cb93933aadfd70b607209949","a754dd5fa18b18bed1299acaa3e529e6b7c5cc77cb93933aadfd70b607209949",""
"perceptron-deep-learning-metatron","From the Perceptron to Deep Learning to the Metatron","pages/perceptron-deep-learning-metatron.md","/v5ma.github.io/wiki/content/perceptron-deep-learning-metatron.md","10350","10350","e5d0242bc4020e360437e7e201a3c27ec8ab0355d8ec62bf09d97918c0325c65","e5d0242bc4020e360437e7e201a3c27ec8ab0355d8ec62bf09d97918c0325c65",""
"perceptual-screen-neural-rendering","Perceptual Screen and Neural Rendering","pages/perceptual-screen-neural-rendering.md","/v5ma.github.io/wiki/content/perceptual-screen-neural-rendering.md","13647","13647","b24eae4870ec7184f72d9675c9197a3bc50a4b7480bde4afec10c9f470cc5036","b24eae4870ec7184f72d9675c9197a3bc50a4b7480bde4afec10c9f470cc5036",""
"perceptual-screen","Perceptual Screen","pages/perceptual-screen.md","/v5ma.github.io/wiki/content/perceptual-screen.md","2227","2227","dee4930dbad8be9e78335e91f3ba44f64f979ac9aee9fef160d920cbb31bae81","dee4930dbad8be9e78335e91f3ba44f64f979ac9aee9fef160d920cbb31bae81",""
"periodic-physics","Periodic Physics","pages/periodic-physics.md","/v5ma.github.io/wiki/content/periodic-physics.md","2762","2762","283f3f1aa141353841e1cf640f37509815e0c240a6d1d8c6497e5f31a563c94b","283f3f1aa141353841e1cf640f37509815e0c240a6d1d8c6497e5f31a563c94b",""
"personality-as-modal-strategy","Personality As Modal Strategy","pages/personality-as-modal-strategy.md","/v5ma.github.io/wiki/content/personality-as-modal-strategy.md","1869","1869","5a1a3536c75dba56cc873f2e4d0d5bce046cc9372460304a10f4d38e5067aec7","5a1a3536c75dba56cc873f2e4d0d5bce046cc9372460304a10f4d38e5067aec7",""
"perspective-conditioned-rendering-external-cortex-loop","Perspective-Conditioned Rendering and the External-Cortex Loop","pages/perspective-conditioned-rendering-external-cortex-loop.md","/v5ma.github.io/wiki/content/perspective-conditioned-rendering-external-cortex-loop.md","6972","6972","8489ceaac2166f78e9634a74c3ea341e34f0be341ab636903db32a1faf753651","8489ceaac2166f78e9634a74c3ea341e34f0be341ab636903db32a1faf753651",""
"phase-attractor","Phase Attractor","pages/phase-attractor.md","/v5ma.github.io/wiki/content/phase-attractor.md","756","55","46f87e8402c0604ac1ab0a2fdd0613fdc81260aa8ea231ad775a8dc37bdc3360","df0738814d292926fbb14c2fda6493fc34e53d5e706d310d75f6ffad55c06b52","routeBlocksRemoved:1"
"phase-change","Phase Change","pages/phase-change.md","/v5ma.github.io/wiki/content/phase-change.md","9365","9365","2099195d4bb797dfe7f5072673cb7773436bb4e78a63acbca903c298bcbe9b68","2099195d4bb797dfe7f5072673cb7773436bb4e78a63acbca903c298bcbe9b68",""
"phase-coincidence-detection","Phase Coincidence Detection","pages/phase-coincidence-detection.md","/v5ma.github.io/wiki/content/phase-coincidence-detection.md","9458","9458","c6297fd69895f11f25cd561fa521ce9350bb77bc28f563b52a5f4767d456256b","c6297fd69895f11f25cd561fa521ce9350bb77bc28f563b52a5f4767d456256b",""
"phase-differential-rendering","Phase-Differential Rendering","pages/phase-differential-rendering.md","/v5ma.github.io/wiki/content/phase-differential-rendering.md","6656","6656","200358bcad6f1a5110b3cf5973f5aeae8ceead49719eb4afc4d3c35115f9e485","200358bcad6f1a5110b3cf5973f5aeae8ceead49719eb4afc4d3c35115f9e485",""
"phase-field-brain","Phase Field Brain","pages/phase-field-brain.md","/v5ma.github.io/wiki/content/phase-field-brain.md","11610","11610","59ada686e544319c97e11b9ceb80d0bb6c67a2c4246c6c8fc0dd09615fe03e85","59ada686e544319c97e11b9ceb80d0bb6c67a2c4246c6c8fc0dd09615fe03e85",""
"phase-field","Phase Field","pages/phase-field.md","/v5ma.github.io/wiki/content/phase-field.md","16135","16135","bdb724d0096dba335e9e5d769bbdb005cccd4091f85ce679ababf70d5f030fee","bdb724d0096dba335e9e5d769bbdb005cccd4091f85ce679ababf70d5f030fee",""
"phase-language-firewall","Phase Language Firewall","pages/phase-language-firewall.md","/v5ma.github.io/wiki/content/phase-language-firewall.md","10012","10012","8ebd02ad23f00cae341025dd411b971c6dd7d148c84bb310480601dd9b9a669c","8ebd02ad23f00cae341025dd411b971c6dd7d148c84bb310480601dd9b9a669c",""
"phase-pattern","Phase Pattern","pages/phase-pattern.md","/v5ma.github.io/wiki/content/phase-pattern.md","13924","13924","d7aa6137e63e769b93058f61470c50f2a70772dba3b6a3e24e57d69823ec34a1","d7aa6137e63e769b93058f61470c50f2a70772dba3b6a3e24e57d69823ec34a1",""
"phase-precession","Phase Precession","pages/phase-precession.md","/v5ma.github.io/wiki/content/phase-precession.md","13351","13351","eda69f83d15b5fb631722cb504b292ab91906ffb6b3d6a25106255d03886a54f","eda69f83d15b5fb631722cb504b292ab91906ffb6b3d6a25106255d03886a54f",""
"phase-reset","Phase Reset","pages/phase-reset.md","/v5ma.github.io/wiki/content/phase-reset.md","10221","10221","9b9bce6e0533a6d282e1e38e9d6127184bb69881dcc56c8cb9bdc2c829d5be39","9b9bce6e0533a6d282e1e38e9d6127184bb69881dcc56c8cb9bdc2c829d5be39",""
"phase-signal","Phase Signal","pages/phase-signal.md","/v5ma.github.io/wiki/content/phase-signal.md","7658","7658","7351b1f053d670c38268203910f8982096a7a79b7ee84ecae12147e2789b2ff1","7351b1f053d670c38268203910f8982096a7a79b7ee84ecae12147e2789b2ff1",""
"phase-space-dynamics","Phase Space Dynamics","pages/phase-space-dynamics.md","/v5ma.github.io/wiki/content/phase-space-dynamics.md","14106","14106","5889420632a57b590dd879c0425be1419956dbb35765ca9a0d4ba786bb04c668","5889420632a57b590dd879c0425be1419956dbb35765ca9a0d4ba786bb04c668",""
"phase-space-encoding","Phase Space Encoding","pages/phase-space-encoding.md","/v5ma.github.io/wiki/content/phase-space-encoding.md","6832","6832","30d0101a6fbcdf87b7f68b469fc3635dae032173dd8ebb3575759dcaad964fce","30d0101a6fbcdf87b7f68b469fc3635dae032173dd8ebb3575759dcaad964fce",""
"phase-space","Phase Space","pages/phase-space.md","/v5ma.github.io/wiki/content/phase-space.md","12350","12350","55245cf3df8c8b832065d22eaa2ed0d465a7e8267bd7cdab594151fdcaf3e7ce","55245cf3df8c8b832065d22eaa2ed0d465a7e8267bd7cdab594151fdcaf3e7ce",""
"phase-temporal-spatial-patterns","Phase Temporal Spatial Patterns","pages/phase-temporal-spatial-patterns.md","/v5ma.github.io/wiki/content/phase-temporal-spatial-patterns.md","7484","7484","f5810ed6783d914ea04636649cf7d1ca3a881c9578b96f6a94a9433ecf440c27","f5810ed6783d914ea04636649cf7d1ca3a881c9578b96f6a94a9433ecf440c27",""
"phase-transformations","Phase Transformations","pages/phase-transformations.md","/v5ma.github.io/wiki/content/phase-transformations.md","10429","10429","9d0b3ef8ae4baf0ffdf3a25e5aa527741375274ba05b54408914cf4da0ee3f3e","9d0b3ef8ae4baf0ffdf3a25e5aa527741375274ba05b54408914cf4da0ee3f3e",""
"phase-wave-differential-calculus","Phase-Wave Differential Calculus","pages/phase-wave-differential-calculus.md","/v5ma.github.io/wiki/content/phase-wave-differential-calculus.md","7790","7790","b321e7777ea300fb448b45e12cd5854c3f6e2c94567e7302589773b75e8e5f7c","b321e7777ea300fb448b45e12cd5854c3f6e2c94567e7302589773b75e8e5f7c",""
"phase-wave-differential","Phase-Wave Differential","pages/phase-wave-differential.md","/v5ma.github.io/wiki/content/phase-wave-differential.md","1969","1969","b5a7739a54b14bea96ad5691641f9766dcc7d65a227387021952d3198a0c27cb","b5a7739a54b14bea96ad5691641f9766dcc7d65a227387021952d3198a0c27cb",""
"phase-wave-differentials","Phase-Wave Differentials","pages/phase-wave-differentials.md","/v5ma.github.io/wiki/content/phase-wave-differentials.md","6915","6915","ade04a7df67eca7ed30e50269e19ebcbb99b7a541581b3598c90caea52add6ba","ade04a7df67eca7ed30e50269e19ebcbb99b7a541581b3598c90caea52add6ba",""
"phase-wave-propagation","Phase Wave Propagation","pages/phase-wave-propagation.md","/v5ma.github.io/wiki/content/phase-wave-propagation.md","8964","8964","25fc48f19a3d334095d32ec6c257cb7dd0b23ab8c9bece8676a0186d8b7e002a","25fc48f19a3d334095d32ec6c257cb7dd0b23ab8c9bece8676a0186d8b7e002a",""
"phasic-burst-firing","Phasic Burst Firing","pages/phasic-burst-firing.md","/v5ma.github.io/wiki/content/phasic-burst-firing.md","13777","13777","30356c1f2b0b950f3d8b3d17a8525cf934ff1d482870e6b31f38c8a37490051b","30356c1f2b0b950f3d8b3d17a8525cf934ff1d482870e6b31f38c8a37490051b",""
"phasic-burst","Phasic Burst","pages/phasic-burst.md","/v5ma.github.io/wiki/content/phasic-burst.md","9415","9415","d7f434c7be40b2c0fd281093ee1244b15991a53ee6f9b1e75e89508fd809da85","d7f434c7be40b2c0fd281093ee1244b15991a53ee6f9b1e75e89508fd809da85",""
"phasic-bursts","Phasic Bursts","pages/phasic-bursts.md","/v5ma.github.io/wiki/content/phasic-bursts.md","15014","15014","f2455ea530c26e91ba6dfa0e977c96f817cfba8dd0aeece3495997258888e15b","f2455ea530c26e91ba6dfa0e977c96f817cfba8dd0aeece3495997258888e15b",""
"phasic-firing","Phasic Firing","pages/phasic-firing.md","/v5ma.github.io/wiki/content/phasic-firing.md","10060","10060","a290371e1d4472f54a856bdd490a76407948aa2ccac981f51f18cf855bf69c29","a290371e1d4472f54a856bdd490a76407948aa2ccac981f51f18cf855bf69c29",""
"phasic-signals","Phasic Signals","pages/phasic-signals.md","/v5ma.github.io/wiki/content/phasic-signals.md","10107","10107","9779fd7bfe8b8855356298b9e4aa7cb3da1e6b5ac4e14e80d8ee4a2fee8cad64","9779fd7bfe8b8855356298b9e4aa7cb3da1e6b5ac4e14e80d8ee4a2fee8cad64",""
"phasic-tonic-neural-oscillation","Phasic Tonic Neural Oscillation","pages/phasic-tonic-neural-oscillation.md","/v5ma.github.io/wiki/content/phasic-tonic-neural-oscillation.md","6387","6387","7eaf0a54fbd5de49ae916d0f56d15a51568352bb6491dd0bc4b11c4fc4e47468","7eaf0a54fbd5de49ae916d0f56d15a51568352bb6491dd0bc4b11c4fc4e47468",""
"phasic-tonic-relationship","Phasic-Tonic Relationship","pages/phasic-tonic-relationship.md","/v5ma.github.io/wiki/content/phasic-tonic-relationship.md","4654","4654","0f4980dfc038220b431568379fa74bea0f6eb1fea5ad29df193825bdefa346eb","0f4980dfc038220b431568379fa74bea0f6eb1fea5ad29df193825bdefa346eb",""
"phenomenological-consciousness","Phenomenological Consciousness","pages/phenomenological-consciousness.md","/v5ma.github.io/wiki/content/phenomenological-consciousness.md","20709","20008","a69063eec05518f38e74a222f67bcc6f3a0cd091e201826ce988f9f428b89eff","b7abb1d73fbb44cb1e59636322390d9644522e28de9beff4dab916b5e9f4d4aa","routeBlocksRemoved:1"
"phi-as-pattern-resolution","Phi As Pattern Resolution","pages/phi-as-pattern-resolution.md","/v5ma.github.io/wiki/content/phi-as-pattern-resolution.md","4011","4011","be9df5ed652020ced26b8dad599e8c86b37be4586c0c5c3420fba3eaff40e3a4","be9df5ed652020ced26b8dad599e8c86b37be4586c0c5c3420fba3eaff40e3a4",""
"phi-integrated-information","Phi Integrated Information","pages/phi-integrated-information.md","/v5ma.github.io/wiki/content/phi-integrated-information.md","8718","8718","801edccc119ea3526304d9dfaf19cc1d40ee71efef4848a46de7eb6a23a7a055","801edccc119ea3526304d9dfaf19cc1d40ee71efef4848a46de7eb6a23a7a055",""
"photonic-neurons-substrate-independence","Photonic Neurons Substrate Independence","pages/photonic-neurons-substrate-independence.md","/v5ma.github.io/wiki/content/photonic-neurons-substrate-independence.md","2237","2237","21a04be8866ec1ef63dc90f13359a1fd49c788d3887dc2b5c183a0f0fccee0f1","21a04be8866ec1ef63dc90f13359a1fd49c788d3887dc2b5c183a0f0fccee0f1",""
"place-cells","Place Cells","pages/place-cells.md","/v5ma.github.io/wiki/content/place-cells.md","12667","12667","3499514a2ad42b535e31dcde8264e12ccefde2a43de04e36d8201273097b71ba","3499514a2ad42b535e31dcde8264e12ccefde2a43de04e36d8201273097b71ba",""
"plagiarism-equivalent-legal-distinction","Plagiarism Equivalent Legal Distinction","pages/plagiarism-equivalent-legal-distinction.md","/v5ma.github.io/wiki/content/plagiarism-equivalent-legal-distinction.md","8049","8049","d0f33bf1b55ed9962072e54addbacf0b04cbb01ef243bfda4a98c8597ee3133d","d0f33bf1b55ed9962072e54addbacf0b04cbb01ef243bfda4a98c8597ee3133d",""
"planet-formation","Planet Formation","pages/planet-formation.md","/v5ma.github.io/wiki/content/planet-formation.md","7085","7085","2ba4d3c6ba19d26a3cf7098659e863819b3c3e9222083a73e767457af44afe2e","2ba4d3c6ba19d26a3cf7098659e863819b3c3e9222083a73e767457af44afe2e",""
"planetary-scale-networks","Planetary Scale Networks","pages/planetary-scale-networks.md","/v5ma.github.io/wiki/content/planetary-scale-networks.md","7748","7748","aac4ae061360a9cd58ec099a4a40d3ed138a8ea78e3a188f3345efe6e0c92527","aac4ae061360a9cd58ec099a4a40d3ed138a8ea78e3a188f3345efe6e0c92527",""
"plasticity-cluster-local-memory-update-substrate","Plasticity Cluster: Local Memory and Update Substrate","pages/plasticity-cluster-local-memory-update-substrate.md","/v5ma.github.io/wiki/content/plasticity-cluster-local-memory-update-substrate.md","7792","7792","b92ecfd3c6878c3101394b4e83bd752afad831cd27e2d15e88b95d91cb2fc2d2","b92ecfd3c6878c3101394b4e83bd752afad831cd27e2d15e88b95d91cb2fc2d2",""
"plasticity-stability-problem","Plasticity Stability Problem","pages/plasticity-stability-problem.md","/v5ma.github.io/wiki/content/plasticity-stability-problem.md","7328","7328","c5d3ddf8173445575a74817cae4caa2b0c89179de088c80542073ae54bc3e8de","c5d3ddf8173445575a74817cae4caa2b0c89179de088c80542073ae54bc3e8de",""
"point-cloud-neural-representation","Point Cloud Neural Representation","pages/point-cloud-neural-representation.md","/v5ma.github.io/wiki/content/point-cloud-neural-representation.md","7538","7538","4acbbcfe0ea314f3d6e3fddf190c3b11fc6eaed34a473bfbb3db8e9f6651d0b9","4acbbcfe0ea314f3d6e3fddf190c3b11fc6eaed34a473bfbb3db8e9f6651d0b9",""
"point-cloud","Point Cloud","pages/point-cloud.md","/v5ma.github.io/wiki/content/point-cloud.md","9501","9501","85a14146ee85796103e7cea39f1b9d8c12e3a29fe6ef804404326337e09b1f2c","85a14146ee85796103e7cea39f1b9d8c12e3a29fe6ef804404326337e09b1f2c",""
"polina-anikeeva","Polina Anikeeva","pages/polina-anikeeva.md","/v5ma.github.io/wiki/content/polina-anikeeva.md","1946","1946","e5d9f402fb6b041a3ae34e3bfb696afdca0bdde9156d95df1a7438181e9b8b5f","e5d9f402fb6b041a3ae34e3bfb696afdca0bdde9156d95df1a7438181e9b8b5f",""
"popular-mechanics-gravity-priority","Popular Mechanics Gravity Priority","pages/popular-mechanics-gravity-priority.md","/v5ma.github.io/wiki/content/popular-mechanics-gravity-priority.md","6894","6894","b6560f954b935c27940359370a4bc5e24b4c52133bb2888c6a8bc03efff852e6","b6560f954b935c27940359370a4bc5e24b4c52133bb2888c6a8bc03efff852e6",""
"potassium-channel-modulation","Potassium Channel Modulation","pages/potassium-channel-modulation.md","/v5ma.github.io/wiki/content/potassium-channel-modulation.md","10092","10092","6336f9f880779fee4d041de69fb4b0d1abae0e44a1bd9288f251502aeeeae569","6336f9f880779fee4d041de69fb4b0d1abae0e44a1bd9288f251502aeeeae569",""
"power-bands","Power Bands","pages/power-bands.md","/v5ma.github.io/wiki/content/power-bands.md","16653","16653","ec627d1bfe2463a5906b7fd3c5b64b83a84be3ee51751e908079162539a9eb81","ec627d1bfe2463a5906b7fd3c5b64b83a84be3ee51751e908079162539a9eb81",""
"power-of-two-permutation-logic","Power Of Two Permutation Logic","pages/power-of-two-permutation-logic.md","/v5ma.github.io/wiki/content/power-of-two-permutation-logic.md","3281","3281","fef3e29003d5fd56e8c8b8d58720d9692bbc23e204cd2dcfec896e75f2e2187e","fef3e29003d5fd56e8c8b8d58720d9692bbc23e204cd2dcfec896e75f2e2187e",""
"pragmatic-agency-consequence-sensitive-meaning","Pragmatic Agency and Consequence-Sensitive Meaning","pages/pragmatic-agency-consequence-sensitive-meaning.md","/v5ma.github.io/wiki/content/pragmatic-agency-consequence-sensitive-meaning.md","6260","6260","9e27d75553266fde417b4e1954f9e24ef9f56b0aff69aa1eee220cfd198648b1","9e27d75553266fde417b4e1954f9e24ef9f56b0aff69aa1eee220cfd198648b1",""
"predicting-agi-alignment-mechanical-vishnu-2011","Predicting AGI Alignment, the Mechanical Vishnu, and the Singularity (2011)","pages/predicting-agi-alignment-mechanical-vishnu-2011.md","/v5ma.github.io/wiki/content/predicting-agi-alignment-mechanical-vishnu-2011.md","11055","11055","f5d6f43ef753cf9983063cf84cb2f6af6f5bde3a4ae49bc2d07c577092930740","f5d6f43ef753cf9983063cf84cb2f6af6f5bde3a4ae49bc2d07c577092930740",""
"prediction-altitude","Prediction Altitude","pages/prediction-altitude.md","/v5ma.github.io/wiki/content/prediction-altitude.md","8731","8857","806078afba3ddb79af5a4ce1d84851d008ae923cec8091215006911a51baa1ea","207bfc0cce3147a894be573399f0c81ea04b1620a8ae5a92846d03bde64ad50d","privateArchiveNamesGeneralized:7"
"prediction-as-retrocausation","Prediction As Retrocausation","pages/prediction-as-retrocausation.md","/v5ma.github.io/wiki/content/prediction-as-retrocausation.md","3663","3663","f226a2c3c668d36f61b9b323cec650ae5afabc64ad804f6e8e8b4937f4338b2b","f226a2c3c668d36f61b9b323cec650ae5afabc64ad804f6e8e8b4937f4338b2b",""
"prediction-machine","Prediction Machine","pages/prediction-machine.md","/v5ma.github.io/wiki/content/prediction-machine.md","11291","11291","354030e3e9ff77de6e20317962df24d82eb2284def93847d4c9deb4bd5edb71f","354030e3e9ff77de6e20317962df24d82eb2284def93847d4c9deb4bd5edb71f",""
"prediction","Prediction","pages/prediction.md","/v5ma.github.io/wiki/content/prediction.md","16290","16290","b11f7f8be17ebd7d842a458a540868d70164fe399c632c56095fc0bd220987be","b11f7f8be17ebd7d842a458a540868d70164fe399c632c56095fc0bd220987be",""
"predictive-coding","Predictive Coding","pages/predictive-coding.md","/v5ma.github.io/wiki/content/predictive-coding.md","14539","14539","2faf87fa7dfda9e9f31f591695f8a1309667c2020a33579e1cf5dafb95d281f8","2faf87fa7dfda9e9f31f591695f8a1309667c2020a33579e1cf5dafb95d281f8",""
"predictive-motor-self-model","Predictive Motor Self Model","pages/predictive-motor-self-model.md","/v5ma.github.io/wiki/content/predictive-motor-self-model.md","2321","2321","a69b04454107a9941c17f99e95f1d63e4c3735cc123063bb6024ea7dd2cdf098","a69b04454107a9941c17f99e95f1d63e4c3735cc123063bb6024ea7dd2cdf098",""
"predictive-processing","Predictive Processing","pages/predictive-processing.md","/v5ma.github.io/wiki/content/predictive-processing.md","13814","13814","e4e82dc8c20b8202e307a502842ea7ab914b6ccebdd01d4b58f41029309a5c7f","e4e82dc8c20b8202e307a502842ea7ab914b6ccebdd01d4b58f41029309a5c7f",""
"prefrontal-cortex","Prefrontal Cortex","pages/prefrontal-cortex.md","/v5ma.github.io/wiki/content/prefrontal-cortex.md","17029","17029","33a9bc4469f791833f7baecff4633eb32edb39a4f39f83dfbd00be05ce5e93f8","33a9bc4469f791833f7baecff4633eb32edb39a4f39f83dfbd00be05ce5e93f8",""
"present-moment-salience","Present Moment Salience","pages/present-moment-salience.md","/v5ma.github.io/wiki/content/present-moment-salience.md","7395","7395","409cd0560b0b92f45b84258094d9986202cbf8e20baa457e65e30abd6d019016","409cd0560b0b92f45b84258094d9986202cbf8e20baa457e65e30abd6d019016",""
"proprioceptive-feedback","Proprioceptive Feedback","pages/proprioceptive-feedback.md","/v5ma.github.io/wiki/content/proprioceptive-feedback.md","6843","6843","3457fba65c5c3b853668782ae0bc2840802de8c237afa91a822b2fb3559150b8","3457fba65c5c3b853668782ae0bc2840802de8c237afa91a822b2fb3559150b8",""
"prospective-learning-reply","Prospective Learning Reply","pages/prospective-learning-reply.md","/v5ma.github.io/wiki/content/prospective-learning-reply.md","4290","4290","4da0004b64efbafd24b12880fe93e739a6da9c999b56151cf2bdb1c9c54f4894","4da0004b64efbafd24b12880fe93e739a6da9c999b56151cf2bdb1c9c54f4894",""
"prospective-learning","Prospective Learning","pages/prospective-learning.md","/v5ma.github.io/wiki/content/prospective-learning.md","6425","6425","de69b07c5b76627ae4aef3929cc75a36a330787c409c22a106fb7874ecaa6853","de69b07c5b76627ae4aef3929cc75a36a330787c409c22a106fb7874ecaa6853",""
"protein-oscillation-tomography","Protein Oscillation Tomography","pages/protein-oscillation-tomography.md","/v5ma.github.io/wiki/content/protein-oscillation-tomography.md","1545","1545","4bf33e90f341648f6b61bd0d0b2c0b187ef5ad6648582861913077bb1e5279e9","4bf33e90f341648f6b61bd0d0b2c0b187ef5ad6648582861913077bb1e5279e9",""
"protein-synthesis","Protein Synthesis","pages/protein-synthesis.md","/v5ma.github.io/wiki/content/protein-synthesis.md","14478","14478","6fd26f6050f5cdaa24704ca386a1ebe0f39b4849b9ce1b383e4cd842b6e97564","6fd26f6050f5cdaa24704ca386a1ebe0f39b4849b9ce1b383e4cd842b6e97564",""
"provisional-gset-patent","Provisional Gset Patent","pages/provisional-gset-patent.md","/v5ma.github.io/wiki/content/provisional-gset-patent.md","3549","3549","cd784d8652eef7e56c6127023c5adc28d230c2b497bd8401a52c2022770ae31e","cd784d8652eef7e56c6127023c5adc28d230c2b497bd8401a52c2022770ae31e",""
"provisional-patent-application-5","Provisional Patent Application 5 — AGE / MBN","pages/provisional-patent-application-5.md","/v5ma.github.io/wiki/content/provisional-patent-application-5.md","11849","11849","361ac27ebdb5164012a1ff66e91667c877a892e3727b373ffa4475d74672d93f","361ac27ebdb5164012a1ff66e91667c877a892e3727b373ffa4475d74672d93f",""
"pyramidal-cell","Pyramidal Cell","pages/pyramidal-cell.md","/v5ma.github.io/wiki/content/pyramidal-cell.md","3167","3167","27b5e43f30baa7df277ba9b685bf654dbdab44d751824e039ff2fdc2856e6351","27b5e43f30baa7df277ba9b685bf654dbdab44d751824e039ff2fdc2856e6351",""
"pyramidal-cells","Pyramidal Cells in SAN","pages/pyramidal-cells.md","/v5ma.github.io/wiki/content/pyramidal-cells.md","3826","3826","f5e2ac916504694ed3b78e88c409fee17c2c43e1b4bf97454830ad9afcc6159b","f5e2ac916504694ed3b78e88c409fee17c2c43e1b4bf97454830ad9afcc6159b",""
"qgcm-sit-comparison","QGCM–SIT Comparison","pages/qgcm-sit-comparison.md","/v5ma.github.io/wiki/content/qgcm-sit-comparison.md","13188","13188","269f49ee95ae11ce9abedc11c150840dc7e2853b5ff492934fb755c15c6ecda7","269f49ee95ae11ce9abedc11c150840dc7e2853b5ff492934fb755c15c6ecda7",""
"qgtcd-2015-crystal-time-dilation","Qgtcd 2015 Crystal Time Dilation","pages/qgtcd-2015-crystal-time-dilation.md","/v5ma.github.io/wiki/content/qgtcd-2015-crystal-time-dilation.md","1520","1520","9b8baae2031871058ed9b9a8108dc57073b64f866a5d319f0b890731c2293dc0","9b8baae2031871058ed9b9a8108dc57073b64f866a5d319f0b890731c2293dc0",""
"qgtcd-dark-time-theory","Qgtcd Dark Time Theory","pages/qgtcd-dark-time-theory.md","/v5ma.github.io/wiki/content/qgtcd-dark-time-theory.md","2588","2588","9d9d8ef3664e551ece780faa9f901b34f7db9ce17a54f50702b12ee7e9159ef3","9d9d8ef3664e551ece780faa9f901b34f7db9ce17a54f50702b12ee7e9159ef3",""
"qgtcd-inverted-expansion-model","Qgtcd Inverted Expansion Model","pages/qgtcd-inverted-expansion-model.md","/v5ma.github.io/wiki/content/qgtcd-inverted-expansion-model.md","2345","2345","91f45077659c2183bf1f2360250fb81c497f03a1435e7462bd09e09da886e0c3","91f45077659c2183bf1f2360250fb81c497f03a1435e7462bd09e09da886e0c3",""
"qgtcd-metric-tensor-extension","Qgtcd Metric Tensor Extension","pages/qgtcd-metric-tensor-extension.md","/v5ma.github.io/wiki/content/qgtcd-metric-tensor-extension.md","3587","3587","55188862ce96aea18bec5a726500f0667acc05d16a1d3d6c2149b1be9064df6f","55188862ce96aea18bec5a726500f0667acc05d16a1d3d6c2149b1be9064df6f",""
"qgtcd-oscillatory-magnification","Qgtcd Oscillatory Magnification","pages/qgtcd-oscillatory-magnification.md","/v5ma.github.io/wiki/content/qgtcd-oscillatory-magnification.md","1779","1779","6cb02ce0915962295a9320964753d92f855cb05340bf3743c4c7e5ec9e74f801","6cb02ce0915962295a9320964753d92f855cb05340bf3743c4c7e5ec9e74f801",""
"qgtcd-overview","QGTCD Overview","pages/qgtcd-overview.md","/v5ma.github.io/wiki/content/qgtcd-overview.md","1785","121","96c046a608dba20de2310d6a85b8ad7c2ca487850aec2104a9782a5e3a9ddb28","803c34c2ebe5733e619621fdcd00343fe8906b9fb5408314263f210a0c90a275","routeBlocksRemoved:1"
"qgtcd-unified-forces","Qgtcd Unified Forces","pages/qgtcd-unified-forces.md","/v5ma.github.io/wiki/content/qgtcd-unified-forces.md","2195","2195","3e8cf0110902638c3d459be16f36dcfa4633545967642d427bd4382763a7e5ca","3e8cf0110902638c3d459be16f36dcfa4633545967642d427bd4382763a7e5ca",""
"qgtcd-wave-interference-gravity","Qgtcd Wave Interference Gravity","pages/qgtcd-wave-interference-gravity.md","/v5ma.github.io/wiki/content/qgtcd-wave-interference-gravity.md","2117","2117","eb2826211cb827708ad350e232621b6ce05c24a528632baaaa62c125b6d709ae","eb2826211cb827708ad350e232621b6ce05c24a528632baaaa62c125b6d709ae",""
"qgtcd","Qgtcd","pages/qgtcd.md","/v5ma.github.io/wiki/content/qgtcd.md","2677","2677","07277a8a41a5ca249388486a7b6633f83cd63464f7c8a5dd55c77c438d2142e3","07277a8a41a5ca249388486a7b6633f83cd63464f7c8a5dd55c77c438d2142e3",""
"qualia","Qualia","pages/qualia.md","/v5ma.github.io/wiki/content/qualia.md","12764","12764","4084574f45017902aa85058bcb74e0e0a2e89ec8e040d2433a03e747ac809326","4084574f45017902aa85058bcb74e0e0a2e89ec8e040d2433a03e747ac809326",""
"quantum-cognition","Quantum Cognition","pages/quantum-cognition.md","/v5ma.github.io/wiki/content/quantum-cognition.md","8995","8995","09a7db927b1d3ac0104fb0f6660e769b7669228824634d8b4af9626b6810c539","09a7db927b1d3ac0104fb0f6660e769b7669228824634d8b4af9626b6810c539",""
"quantum-coherence-brain","Quantum Coherence in the Brain","pages/quantum-coherence-brain.md","/v5ma.github.io/wiki/content/quantum-coherence-brain.md","5223","5223","8e7a1b3499cf9bf4a89fa55e8abf7f4a6d1131fdfb318999c6075e0d3a039ad8","8e7a1b3499cf9bf4a89fa55e8abf7f4a6d1131fdfb318999c6075e0d3a039ad8",""
"quantum-decoherence-in-neurons","Quantum Decoherence in Neurons","pages/quantum-decoherence-in-neurons.md","/v5ma.github.io/wiki/content/quantum-decoherence-in-neurons.md","4198","4198","9a32dd36e250bdb773a053a81a4f8b6dbe1c140d009c1f2cd7b44f1fd4fa7ddc","9a32dd36e250bdb773a053a81a4f8b6dbe1c140d009c1f2cd7b44f1fd4fa7ddc",""
"quantum-effects-microtubules","Quantum Effects in Microtubules","pages/quantum-effects-microtubules.md","/v5ma.github.io/wiki/content/quantum-effects-microtubules.md","2415","2415","474e4637ba1494c8b626d3f2f06dbd3f6b8af482d0940f8b23a02f953a4a544f","474e4637ba1494c8b626d3f2f06dbd3f6b8af482d0940f8b23a02f953a4a544f",""
"quantum-entanglement-as-oscillation","Quantum Entanglement As Oscillation","pages/quantum-entanglement-as-oscillation.md","/v5ma.github.io/wiki/content/quantum-entanglement-as-oscillation.md","5248","5248","8b012fab167c006a5aa27635bef2930577b15322a27d88e28cb702ab40c24642","8b012fab167c006a5aa27635bef2930577b15322a27d88e28cb702ab40c24642",""
"quantum-entanglement","Quantum Entanglement","pages/quantum-entanglement.md","/v5ma.github.io/wiki/content/quantum-entanglement.md","10735","10735","5e3bfe86702b4cc41a4676caa9b37da898791c3c1613ebad5cb352c0322325cd","5e3bfe86702b4cc41a4676caa9b37da898791c3c1613ebad5cb352c0322325cd",""
"quantum-field-theory","Quantum Field Theory","pages/quantum-field-theory.md","/v5ma.github.io/wiki/content/quantum-field-theory.md","17268","17268","5f7acb0c04db35490d749ae3002e90735114607f3b41125a8c55edfdff8dbfa5","5f7acb0c04db35490d749ae3002e90735114607f3b41125a8c55edfdff8dbfa5",""
"quantum-gradient-time-crystal-dilation","Quantum Gradient Time Crystal Dilation","pages/quantum-gradient-time-crystal-dilation.md","/v5ma.github.io/wiki/content/quantum-gradient-time-crystal-dilation.md","5973","5973","395b830db1b0a7fe39ce374616932426bb1d80cf80721c11c3f8e50973af38b0","395b830db1b0a7fe39ce374616932426bb1d80cf80721c11c3f8e50973af38b0",""
"quantum-gradient-time-crystal-displacement","Quantum Gradient Time Crystal Displacement","pages/quantum-gradient-time-crystal-displacement.md","/v5ma.github.io/wiki/content/quantum-gradient-time-crystal-displacement.md","5272","5272","cf3e08a6865acb261424fcdbad7bffcc0c692699602270c9b574e7b3e5b8aafb","cf3e08a6865acb261424fcdbad7bffcc0c692699602270c9b574e7b3e5b8aafb",""
"quantum-microtubule-hypothesis","Quantum Microtubule Hypothesis","pages/quantum-microtubule-hypothesis.md","/v5ma.github.io/wiki/content/quantum-microtubule-hypothesis.md","7817","7817","548693ef4ee42aebbd5ab0f421286b4f18c30c4364c4d266207e59640028d886","548693ef4ee42aebbd5ab0f421286b4f18c30c4364c4d266207e59640028d886",""
"quantum-noise-in-cognition","Quantum Noise In Cognition","pages/quantum-noise-in-cognition.md","/v5ma.github.io/wiki/content/quantum-noise-in-cognition.md","2437","2437","c6f83f1556f86c0d4a7302bd543fcef6d488acbb332f14a62dcec823baaacc95","c6f83f1556f86c0d4a7302bd543fcef6d488acbb332f14a62dcec823baaacc95",""
"quantum-observer-effect-critique","Quantum Observer Effect Critique","pages/quantum-observer-effect-critique.md","/v5ma.github.io/wiki/content/quantum-observer-effect-critique.md","2099","2099","c96b6b4286b371a6942e82b95b12191447941ca58fd094c245427d2178f7b151","c96b6b4286b371a6942e82b95b12191447941ca58fd094c245427d2178f7b151",""
"quantum-retrocausality","Quantum Retrocausality","pages/quantum-retrocausality.md","/v5ma.github.io/wiki/content/quantum-retrocausality.md","4851","4851","a7a71dfb051b55c1f5184b166bfaf556532478cf5280694563d282a23754c8c0","a7a71dfb051b55c1f5184b166bfaf556532478cf5280694563d282a23754c8c0",""
"quantum-scale-events","Quantum Scale Events","pages/quantum-scale-events.md","/v5ma.github.io/wiki/content/quantum-scale-events.md","5407","5407","b8e4fad284288e6374a0390fa38b536e994dc1354de3952d31552beb3c215b0e","b8e4fad284288e6374a0390fa38b536e994dc1354de3952d31552beb3c215b0e",""
"quantum-scale-hypothesis","Quantum Scale Hypothesis","pages/quantum-scale-hypothesis.md","/v5ma.github.io/wiki/content/quantum-scale-hypothesis.md","4340","4340","a82b49cafe551ce44b28ce0bf91a6dd99a8cc52dc4cf896d8a13eb03c2dfbddb","a82b49cafe551ce44b28ce0bf91a6dd99a8cc52dc4cf896d8a13eb03c2dfbddb",""
"quantum-super-time-position","Quantum Super Time Position","pages/quantum-super-time-position.md","/v5ma.github.io/wiki/content/quantum-super-time-position.md","2949","2949","c8e40c04ec7ca22e9d8ce016476f7808ec721578732ca86bb8d1c2c230fe676a","c8e40c04ec7ca22e9d8ce016476f7808ec721578732ca86bb8d1c2c230fe676a",""
"quantum-supertimeposition","Quantum Supertimeposition","pages/quantum-supertimeposition.md","/v5ma.github.io/wiki/content/quantum-supertimeposition.md","3338","3338","d255b46ea1fd87c86802fe71d53f41085a0c8db500dbe7844d8333b61baa422e","d255b46ea1fd87c86802fe71d53f41085a0c8db500dbe7844d8333b61baa422e",""
"quantum-time-crystal","Quantum Time Crystal","pages/quantum-time-crystal.md","/v5ma.github.io/wiki/content/quantum-time-crystal.md","8571","8571","d4ed4375c9862cb610271ae382c281b82efc27d50b890165cebff2735140b783","d4ed4375c9862cb610271ae382c281b82efc27d50b890165cebff2735140b783",""
"rate-coding-critique","Rate Coding Critique","pages/rate-coding-critique.md","/v5ma.github.io/wiki/content/rate-coding-critique.md","5337","5337","c497edd7bd0a650ebf4ad1eaabd63122e7e8e8243ecd1c0efb08b0dd52a844a0","c497edd7bd0a650ebf4ad1eaabd63122e7e8e8243ecd1c0efb08b0dd52a844a0",""
"re-finster-cfs-sit-convergence","Re Finster — CFS / SIT Convergence","pages/re-finster-cfs-sit-convergence.md","/v5ma.github.io/wiki/content/re-finster-cfs-sit-convergence.md","15659","15659","8b74c8d961626046c3a42eaf63846aa67cf42eab8c165652f1e56232a735c7b6","8b74c8d961626046c3a42eaf63846aa67cf42eab8c165652f1e56232a735c7b6",""
"receptive-field","Receptive Field","pages/receptive-field.md","/v5ma.github.io/wiki/content/receptive-field.md","3472","3472","f88876c85490cfec5073a7979ca506d6ca192bd054f7c6838b99d7d1fb8d9498","f88876c85490cfec5073a7979ca506d6ca192bd054f7c6838b99d7d1fb8d9498",""
"receptive-inceptive-dendritic-projection","Receptive Fields, Inceptive Fields, and Dendritic Projection","pages/receptive-inceptive-dendritic-projection.md","/v5ma.github.io/wiki/content/receptive-inceptive-dendritic-projection.md","7890","7890","bbaf202711ae4db9f0422ca4954623f3c557fad90b2e6102b1f192b429c9c9f9","bbaf202711ae4db9f0422ca4954623f3c557fad90b2e6102b1f192b429c9c9f9",""
"receptor-inhibition-pattern","Receptor Inhibition Pattern","pages/receptor-inhibition-pattern.md","/v5ma.github.io/wiki/content/receptor-inhibition-pattern.md","1888","1888","0f08fd6caadebba06692d8ca1f1867015f88846aa34e7ad488759044861d94b7","0f08fd6caadebba06692d8ca1f1867015f88846aa34e7ad488759044861d94b7",""
"receptor-to-phase-sensory-quantification","Receptor-to-Phase Sensory Quantification","pages/receptor-to-phase-sensory-quantification.md","/v5ma.github.io/wiki/content/receptor-to-phase-sensory-quantification.md","3203","3203","09a805479245206177e47cb5972e62fbf514ee806f832673b005c236d2ba451e","09a805479245206177e47cb5972e62fbf514ee806f832673b005c236d2ba451e",""
"recorder-transcript-human-source-atom-map-t01","Recorder Transcript Human Source-Atom Map - T01","pages/recorder-transcript-human-source-atom-map-t01.md","/v5ma.github.io/wiki/content/recorder-transcript-human-source-atom-map-t01.md","22116","21933","93ddc92cc6f98edc29c11d2bd7fdc1a0154312c884af1c224db38d1b013076c5","9b67038929b4edc7b91fa1fe292c9a51413cd5fbcf4bb90612fec0d27c5d9a79","localPathsWithheld:2"
"recorder-transcript-human-source-atom-map-t02","Recorder Transcript Human Source-Atom Map - T02","pages/recorder-transcript-human-source-atom-map-t02.md","/v5ma.github.io/wiki/content/recorder-transcript-human-source-atom-map-t02.md","37275","37293","e28ba9429ea8e48d158a7c0633adfb9d13d7fc6a03c414ca94ce89e82e4ba71b","de5e5187d8500bc98d315ba55f827ae6243fad4a896e8fe742708e39589214cf","privateArchiveNamesGeneralized:1"
"recorder-transcript-human-source-atom-map-t03","Recorder Transcript Human Source-Atom Map - T03","pages/recorder-transcript-human-source-atom-map-t03.md","/v5ma.github.io/wiki/content/recorder-transcript-human-source-atom-map-t03.md","46479","46479","2c54befe378f0f4531b8032e7d7c5d9c62f2765199a26b2d21995f1127ecf429","2c54befe378f0f4531b8032e7d7c5d9c62f2765199a26b2d21995f1127ecf429",""
"recorder-transcript-human-source-atom-map-t04","Recorder Transcript Human Source-Atom Map - T04","pages/recorder-transcript-human-source-atom-map-t04.md","/v5ma.github.io/wiki/content/recorder-transcript-human-source-atom-map-t04.md","18507","18507","bb1dc807701937dfc99e3eab09aa3b5da60a8929150e3bc72dd63131782fd449","bb1dc807701937dfc99e3eab09aa3b5da60a8929150e3bc72dd63131782fd449",""
"recorder-transcript-human-source-atom-map-t05","Recorder Transcript Human Source-Atom Map - T05","pages/recorder-transcript-human-source-atom-map-t05.md","/v5ma.github.io/wiki/content/recorder-transcript-human-source-atom-map-t05.md","19360","19360","1a7df43adff1751c8a526a283fa2dee6c906bfc6adba654a69b3fa0fd2208500","1a7df43adff1751c8a526a283fa2dee6c906bfc6adba654a69b3fa0fd2208500",""
"recorder-transcript-human-source-atom-map-t06","Recorder Transcript Human Source-Atom Map - T06","pages/recorder-transcript-human-source-atom-map-t06.md","/v5ma.github.io/wiki/content/recorder-transcript-human-source-atom-map-t06.md","13860","13860","220b79d53ca4434ef65b34f392b98f6bb4a5236ad1d132cc0884150f6c446a48","220b79d53ca4434ef65b34f392b98f6bb4a5236ad1d132cc0884150f6c446a48",""
"recorder-transcript-human-source-atom-map-t07","Recorder Transcript Human Source-Atom Map - T07","pages/recorder-transcript-human-source-atom-map-t07.md","/v5ma.github.io/wiki/content/recorder-transcript-human-source-atom-map-t07.md","22046","22046","0106f095d6290aa926455d761473392bbb04c2dc1402856c9c50bb07c7463385","0106f095d6290aa926455d761473392bbb04c2dc1402856c9c50bb07c7463385",""
"recorder-transcript-human-source-atom-map-t08","Recorder Transcript Human Source-Atom Map - T08","pages/recorder-transcript-human-source-atom-map-t08.md","/v5ma.github.io/wiki/content/recorder-transcript-human-source-atom-map-t08.md","15007","15007","cd197a2e54d91f4b05e294ecd2ddc4864b499541720de694394cc773a9c5d999","cd197a2e54d91f4b05e294ecd2ddc4864b499541720de694394cc773a9c5d999",""
"recorder-transcript-human-source-atom-map-t09","Recorder Transcript Human Source-Atom Map - T09","pages/recorder-transcript-human-source-atom-map-t09.md","/v5ma.github.io/wiki/content/recorder-transcript-human-source-atom-map-t09.md","24376","24376","f6249aa116a5f704b223901e5f98246a53cf368aa661884e38d2648da5b842cb","f6249aa116a5f704b223901e5f98246a53cf368aa661884e38d2648da5b842cb",""
"recorder-transcript-human-source-atom-map-t10","Recorder Transcript Human Source-Atom Map - T10","pages/recorder-transcript-human-source-atom-map-t10.md","/v5ma.github.io/wiki/content/recorder-transcript-human-source-atom-map-t10.md","17855","17855","4a5d7d2d49cf94db1ffb9bdc119bf85f4f334a6df1388e49a47fa115bb615ba2","4a5d7d2d49cf94db1ffb9bdc119bf85f4f334a6df1388e49a47fa115bb615ba2",""
"recorder-transcript-human-source-atom-map-t11","Recorder Transcript Human Source-Atom Map - T11","pages/recorder-transcript-human-source-atom-map-t11.md","/v5ma.github.io/wiki/content/recorder-transcript-human-source-atom-map-t11.md","18491","18491","e457d46e81a87d937c7334d7b53ac34e03346ff92b081bc3a5972794ea9a2c79","e457d46e81a87d937c7334d7b53ac34e03346ff92b081bc3a5972794ea9a2c79",""
"recorder-transcript-human-source-atom-map-t12","Recorder Transcript Human Source-Atom Map - T12","pages/recorder-transcript-human-source-atom-map-t12.md","/v5ma.github.io/wiki/content/recorder-transcript-human-source-atom-map-t12.md","20681","20681","f4dfd3a7501028de7aa3dd11117652308dae02350cec478531a1d665b64bd85c","f4dfd3a7501028de7aa3dd11117652308dae02350cec478531a1d665b64bd85c",""
"recorder-transcript-human-source-atom-map-t13","Recorder Transcript Human Source-Atom Map - T13","pages/recorder-transcript-human-source-atom-map-t13.md","/v5ma.github.io/wiki/content/recorder-transcript-human-source-atom-map-t13.md","25171","25171","76c958fd1628625f9319aec8f691830aeefdfa52064b918873e0f9002126a273","76c958fd1628625f9319aec8f691830aeefdfa52064b918873e0f9002126a273",""
"recorder-transcript-human-source-atom-map-t14","Recorder Transcript Human Source-Atom Map - T14","pages/recorder-transcript-human-source-atom-map-t14.md","/v5ma.github.io/wiki/content/recorder-transcript-human-source-atom-map-t14.md","22957","22957","79134c3a2e38a1296a8a4db816a591d09f0da6e75be208328ef30009713e526d","79134c3a2e38a1296a8a4db816a591d09f0da6e75be208328ef30009713e526d",""
"recorder-transcript-human-source-atom-map-t15","Recorder Transcript Human Source-Atom Map - T15","pages/recorder-transcript-human-source-atom-map-t15.md","/v5ma.github.io/wiki/content/recorder-transcript-human-source-atom-map-t15.md","28310","28310","69a9aaeee73ad0c4e2e950bc2fa26044348700b9a69868f3eecc430aa049d75b","69a9aaeee73ad0c4e2e950bc2fa26044348700b9a69868f3eecc430aa049d75b",""
"recorder-transcript-human-source-atom-map-t16","Recorder Transcript Human Source-Atom Map - T16","pages/recorder-transcript-human-source-atom-map-t16.md","/v5ma.github.io/wiki/content/recorder-transcript-human-source-atom-map-t16.md","19392","19392","d3b36ef9a8f4c77257fa502ebc8947148d72604ab8c7a155ca9a8b7bfb75d410","d3b36ef9a8f4c77257fa502ebc8947148d72604ab8c7a155ca9a8b7bfb75d410",""
"recorder-transcript-human-source-atom-map-t17","Recorder Transcript Human Source-Atom Map - T17","pages/recorder-transcript-human-source-atom-map-t17.md","/v5ma.github.io/wiki/content/recorder-transcript-human-source-atom-map-t17.md","14505","14505","78636292a6aad384635c4480343d72be5d15d02fd654962dd55428affc8142fb","78636292a6aad384635c4480343d72be5d15d02fd654962dd55428affc8142fb",""
"recorder-transcript-late-additive-source-map-20260725","Recorder Transcript Late Additive Source Map - 2026-07-25","pages/recorder-transcript-late-additive-source-map-20260725.md","/v5ma.github.io/wiki/content/recorder-transcript-late-additive-source-map-20260725.md","7741","7741","9d2e9efab1ca46ed70f81d056317c57d8ed21058207882a84eacbc6d818f06e9","9d2e9efab1ca46ed70f81d056317c57d8ed21058207882a84eacbc6d818f06e9",""
"recurrent-self-reference","Recurrent Self Reference","pages/recurrent-self-reference.md","/v5ma.github.io/wiki/content/recurrent-self-reference.md","5546","5546","fa52a4669d53160f8fa69e967724e1e37f8768365df3ddc1d346053020e9e8b6","fa52a4669d53160f8fa69e967724e1e37f8768365df3ddc1d346053020e9e8b6",""
"recursive-neural-array-perception","Recursive Neural Array Perception","pages/recursive-neural-array-perception.md","/v5ma.github.io/wiki/content/recursive-neural-array-perception.md","2747","2747","16e294f03b9dc0f8290ffd04636706ab09286f80aa4b101f34a730d29552975f","16e294f03b9dc0f8290ffd04636706ab09286f80aa4b101f34a730d29552975f",""
"reductionism-vs-phenomenology","Reductionism Vs Phenomenology","pages/reductionism-vs-phenomenology.md","/v5ma.github.io/wiki/content/reductionism-vs-phenomenology.md","5362","5362","728d0be4a81d628e5952002db234e26476d1cfa3a4c28c5da49bbecaea1e3ad6","728d0be4a81d628e5952002db234e26476d1cfa3a4c28c5da49bbecaea1e3ad6",""
"reference-frame","Reference Frame","pages/reference-frame.md","/v5ma.github.io/wiki/content/reference-frame.md","2633","2633","cbf2f1b22595b4bcb4454b40ebb14e33ae2e34bd6b682ed945ec1c0f7a88d7c3","cbf2f1b22595b4bcb4454b40ebb14e33ae2e34bd6b682ed945ec1c0f7a88d7c3",""
"reference-frames-cortical-knowledge","Reference Frames and Cortical Knowledge","pages/reference-frames-cortical-knowledge.md","/v5ma.github.io/wiki/content/reference-frames-cortical-knowledge.md","14832","14832","45215fa9cf6c29f249d1b580608554b29814570e825e6a5c64478386bcb93bf0","45215fa9cf6c29f249d1b580608554b29814570e825e6a5c64478386bcb93bf0",""
"reference-frames","Reference Frames in an Embodied Nervous System","pages/reference-frames.md","/v5ma.github.io/wiki/content/reference-frames.md","4149","4149","c5b0cb680f8373b42291384a68c495d273746c5fadf1e744a5e76361311834d1","c5b0cb680f8373b42291384a68c495d273746c5fadf1e744a5e76361311834d1",""
"release-probability","Release Probability","pages/release-probability.md","/v5ma.github.io/wiki/content/release-probability.md","12576","12576","6733e8922d2e56806a4dc2cca279b9a355f332346e4a3154a55183fcc4e96aee","6733e8922d2e56806a4dc2cca279b9a355f332346e4a3154a55183fcc4e96aee",""
"response-able-bodies-of-causation","Response Able Bodies Of Causation","pages/response-able-bodies-of-causation.md","/v5ma.github.io/wiki/content/response-able-bodies-of-causation.md","1096","1096","1c5829879f24cc5c07f1d0bc1d7bd21faa0e1861b81e5fe0d551994c91213f83","1c5829879f24cc5c07f1d0bc1d7bd21faa0e1861b81e5fe0d551994c91213f83",""
"response-able-causation","Response Able Causation","pages/response-able-causation.md","/v5ma.github.io/wiki/content/response-able-causation.md","1921","1921","152750f2e85c9a0266a02dd272ec58c2033f6d5d85e9fdb0009f931ba267406a","152750f2e85c9a0266a02dd272ec58c2033f6d5d85e9fdb0009f931ba267406a",""
"retinal-oscillations","Retinal Oscillations","pages/retinal-oscillations.md","/v5ma.github.io/wiki/content/retinal-oscillations.md","6486","6486","3e3a76eca7e51acb243e3fb99e421390d4b964213cfa84b9e2db9200e5b3af0a","3e3a76eca7e51acb243e3fb99e421390d4b964213cfa84b9e2db9200e5b3af0a",""
"retrocausality-neural-complexity","Retrocausality Neural Complexity","pages/retrocausality-neural-complexity.md","/v5ma.github.io/wiki/content/retrocausality-neural-complexity.md","2061","2061","64887e367e9b6d9b7092d5b54a7de870efcd7eb21a91c96b1a1b443e76616c23","64887e367e9b6d9b7092d5b54a7de870efcd7eb21a91c96b1a1b443e76616c23",""
"rhythms-of-the-brain","Rhythms Of The Brain","pages/rhythms-of-the-brain.md","/v5ma.github.io/wiki/content/rhythms-of-the-brain.md","11085","11085","3f2003dc5a9a4eeac139eab5b56868a4ae67001ea7e97a1e978a89cf73788cb3","3f2003dc5a9a4eeac139eab5b56868a4ae67001ea7e97a1e978a89cf73788cb3",""
"rich-club-network-consciousness","Rich Club Network Consciousness","pages/rich-club-network-consciousness.md","/v5ma.github.io/wiki/content/rich-club-network-consciousness.md","2512","2512","a36904d593533cac9647e1c9141aa2e9c24356d2409f2f7aa29608dc4c2f9ab9","a36904d593533cac9647e1c9141aa2e9c24356d2409f2f7aa29608dc4c2f9ab9",""
"rich-club-network","Rich Club Network","pages/rich-club-network.md","/v5ma.github.io/wiki/content/rich-club-network.md","8961","8961","ca32a0e6b701459d97e99ad1db24dd809bc219b42bfca88a05e77ad401beb1b5","ca32a0e6b701459d97e99ad1db24dd809bc219b42bfca88a05e77ad401beb1b5",""
"rich-club-networks","Rich Club Networks","pages/rich-club-networks.md","/v5ma.github.io/wiki/content/rich-club-networks.md","10364","10364","e8188a4da7ad23d34dd70c8df0ce7e508d5f4d2ef45d92075e8f95380ea5a7f5","e8188a4da7ad23d34dd70c8df0ce7e508d5f4d2ef45d92075e8f95380ea5a7f5",""
"riemann-torus-topology","Riemann Torus Topology","pages/riemann-torus-topology.md","/v5ma.github.io/wiki/content/riemann-torus-topology.md","3706","3706","3dad054c9b6f054d6c84ee32665417ea1d968a8ae53db1eefe394f8d1da4e588","3dad054c9b6f054d6c84ee32665417ea1d968a8ae53db1eefe394f8d1da4e588",""
"san-2022-spoken-source-map","SAN 2022 Spoken Source Map","pages/san-2022-spoken-source-map.md","/v5ma.github.io/wiki/content/san-2022-spoken-source-map.md","8606","8606","911532a287f74f4ccfae6f55a46ba54b28182545ec491b8433cec4f89ccef209","911532a287f74f4ccfae6f55a46ba54b28182545ec491b8433cec4f89ccef209",""
"san-archive-ordering-and-research-intake-map","SAN Archive Ordering and Research Intake Map","pages/san-archive-ordering-and-research-intake-map.md","/v5ma.github.io/wiki/content/san-archive-ordering-and-research-intake-map.md","6843","6843","b729336d460eeabf8839955fde36c40965cf56539213c34b894858ab4ecdc504","b729336d460eeabf8839955fde36c40965cf56539213c34b894858ab4ecdc504",""
"san-authorship-provenance-and-ai-assistance","SAN Authorship, Provenance, and AI Assistance","pages/san-authorship-provenance-and-ai-assistance.md","/v5ma.github.io/wiki/content/san-authorship-provenance-and-ai-assistance.md","4066","4066","c4f3cbc6edcde8c25cb1f4c185e3695c4fbc5c6e73d9478682df249f74b8eb6a","c4f3cbc6edcde8c25cb1f4c185e3695c4fbc5c6e73d9478682df249f74b8eb6a",""
"san-golden-corpus-map","SAN Golden Corpus Map","pages/san-golden-corpus-map.md","/v5ma.github.io/wiki/content/san-golden-corpus-map.md","12884","12586","967892e49ec5bd1339f505ffb1ee0b9087281b6a25455e37439d835ea5d34021","b62ec83e1054b67f673615f3599daee28c1a43bbbd37f05460dd9f2d28ed4c5b","localPathsWithheld:5"
"san-implementation-evidence-gates","SAN Implementation Evidence Gates","pages/san-implementation-evidence-gates.md","/v5ma.github.io/wiki/content/san-implementation-evidence-gates.md","4235","4235","e8d1cc93285b8924468d0de82e89e604386456b22ff427713fc33b8c5c16a28f","e8d1cc93285b8924468d0de82e89e604386456b22ff427713fc33b8c5c16a28f",""
"san-knowledge-architecture-synthesis-20260718","SAN Knowledge Architecture Synthesis","pages/san-knowledge-architecture-synthesis-20260718.md","/v5ma.github.io/wiki/content/san-knowledge-architecture-synthesis-20260718.md","12802","12802","82c24ea3b5195e61d992e6ce938610737deb151ef9698b48dd6c261f94903e4f","82c24ea3b5195e61d992e6ce938610737deb151ef9698b48dd6c261f94903e4f",""
"san-knowledge-graph","SAN Knowledge Graph","pages/san-knowledge-graph.md","/v5ma.github.io/wiki/content/san-knowledge-graph.md","25199","25199","992784b7d181044c20c32c339dcb8e11e31d3377c9b6134e1d802bf16d78040d","992784b7d181044c20c32c339dcb8e11e31d3377c9b6134e1d802bf16d78040d",""
"san-link-resolution-repair","San Link Resolution Repair","pages/san-link-resolution-repair.md","/v5ma.github.io/wiki/content/san-link-resolution-repair.md","3122","2505","80b0702584ba95e1876d8e5debaaeb01e3d7b3443b1abc8274574464c00175cb","f3a420107139f0d7cf306b7ead3dc2690ff69304da0a1cd77084f72ad56e1388","routeBlocksRemoved:1"
"san-manuscript-series-genealogy","SAN Manuscript Series Genealogy: 01san Through 13san","pages/san-manuscript-series-genealogy.md","/v5ma.github.io/wiki/content/san-manuscript-series-genealogy.md","8555","8555","f018eb92e49f4c93bce9975f82dd4c7ed871011ea47f2790eb43466e658118ba","f018eb92e49f4c93bce9975f82dd4c7ed871011ea47f2790eb43466e658118ba",""
"san-paper-v2-revision-brief","Self-Aware Networks Paper v2 — Governed Revision Brief","pages/san-paper-v2-revision-brief.md","/v5ma.github.io/wiki/content/san-paper-v2-revision-brief.md","10265","10265","d6185383035177a2d01d108a4f0ffeb549b0203127594c2f8025bbf1f5273a0b","d6185383035177a2d01d108a4f0ffeb549b0203127594c2f8025bbf1f5273a0b",""
"san-patent-corpus","San Patent Corpus","pages/san-patent-corpus.md","/v5ma.github.io/wiki/content/san-patent-corpus.md","3630","3630","4d423f68f05979769ed454090f558d7160ab6d9436bd589aa8d5d952f62d94eb","4d423f68f05979769ed454090f558d7160ab6d9436bd589aa8d5d952f62d94eb",""
"san-plain-language-glossary-and-acronym-index","SAN Plain-Language Glossary and Acronym Index","pages/san-plain-language-glossary-and-acronym-index.md","/v5ma.github.io/wiki/content/san-plain-language-glossary-and-acronym-index.md","11885","11885","1a8aabeb3b1ac81d5020eecb26a09c483362eea64898ba6489c04ea607fe5252","1a8aabeb3b1ac81d5020eecb26a09c483362eea64898ba6489c04ea607fe5252",""
"san-public-safety-and-known-limitations","SAN Public Safety and Known Limitations","pages/san-public-safety-and-known-limitations.md","/v5ma.github.io/wiki/content/san-public-safety-and-known-limitations.md","4990","4990","46e991662b2d1dfe6d41f86894f3e1a6d4d6422e875f10b660b487bb0a943c54","46e991662b2d1dfe6d41f86894f3e1a6d4d6422e875f10b660b487bb0a943c54",""
"san-repository-front-door-spine","SAN Repository Front-Door Spine","pages/san-repository-front-door-spine.md","/v5ma.github.io/wiki/content/san-repository-front-door-spine.md","4754","4754","3c1e04d8396085472c826c412d0c3bd5087e662f9a6d3e34868001d25a133aae","3c1e04d8396085472c826c412d0c3bd5087e662f9a6d3e34868001d25a133aae",""
"san-residual-after-prior-art-subtraction","SAN Residual After Prior-Art Subtraction","pages/san-residual-after-prior-art-subtraction.md","/v5ma.github.io/wiki/content/san-residual-after-prior-art-subtraction.md","9062","9062","ff0da09b7ecc4c2d468f077667e9ed68d2c9d115da7b9a52151f8e1695054b58","ff0da09b7ecc4c2d468f077667e9ed68d2c9d115da7b9a52151f8e1695054b58",""
"san-san-authoring-needs-neural-theory-cluster","San Authoring Needs Neural Theory","pages/san-san-authoring-needs-neural-theory-cluster.md","/v5ma.github.io/wiki/content/clusters/san-san-authoring-needs-neural-theory-cluster.md","3028","3028","44d4f0eee1a0c97294ad28b3df467a43aa175f48096ade11fa8e3d6ff8ae4f20","44d4f0eee1a0c97294ad28b3df467a43aa175f48096ade11fa8e3d6ff8ae4f20",""
"san-san-brain-authoring-needs-book-cluster","San Brain Authoring Needs Book","pages/san-san-brain-authoring-needs-book-cluster.md","/v5ma.github.io/wiki/content/clusters/san-san-brain-authoring-needs-book-cluster.md","3235","3235","13967bc6b887ce08a6c61a2a3ec5e137e57a8eeb40ac46f4e620330fa4b98106","13967bc6b887ce08a6c61a2a3ec5e137e57a8eeb40ac46f4e620330fa4b98106",""
"san-san-brain-information-encodes-artefact-cluster","San Brain Information Encodes Artefact","pages/san-san-brain-information-encodes-artefact-cluster.md","/v5ma.github.io/wiki/content/clusters/san-san-brain-information-encodes-artefact-cluster.md","3512","3512","7f53663b037448a36f0208b07dbf78ffbc8b56694b86e3e215545d66431d269d","7f53663b037448a36f0208b07dbf78ffbc8b56694b86e3e215545d66431d269d",""
"san-san-brain-neural-aware-networks-cluster","San Brain Neural Aware Networks","pages/san-san-brain-neural-aware-networks-cluster.md","/v5ma.github.io/wiki/content/clusters/san-san-brain-neural-aware-networks-cluster.md","2983","2983","ac15485d88b7c488dd6625a2dfa43761bd4aa22743145a27decaf04041b07503","ac15485d88b7c488dd6625a2dfa43761bd4aa22743145a27decaf04041b07503",""
"san-san-brain-neural-com-https-cluster","San Brain Neural Com Https","pages/san-san-brain-neural-com-https-cluster.md","/v5ma.github.io/wiki/content/clusters/san-san-brain-neural-com-https-cluster.md","3339","3339","6388a8c57c3b649ce8c096f46b6b66ebea9889eecbe9177ba5f45fc97dd95179","6388a8c57c3b649ce8c096f46b6b66ebea9889eecbe9177ba5f45fc97dd95179",""
"san-san-brain-self-dendritic-dendrites-cluster","San Brain Self Dendritic Dendrites","pages/san-san-brain-self-dendritic-dendrites-cluster.md","/v5ma.github.io/wiki/content/clusters/san-san-brain-self-dendritic-dendrites-cluster.md","3688","3688","69d04a95c7af35d5165eb3038cf873d7080143b17e7cbacc0b389f1078cb6127","69d04a95c7af35d5165eb3038cf873d7080143b17e7cbacc0b389f1078cb6127",""
"san-san-brain-summary-google-recorder-cluster-2","San Brain Summary Google Recorder","pages/san-san-brain-summary-google-recorder-cluster-2.md","/v5ma.github.io/wiki/content/san-san-brain-summary-google-recorder-cluster.md","669","669","30a3716fba77a6760156202eac82fdfcf0a741b82d755bb79bbb1d9ffd9f3459","30a3716fba77a6760156202eac82fdfcf0a741b82d755bb79bbb1d9ffd9f3459",""
"san-san-brain-summary-google-recorder-cluster","San Brain Summary Google Recorder","pages/san-san-brain-summary-google-recorder-cluster.md","/v5ma.github.io/wiki/content/clusters/san-san-brain-summary-google-recorder-cluster.md","8361","8361","5bf0d73c0a7a12dbd7beefffa8f9a538387cb3601e36a92be41b57632c93e7ba","5bf0d73c0a7a12dbd7beefffa8f9a538387cb3601e36a92be41b57632c93e7ba",""
"san-san-field-array-brain-com-cluster","San Field Array Brain Com","pages/san-san-field-array-brain-com-cluster.md","/v5ma.github.io/wiki/content/clusters/san-san-field-array-brain-com-cluster.md","2952","2952","975a263cd84fe1ad334f78d57e12df58fee260b784a1543b47276128b53fa797","975a263cd84fe1ad334f78d57e12df58fee260b784a1543b47276128b53fa797",""
"san-san-time-google-recorder-codes-cluster","San Time Google Recorder Codes","pages/san-san-time-google-recorder-codes-cluster.md","/v5ma.github.io/wiki/content/clusters/san-san-time-google-recorder-codes-cluster.md","3116","3116","098811d8e3ec7403f9e057b93342e38b8cf862f99b4d0f0b44e4e8d5febfe7a3","098811d8e3ec7403f9e057b93342e38b8cf862f99b4d0f0b44e4e8d5febfe7a3",""
"san-san-time-neural-google-recorder-cluster","San Time Neural Google Recorder","pages/san-san-time-neural-google-recorder-cluster.md","/v5ma.github.io/wiki/content/clusters/san-san-time-neural-google-recorder-cluster.md","3887","3887","aefc52f4ae9ffaaff87331c4115449d60dd7ef9d4fe2bd254db1c3013471e520","aefc52f4ae9ffaaff87331c4115449d60dd7ef9d4fe2bd254db1c3013471e520",""
"san-scale-ladder-and-claim-boundaries","SAN Scale Ladder and Claim Boundaries","pages/san-scale-ladder-and-claim-boundaries.md","/v5ma.github.io/wiki/content/san-scale-ladder-and-claim-boundaries.md","9445","9445","9bcfc841930c5150f41f11c71034539e9c9fd08a10575a6ee6ca35b3ca070ac9","9bcfc841930c5150f41f11c71034539e9c9fd08a10575a6ee6ca35b3ca070ac9",""
"san-scaling","SAN Scaling","pages/san-scaling.md","/v5ma.github.io/wiki/content/san-scaling.md","2216","832","92cc2d52c8d75b89427badb0375529471bd6040f2cb840b5c2a75487de97cfac","5a122017b188b5a14fbd421a5cf35c993a144dcba96c9f5eca29b90b666ca659","routeBlocksRemoved:1"
"san-v1-sitemap-and-release-backlog","SAN Wiki v1 Sitemap and Release Backlog","pages/san-v1-sitemap-and-release-backlog.md","/v5ma.github.io/wiki/content/san-v1-sitemap-and-release-backlog.md","4728","4728","9c5ca14a272db5bcee5e8328186a56ed54afd5dc8f10662aa6d9b3a8b3852747","9c5ca14a272db5bcee5e8328186a56ed54afd5dc8f10662aa6d9b3a8b3852747",""
"san-vs-friston-active-inference","SAN vs. Friston Active Inference","pages/san-vs-friston-active-inference.md","/v5ma.github.io/wiki/content/san-vs-friston-active-inference.md","14375","14375","6fef956301f193d645b7b0a7bddcdb77ce7edcbb826e8a6ff7374f3de2bdcf7f","6fef956301f193d645b7b0a7bddcdb77ce7edcbb826e8a6ff7374f3de2bdcf7f",""
"san-whitepaper-3rd-draft","San Whitepaper 3Rd Draft","pages/san-whitepaper-3rd-draft.md","/v5ma.github.io/wiki/content/san-whitepaper-3rd-draft.md","2513","2513","250926022989f5d0e78d13009e4a6e185b5540a90c9f88c71d4a5db47b57ec03","250926022989f5d0e78d13009e4a6e185b5540a90c9f88c71d4a5db47b57ec03",""
"san-wiki-knowledge-architecture-audit-20260717","SAN Wiki Knowledge Architecture Audit - 2026-07-17","pages/san-wiki-knowledge-architecture-audit-20260717.md","/v5ma.github.io/wiki/content/san-wiki-knowledge-architecture-audit-20260717.md","37927","37927","89bd6ef0f3b74884dde4f9c6e94cf7a51ccbf2e6593c2129f94cac33bdb1d607","89bd6ef0f3b74884dde4f9c6e94cf7a51ccbf2e6593c2129f94cac33bdb1d607",""
"san-wikilink-density-repair","San Wikilink Density Repair","pages/san-wikilink-density-repair.md","/v5ma.github.io/wiki/content/san-wikilink-density-repair.md","3760","2980","b957801fa976209874a07d66853c1385018c5522b0b7c59d2283341b93eb1079","69751fc229452969c8c8798518e4731d32affd57849351a785870e8c023e6d74","routeBlocksRemoved:1"
"san","San","pages/san.md","/v5ma.github.io/wiki/content/san.md","11032","11032","6f8b2541f9319a93c8eba28cb9594a4bb84ffc17ccc951080010a493677c3328","6f8b2541f9319a93c8eba28cb9594a4bb84ffc17ccc951080010a493677c3328",""
"saov9-cycle-01-nervegear-bci","SAOv9 Cycle 1: Nerve Gear, Towards the Ultimate Brain Computer Interface","pages/saov9-cycle-01-nervegear-bci.md","/v5ma.github.io/wiki/content/saov9-cycle-01-nervegear-bci.md","8438","8438","3487f01a4f0bb6bc35cbacaa33a5091d88e3c6c251d04f7a595015bfc48a3603","3487f01a4f0bb6bc35cbacaa33a5091d88e3c6c251d04f7a595015bfc48a3603",""
"saov9-cycle-02-holography-neural-rendering","SAOv9 Cycle 2: Holography, Neural Rendering, and 3D Semantic Segmentation","pages/saov9-cycle-02-holography-neural-rendering.md","/v5ma.github.io/wiki/content/saov9-cycle-02-holography-neural-rendering.md","8849","8849","4ea1c355c9ca07421b7c72222dd2f3cd1952621e34b61d192f76625a98d18ed4","4ea1c355c9ca07421b7c72222dd2f3cd1952621e34b61d192f76625a98d18ed4",""
"saov9-cycle-03-fractals-evolution","SAOv9 Cycle 3: Fractals, Evolution & Brain Networks: The Fractal Geometry of Biological Structures","pages/saov9-cycle-03-fractals-evolution.md","/v5ma.github.io/wiki/content/saov9-cycle-03-fractals-evolution.md","8601","8601","afa3911180786763ea77ccf0c9ca46595cbb4e06d642b3cff19eb37d1aa06a43","afa3911180786763ea77ccf0c9ca46595cbb4e06d642b3cff19eb37d1aa06a43",""
"saov9-cycle-04-temporal-spatial-phasic","SAOv9 Cycle 4: (Computational Units) Temporal, Spatial & Phasic: Memory Prediction Rendering","pages/saov9-cycle-04-temporal-spatial-phasic.md","/v5ma.github.io/wiki/content/saov9-cycle-04-temporal-spatial-phasic.md","8904","8904","e045a25fbd2e3f60086343c7296f1c896d60fe1af7f19e28d24debf99449389a","e045a25fbd2e3f60086343c7296f1c896d60fe1af7f19e28d24debf99449389a",""
"saov9-cycle-05-rhythms-waves","SAOv9 Cycle 5: (Inner Representations) Rhythms & Waves","pages/saov9-cycle-05-rhythms-waves.md","/v5ma.github.io/wiki/content/saov9-cycle-05-rhythms-waves.md","8670","8670","75814e19e3cb605085958d5e4daf384219c9f86f76431244ff1c045c463a8f8a","75814e19e3cb605085958d5e4daf384219c9f86f76431244ff1c045c463a8f8a",""
"saov9-cycle-06-memory-state-drift","SAOv9 Cycle 6: Defining Memory, State, Drift, Engrams, and a Virtual Mind","pages/saov9-cycle-06-memory-state-drift.md","/v5ma.github.io/wiki/content/saov9-cycle-06-memory-state-drift.md","9480","9480","e56124eb1dfea78d02556ea1fa8e64a51cd6dd3a59286cddf26186c187f97fa7","e56124eb1dfea78d02556ea1fa8e64a51cd6dd3a59286cddf26186c187f97fa7",""
"saov9-cycle-07-functional-connectivity","SAOv9 Cycle 7: (High level Representations) Functional Connectivity: Coordinating Thoughts, Actions, and Sequences (planning)","pages/saov9-cycle-07-functional-connectivity.md","/v5ma.github.io/wiki/content/saov9-cycle-07-functional-connectivity.md","8758","8758","ae0741024dc872ac83e151bd9c18ee59ca1fc0aa234863b2cf83029361bf3f39","ae0741024dc872ac83e151bd9c18ee59ca1fc0aa234863b2cf83029361bf3f39",""
"saov9-cycle-08-attention-scaling","SAOv9 Cycle 8: (Attention Scaling): From Sensory detection to Consideration with Multi-scale Decision Making.","pages/saov9-cycle-08-attention-scaling.md","/v5ma.github.io/wiki/content/saov9-cycle-08-attention-scaling.md","9133","9133","3fa618cecbe2f0b6ad01025faa59bf737f467ac95ed855b2dd38a1ffed5dd1f4","3fa618cecbe2f0b6ad01025faa59bf737f467ac95ed855b2dd38a1ffed5dd1f4",""
"saov9-cycle-09-perception-consideration-action","SAOv9 Cycle 9: (Walking through a walk thru) The Perception Consideration Action Cycle","pages/saov9-cycle-09-perception-consideration-action.md","/v5ma.github.io/wiki/content/saov9-cycle-09-perception-consideration-action.md","9127","9127","c53a1856423b5077337ef978b8aa3ff2f3e89e30171f76d8c09337373588890d","c53a1856423b5077337ef978b8aa3ff2f3e89e30171f76d8c09337373588890d",""
"saov9-cycle-10-emotion-dreams","SAOv9 Cycle 10: Emotion, Dreams, Spirit, World Views, Distortions","pages/saov9-cycle-10-emotion-dreams.md","/v5ma.github.io/wiki/content/saov9-cycle-10-emotion-dreams.md","8769","8769","d3b094345d7e0340eb7e1f06d7268499cbd2986a710357ed99cd2a732592739b","d3b094345d7e0340eb7e1f06d7268499cbd2986a710357ed99cd2a732592739b",""
"saov9-cycle-11-language-social","SAOv9 Cycle 11: Language Cycle 11 Oscillation in the 'other cortex navigation in real and memory space'","pages/saov9-cycle-11-language-social.md","/v5ma.github.io/wiki/content/saov9-cycle-11-language-social.md","8979","8979","a9af9afea49ed4bc5919ba9a60802c667aaa9c1a748a56bc29d43cc0bce47770","a9af9afea49ed4bc5919ba9a60802c667aaa9c1a748a56bc29d43cc0bce47770",""
"saov9-cycle-12-artificial-neural-networks","SAOv9 Cycle 12: Next Generation Neural Networks","pages/saov9-cycle-12-artificial-neural-networks.md","/v5ma.github.io/wiki/content/saov9-cycle-12-artificial-neural-networks.md","9062","9062","5e4a207732963ff617d1c27d91ac58ce30db6356dbf7492526bd9f0c4030d3bb","5e4a207732963ff617d1c27d91ac58ce30db6356dbf7492526bd9f0c4030d3bb",""
"saov9-cycle-13-robot-choice-society","SAOv9 Cycle 13: Choice for robots & society","pages/saov9-cycle-13-robot-choice-society.md","/v5ma.github.io/wiki/content/saov9-cycle-13-robot-choice-society.md","8718","8718","84f66e613909e5dc4d942a1ec4be84348d922543330891b360eafc3ee1c26d15","84f66e613909e5dc4d942a1ec4be84348d922543330891b360eafc3ee1c26d15",""
"saov9-cycle-14-consciousness-problem","SAOv9 Cycle 14: The Consciousness Problem, Next Generation Problem Solving","pages/saov9-cycle-14-consciousness-problem.md","/v5ma.github.io/wiki/content/saov9-cycle-14-consciousness-problem.md","9413","9413","39fdec0490b0b086cf024e6cf8a9dfe420f1893f2c5b243a31683f71ed5fb198","39fdec0490b0b086cf024e6cf8a9dfe420f1893f2c5b243a31683f71ed5fb198",""
"saov9-self-aware-networks-overview","Saov9 Self Aware Networks Overview","pages/saov9-self-aware-networks-overview.md","/v5ma.github.io/wiki/content/saov9-self-aware-networks-overview.md","2480","2480","11c8bca915a1865b950514ea1b41018ae3c8e2aa50495bd4bc2e84dec43cc5ba","11c8bca915a1865b950514ea1b41018ae3c8e2aa50495bd4bc2e84dec43cc5ba",""
"saov9-source-inventory-book2-routing","SAOv9 Source Inventory and Book 2 Routing","pages/saov9-source-inventory-book2-routing.md","/v5ma.github.io/wiki/content/saov9-source-inventory-book2-routing.md","7792","7737","9d07c0d0f34fc56f71341b8d12ad4e9167438930c2328b66660c7d9538bf6d03","c9fdf8ea06a5f062535b6b379552ec9fb4380b2f16a956f81c979f2c6ce5efd2","localPathsWithheld:5"
"scale-invariant-causation","Scale Invariant Causation","pages/scale-invariant-causation.md","/v5ma.github.io/wiki/content/scale-invariant-causation.md","2251","2251","c901eebff722af13b0813448db771d17af9b4fc993705346cc0644ae1bd5cbf6","c901eebff722af13b0813448db771d17af9b4fc993705346cc0644ae1bd5cbf6",""
"scale-invariant-patterns","Nested Invariance Across Neural Scales","pages/scale-invariant-patterns.md","/v5ma.github.io/wiki/content/scale-invariant-patterns.md","5767","5767","ba3bb7432e686e6b6d0b5d51586a2d56678798277e2e739a99f0192a26ebc58e","ba3bb7432e686e6b6d0b5d51586a2d56678798277e2e739a99f0192a26ebc58e",""
"screen-metaphor-no-inner-viewer","Distributed Observer and the Screen Metaphor","pages/screen-metaphor-no-inner-viewer.md","/v5ma.github.io/wiki/content/screen-metaphor-no-inner-viewer.md","14173","14173","d9e94bcc2336b1c555839feee506c7c12b95bdab369a5a961eb7d636b97ad04d","d9e94bcc2336b1c555839feee506c7c12b95bdab369a5a961eb7d636b97ad04d",""
"seeker-self-model","Seeker Self Model","pages/seeker-self-model.md","/v5ma.github.io/wiki/content/seeker-self-model.md","1795","1795","0ae282bbbf46b08f1cdbd26b20053c168b4ccd5081ff10a4c1e4bef554d8bd14","0ae282bbbf46b08f1cdbd26b20053c168b4ccd5081ff10a4c1e4bef554d8bd14",""
"self-activating-content-addressable-memory","Autogenous Associative Memory and Reconstructive Retrieval","pages/self-activating-content-addressable-memory.md","/v5ma.github.io/wiki/content/self-activating-content-addressable-memory.md","8085","8085","f37126622bc084762c22efe989e8ee3fcfaac7ed1789ec3d87cb18ac35d6013d","f37126622bc084762c22efe989e8ee3fcfaac7ed1789ec3d87cb18ac35d6013d",""
"self-as-collective","Self As Collective","pages/self-as-collective.md","/v5ma.github.io/wiki/content/self-as-collective.md","13475","12814","fee140c182f7d3327cfa060943b23dce1ed7ac208ea80ba9a6e3f9517fba204d","2593226ca9d64255e646eeb5d09ebe2c6f0751fa490c3e9f408b8fcb9034459b","routeBlocksRemoved:1"
"self-as-directional-concept","Self As Directional Concept","pages/self-as-directional-concept.md","/v5ma.github.io/wiki/content/self-as-directional-concept.md","2440","2440","68fb390fcf41ff8e1f36335e42eea56a403986000f5b7310053f28576f9dfea3","68fb390fcf41ff8e1f36335e42eea56a403986000f5b7310053f28576f9dfea3",""
"self-as-distributed-criterial-wave-summary","Self As Distributed Criterial Wave Summary","pages/self-as-distributed-criterial-wave-summary.md","/v5ma.github.io/wiki/content/self-as-distributed-criterial-wave-summary.md","2508","2508","4116cdff6a00799732467b5bb2696a80a9a458c576f259ee39f9a43c6d05de92","4116cdff6a00799732467b5bb2696a80a9a458c576f259ee39f9a43c6d05de92",""
"self-as-learning-loop","Self As Learning Loop","pages/self-as-learning-loop.md","/v5ma.github.io/wiki/content/self-as-learning-loop.md","3173","3173","a9c165d718140c167d559df926c452befe651a87206ef09e51581dcb6b18d24c","a9c165d718140c167d559df926c452befe651a87206ef09e51581dcb6b18d24c",""
"self-as-motor-sensory-rendering","Self As Motor-Sensory Rendering","pages/self-as-motor-sensory-rendering.md","/v5ma.github.io/wiki/content/self-as-motor-sensory-rendering.md","5621","5621","e0349e18c09e346b26a12d2cdacd53a612d58f767438fa5711b9f3edf62a4711","e0349e18c09e346b26a12d2cdacd53a612d58f767438fa5711b9f3edf62a4711",""
"self-as-navigational-reference-frame","Self as a Navigational Reference Relation","pages/self-as-navigational-reference-frame.md","/v5ma.github.io/wiki/content/self-as-navigational-reference-frame.md","3029","3029","5102f63ef18f1f2ff90c87656f3dd550ab0db5f2d07269c5902d90cb36a97c8c","5102f63ef18f1f2ff90c87656f3dd550ab0db5f2d07269c5902d90cb36a97c8c",""
"self-as-oscillatory-construct","Self As Oscillatory Construct","pages/self-as-oscillatory-construct.md","/v5ma.github.io/wiki/content/self-as-oscillatory-construct.md","2529","2529","f64760337f90bae3cc2f01a481a539d0c17db11e0ad19e6fa850555263062606","f64760337f90bae3cc2f01a481a539d0c17db11e0ad19e6fa850555263062606",""
"self-as-sequential-neural-concept","Self As Sequential Neural Concept","pages/self-as-sequential-neural-concept.md","/v5ma.github.io/wiki/content/self-as-sequential-neural-concept.md","4675","4675","e3795662598b5cceb5cfb2ef41a8cfe72363ec7eab4fdf6de8e28103bd76a7dc","e3795662598b5cceb5cfb2ef41a8cfe72363ec7eab4fdf6de8e28103bd76a7dc",""
"self-aware-network","Self-Aware Network","pages/self-aware-network.md","/v5ma.github.io/wiki/content/self-aware-network.md","2610","2610","3474615420419ef1702b9b1919e3df518392c34d225894ffd5f1119c28a68426","3474615420419ef1702b9b1919e3df518392c34d225894ffd5f1119c28a68426",""
"self-aware-networks-autonomous-vehicles","Self Aware Networks Autonomous Vehicles","pages/self-aware-networks-autonomous-vehicles.md","/v5ma.github.io/wiki/content/self-aware-networks-autonomous-vehicles.md","1718","1718","88f759f8c1c4c246a48437a477ee3c08fea0efad78bbe78a9ae9b937fbd86561","88f759f8c1c4c246a48437a477ee3c08fea0efad78bbe78a9ae9b937fbd86561",""
"self-aware-networks-book-overview","Self Aware Networks Book Overview","pages/self-aware-networks-book-overview.md","/v5ma.github.io/wiki/content/self-aware-networks-book-overview.md","2240","2240","1e2c7b67129a6be3386eca47722eff948306349d6403f6f0265a8cff4829e296","1e2c7b67129a6be3386eca47722eff948306349d6403f6f0265a8cff4829e296",""
"self-aware-networks-book","Self Aware Networks Book","pages/self-aware-networks-book.md","/v5ma.github.io/wiki/content/self-aware-networks-book.md","2821","2260","6d2f8d3f8e74ab8466999ef0b869746ad31b7ef9ca3e585e937a47e85795ef26","3005cf71d8f6364b2e20da76bcb81d620b53bf89a2bb2fe0e4c542dec48da1f9","routeBlocksRemoved:1"
"self-aware-networks-institute","Self Aware Networks Institute","pages/self-aware-networks-institute.md","/v5ma.github.io/wiki/content/self-aware-networks-institute.md","8650","8650","92dac7c2c63d989d95212e40aea331dbb62e9b2022d3e7f88c266d63aa589823","92dac7c2c63d989d95212e40aea331dbb62e9b2022d3e7f88c266d63aa589823",""
"self-aware-networks-outline-v9","Self Aware Networks Outline V9","pages/self-aware-networks-outline-v9.md","/v5ma.github.io/wiki/content/self-aware-networks-outline-v9.md","2763","2763","0e6064f73ef397bc9e04354a154862c1ced553f404912734c20ac4f88a7c3fc5","0e6064f73ef397bc9e04354a154862c1ced553f404912734c20ac4f88a7c3fc5",""
"self-aware-networks-theory","Self Aware Networks Theory","pages/self-aware-networks-theory.md","/v5ma.github.io/wiki/content/self-aware-networks-theory.md","13484","13484","b130ac8b6df842bf6cbff3e00c34195dc39be836b7a723bdda72665884643af2","b130ac8b6df842bf6cbff3e00c34195dc39be836b7a723bdda72665884643af2",""
"self-aware-networks","Self-Aware Networks","pages/self-aware-networks.md","/v5ma.github.io/wiki/content/self-aware-networks.md","5632","5632","ce68dae0961fe99d3afbdad6d347f710a4e26f2f63eb9a85cefbc7fdcfbb3ac3","ce68dae0961fe99d3afbdad6d347f710a4e26f2f63eb9a85cefbc7fdcfbb3ac3",""
"self-aware-neural-network","Self Aware Neural Network","pages/self-aware-neural-network.md","/v5ma.github.io/wiki/content/self-aware-neural-network.md","9636","9636","40696e928120c9426519e4f0fde254f9332c0dd420de27d7cee21c2ed811d17b","40696e928120c9426519e4f0fde254f9332c0dd420de27d7cee21c2ed811d17b",""
"self-aware-oscillation","Self Aware Oscillation","pages/self-aware-oscillation.md","/v5ma.github.io/wiki/content/self-aware-oscillation.md","4394","4394","9894a76a0f0424958ad6a4f3df4b209e27e480ccffe91fd8ca24bbc3fd5f98c0","9894a76a0f0424958ad6a4f3df4b209e27e480ccffe91fd8ca24bbc3fd5f98c0",""
"self-awareness","Self Awareness","pages/self-awareness.md","/v5ma.github.io/wiki/content/self-awareness.md","17716","17716","adf4b56d4a39fe1962d6c8e1bbb825b3c667665d10f4d170c7edb6d54c4d073b","adf4b56d4a39fe1962d6c8e1bbb825b3c667665d10f4d170c7edb6d54c4d073b",""
"self-is-a-prediction-dialogue-2011","Self Is A Prediction Dialogue 2011","pages/self-is-a-prediction-dialogue-2011.md","/v5ma.github.io/wiki/content/self-is-a-prediction-dialogue-2011.md","6515","6515","fe29aac49c9c5af86b2db0c4c64f90e6118ce241456e7d78d73494d00ce0b5e8","fe29aac49c9c5af86b2db0c4c64f90e6118ce241456e7d78d73494d00ce0b5e8",""
"self-modeling","Self-Modeling","pages/self-modeling.md","/v5ma.github.io/wiki/content/self-modeling.md","4850","4850","74d3f471bd79f07091c1cf5ff95d3da8a6331ec80fa2593052aa18add07e2269","74d3f471bd79f07091c1cf5ff95d3da8a6331ec80fa2593052aa18add07e2269",""
"self-reference","Self Reference","pages/self-reference.md","/v5ma.github.io/wiki/content/self-reference.md","9616","9616","9073d61754185ad2d66559bb0f368474567ef48a31405f047d4e26d4c94897db","9073d61754185ad2d66559bb0f368474567ef48a31405f047d4e26d4c94897db",""
"self-similar-structure","Self-Similar Cortical Structure","pages/self-similar-structure.md","/v5ma.github.io/wiki/content/self-similar-structure.md","6329","6329","d6dd18a6d0a7bde47ec6d55c88ef07ab3eda6d7db20ff0cbfc9964e26258d75d","d6dd18a6d0a7bde47ec6d55c88ef07ab3eda6d7db20ff0cbfc9964e26258d75d",""
"selfawarenetworks-abstract-bump-working-note","Selfawarenetworks Abstract Bump Working Note","pages/selfawarenetworks-abstract-bump-working-note.md","/v5ma.github.io/wiki/content/selfawarenetworks-abstract-bump-working-note.md","11560","11560","8d473a16682285b1ce5bd6413d1e9d0b4a6a56c32e73c0714e44d3941c4fcf20","8d473a16682285b1ce5bd6413d1e9d0b4a6a56c32e73c0714e44d3941c4fcf20",""
"selfawarenetworks-changelog-public-record","SelfAwareNetworks Changelog as a Public Development Record","pages/selfawarenetworks-changelog-public-record.md","/v5ma.github.io/wiki/content/selfawarenetworks-changelog-public-record.md","5031","5031","5daf54a0a2d733356687eb407debc8d6b5478f9946c905caf89577c1be88f62f","5daf54a0a2d733356687eb407debc8d6b5478f9946c905caf89577c1be88f62f",""
"selfawarenetworks-github-chronology","Selfawarenetworks Github Chronology","pages/selfawarenetworks-github-chronology.md","/v5ma.github.io/wiki/content/selfawarenetworks-github-chronology.md","4165","4165","6da0a108c0ce0def60915c51461afbfab61119a3f23c7cbf2843182f1aa72d0a","6da0a108c0ce0def60915c51461afbfab61119a3f23c7cbf2843182f1aa72d0a",""
"selfawarenetworks-github-repository","Selfawarenetworks Github Repository","pages/selfawarenetworks-github-repository.md","/v5ma.github.io/wiki/content/selfawarenetworks-github-repository.md","2233","2233","6da8146c57e3ebb1c7e76c051c45628ef3815e59b7437f092512869cc48e0c02","6da8146c57e3ebb1c7e76c051c45628ef3815e59b7437f092512869cc48e0c02",""
"selfawarenetworks-github-wiki-pages","Selfawarenetworks Github Wiki Pages","pages/selfawarenetworks-github-wiki-pages.md","/v5ma.github.io/wiki/content/selfawarenetworks-github-wiki-pages.md","3469","3469","b98a50786971b4c14d12880b5427d2ef5d1a12bba0118cee359abc7c244b1397","b98a50786971b4c14d12880b5427d2ef5d1a12bba0118cee359abc7c244b1397",""
"selfawarenetworks-gpt","Selfawarenetworks Gpt","pages/selfawarenetworks-gpt.md","/v5ma.github.io/wiki/content/selfawarenetworks-gpt.md","5440","5440","d60e3a78856df51ab735e8e1d73238172ca25d868c27f03df9c476e57ea58e80","d60e3a78856df51ab735e8e1d73238172ca25d868c27f03df9c476e57ea58e80",""
"selfawarenetworks-link-review-backlog","Selfawarenetworks Link Review Backlog","pages/selfawarenetworks-link-review-backlog.md","/v5ma.github.io/wiki/content/selfawarenetworks-link-review-backlog.md","4196","4196","3d197badf5473d3f40bcc17c63fd795b4d2e84dffb2b4af918c9064dc14e500c","3d197badf5473d3f40bcc17c63fd795b4d2e84dffb2b4af918c9064dc14e500c",""
"selfawarenetworks-repository-intro","Selfawarenetworks Repository Intro","pages/selfawarenetworks-repository-intro.md","/v5ma.github.io/wiki/content/selfawarenetworks-repository-intro.md","1607","1607","3dc4598303a8b49b9d45b002cff584316f20112b159df581e6de8a00edb6c1d4","3dc4598303a8b49b9d45b002cff584316f20112b159df581e6de8a00edb6c1d4",""
"selfawarenetworks-todolist-structuring-backlog","Selfawarenetworks Todolist Structuring Backlog","pages/selfawarenetworks-todolist-structuring-backlog.md","/v5ma.github.io/wiki/content/selfawarenetworks-todolist-structuring-backlog.md","11362","11362","1f036115100728345852982a8d23665a38a33173ac1d958081f8cfcb7eaed4e3","1f036115100728345852982a8d23665a38a33173ac1d958081f8cfcb7eaed4e3",""
"selfawarenetworks-welcome-page","Selfawarenetworks Welcome Page","pages/selfawarenetworks-welcome-page.md","/v5ma.github.io/wiki/content/selfawarenetworks-welcome-page.md","4193","4193","6f7a26254d2d0fce664f041fa37358cf807b8758a8298e8387d19fc40cde3c0e","6f7a26254d2d0fce664f041fa37358cf807b8758a8298e8387d19fc40cde3c0e",""
"semantic-cortical-mapping","Semantic Cortical Mapping","pages/semantic-cortical-mapping.md","/v5ma.github.io/wiki/content/semantic-cortical-mapping.md","2905","2905","ba714ce8aae68a9ed0f1de87a0e68d48a6fddc18bf4c1509dc55f7e145710cf1","ba714ce8aae68a9ed0f1de87a0e68d48a6fddc18bf4c1509dc55f7e145710cf1",""
"semantic-tokens-as-vector-geometry","Semantic Tokens As Vector Geometry","pages/semantic-tokens-as-vector-geometry.md","/v5ma.github.io/wiki/content/semantic-tokens-as-vector-geometry.md","2289","2289","55225af9ea91079228422a9a72709b9d4167aafa5f6ac8c1f0b93d9c94bf6f20","55225af9ea91079228422a9a72709b9d4167aafa5f6ac8c1f0b93d9c94bf6f20",""
"senses","Senses","pages/senses.md","/v5ma.github.io/wiki/content/senses.md","17188","17188","b8b862947cdae28f12b54f5aa7ef4758105594b263a811e02826268e990d1acd","b8b862947cdae28f12b54f5aa7ef4758105594b263a811e02826268e990d1acd",""
"sensor-array-consciousness","Sensor Array Consciousness","pages/sensor-array-consciousness.md","/v5ma.github.io/wiki/content/sensor-array-consciousness.md","9442","9442","c61b137babf21ab3cee96a096a4c877b98768bec665661ea0412b2bfe95e7c8f","c61b137babf21ab3cee96a096a4c877b98768bec665661ea0412b2bfe95e7c8f",""
"sensor-transmitter-array","Sensor Transmitter Array","pages/sensor-transmitter-array.md","/v5ma.github.io/wiki/content/sensor-transmitter-array.md","4607","4607","3329291e65993efa2868a3449de65e2f142aaabac83067f64162ba8c8e9284f9","3329291e65993efa2868a3449de65e2f142aaabac83067f64162ba8c8e9284f9",""
"sensor-transmitter","Sensor Transmitter","pages/sensor-transmitter.md","/v5ma.github.io/wiki/content/sensor-transmitter.md","11835","11835","71bf55ad5ce24d6c319a4b4f7b7b7483d96a64b969775850461c617b26a13b97","71bf55ad5ce24d6c319a4b4f7b7b7483d96a64b969775850461c617b26a13b97",""
"sensory-cortex-encoding","Sensory Cortex Encoding","pages/sensory-cortex-encoding.md","/v5ma.github.io/wiki/content/sensory-cortex-encoding.md","7168","7168","d7405ad18e3eeba0f40a557b4a1cde711c2e0a049ecf01e97fe49a3fe93521f1","d7405ad18e3eeba0f40a557b4a1cde711c2e0a049ecf01e97fe49a3fe93521f1",""
"sensory-input-array","Sensory Input Array","pages/sensory-input-array.md","/v5ma.github.io/wiki/content/sensory-input-array.md","4965","4965","9787c29d7531d2d411b5b104078a5b53704f3cb6f484dfbc3c5e0dc41aebacb0","9787c29d7531d2d411b5b104078a5b53704f3cb6f484dfbc3c5e0dc41aebacb0",""
"sensory-motor-algorithm","Sensory Motor Algorithm","pages/sensory-motor-algorithm.md","/v5ma.github.io/wiki/content/sensory-motor-algorithm.md","12745","12745","a3f92c7941c1da86d3414363ffb8bbea694d32aa0046293fd68f48cf33c5bacd","a3f92c7941c1da86d3414363ffb8bbea694d32aa0046293fd68f48cf33c5bacd",""
"sensory-pattern-distinction","Sensory Pattern Distinction","pages/sensory-pattern-distinction.md","/v5ma.github.io/wiki/content/sensory-pattern-distinction.md","5606","5606","f11fa3af5c89293781f046d2021340be2a7f29d8c82ce08932a9d9840abfb479","f11fa3af5c89293781f046d2021340be2a7f29d8c82ce08932a9d9840abfb479",""
"sensory-processing","Sensory Processing","pages/sensory-processing.md","/v5ma.github.io/wiki/content/sensory-processing.md","9974","9974","bb54f4321b6e38b150030b146b18f30f0120e02d3f01f042780840a1be3efe79","bb54f4321b6e38b150030b146b18f30f0120e02d3f01f042780840a1be3efe79",""
"sensory-stabilized-volumetric-rendering","Sensory Stabilized Volumetric Rendering","pages/sensory-stabilized-volumetric-rendering.md","/v5ma.github.io/wiki/content/sensory-stabilized-volumetric-rendering.md","3023","3023","4b6cf85ecaae6d8a46f9cd14c4e7cdeb086373a5827f9a9935ca8c4e8549df23","4b6cf85ecaae6d8a46f9cd14c4e7cdeb086373a5827f9a9935ca8c4e8549df23",""
"sensory-to-symbol-neural-grounding","From Sensory Difference to Symbol: Learned Neural Grounding","pages/sensory-to-symbol-neural-grounding.md","/v5ma.github.io/wiki/content/sensory-to-symbol-neural-grounding.md","7110","7110","8cabef3c871ecda8f2b0563ff2ea8450ec0a64abaa594c2136e90504056fc612","8cabef3c871ecda8f2b0563ff2ea8450ec0a64abaa594c2136e90504056fc612",""
"sentient-self-aware-neural-network","Sentient Self-Aware Neural Network","pages/sentient-self-aware-neural-network.md","/v5ma.github.io/wiki/content/sentient-self-aware-neural-network.md","3296","3296","45e32c82014a497772e74f31568ae6f5531716fdff1b3291326c4fb361ffc693","45e32c82014a497772e74f31568ae6f5531716fdff1b3291326c4fb361ffc693",""
"septal-area-cortex","Septal Area Cortex","pages/septal-area-cortex.md","/v5ma.github.io/wiki/content/septal-area-cortex.md","8192","8192","6c8a18e3d9e846218a760d34e7a496004226bf1663c7fdd7b8abadc0dfd24986","6c8a18e3d9e846218a760d34e7a496004226bf1663c7fdd7b8abadc0dfd24986",""
"sharp-wave-ripple","Sharp Wave Ripple","pages/sharp-wave-ripple.md","/v5ma.github.io/wiki/content/sharp-wave-ripple.md","9291","9291","78213400db5ea53886b06c210280ed201af1d72ba30796ba248e20ff3d2879c5","78213400db5ea53886b06c210280ed201af1d72ba30796ba248e20ff3d2879c5",""
"sharp-wave-ripples","Sharp Wave Ripples","pages/sharp-wave-ripples.md","/v5ma.github.io/wiki/content/sharp-wave-ripples.md","9561","9561","d9320ff83ac3aae5d763f301b6a419ae7236d096bf5706469f8e144177b8baab","d9320ff83ac3aae5d763f301b6a419ae7236d096bf5706469f8e144177b8baab",""
"signal-duration-coding","Signal Duration Coding","pages/signal-duration-coding.md","/v5ma.github.io/wiki/content/signal-duration-coding.md","13280","12826","4071ff05abd83e220f6f68f1cd2110d2f4c9f529de63d01d6128af17f6ecd95e","d7a1a5752f44eb6ca64ad04151ef5e99a4669c3c2efc31fab1179e5be9545535","routeBlocksRemoved:1"
"simulation-and-consciousness","Simulation And Consciousness","pages/simulation-and-consciousness.md","/v5ma.github.io/wiki/content/simulation-and-consciousness.md","9547","9547","165523c95ec7020cbcbd5a270f48781421298d4060112bfdb0c9b98e9352c2e4","165523c95ec7020cbcbd5a270f48781421298d4060112bfdb0c9b98e9352c2e4",""
"simulation-consciousness","Simulation Consciousness","pages/simulation-consciousness.md","/v5ma.github.io/wiki/content/simulation-consciousness.md","5512","5512","197bd7d954e1ec60ac65a8f7b66e2ed7e3d00d349e78581c0509a88120e910ed","197bd7d954e1ec60ac65a8f7b66e2ed7e3d00d349e78581c0509a88120e910ed",""
"single-cell-hebbian-assembly","Single Cell Hebbian Assembly","pages/single-cell-hebbian-assembly.md","/v5ma.github.io/wiki/content/single-cell-hebbian-assembly.md","2677","2677","3223e3160c37026abda2d091224520046b1cff3a7fe8f4576d0936d19c66e7dd","3223e3160c37026abda2d091224520046b1cff3a7fe8f4576d0936d19c66e7dd",""
"single-neuron-phase-cascade","Single Neuron Phase Cascade","pages/single-neuron-phase-cascade.md","/v5ma.github.io/wiki/content/single-neuron-phase-cascade.md","2329","2329","89c2328084a7d5defcedf6e46999fce9bf23e319be5abc255a639228101009f8","89c2328084a7d5defcedf6e46999fce9bf23e319be5abc255a639228101009f8",""
"single-trial-residual-neural-information","The Residual Is Not Automatically Noise: Single-Trial Neural Information","pages/single-trial-residual-neural-information.md","/v5ma.github.io/wiki/content/single-trial-residual-neural-information.md","5279","5279","b110030a0b64059fd8a04442c5afda1b578c89dee86ab7ca45896f589ec09a26","b110030a0b64059fd8a04442c5afda1b578c89dee86ab7ca45896f589ec09a26",""
"sit-cfs-conceptual-convergence","Sit Cfs Conceptual Convergence","pages/sit-cfs-conceptual-convergence.md","/v5ma.github.io/wiki/content/sit-cfs-conceptual-convergence.md","3183","3183","e17ef22e496ff6c7c31b2556902ffab5c56fa7cf04af1eea02362563043dfff0","e17ef22e496ff6c7c31b2556902ffab5c56fa7cf04af1eea02362563043dfff0",""
"sit-formal-operator","Sit Formal Operator","pages/sit-formal-operator.md","/v5ma.github.io/wiki/content/sit-formal-operator.md","4982","4982","ec415eabdcacebeea4dd1efec88ccbb7181fadc34b0c4266f3be9d90f830e66c","ec415eabdcacebeea4dd1efec88ccbb7181fadc34b0c4266f3be9d90f830e66c",""
"sit-history-corpus-2025","Sit History Corpus 2025","pages/sit-history-corpus-2025.md","/v5ma.github.io/wiki/content/sit-history-corpus-2025.md","2509","2509","a5fb8c8b19fee884a4141da2a45f7529cdbdd0fffe8ffb987c54e51f1e5c85e6","a5fb8c8b19fee884a4141da2a45f7529cdbdd0fffe8ffb987c54e51f1e5c85e6",""
"sit-history-corpus-svgn","Sit History Corpus Svgn","pages/sit-history-corpus-svgn.md","/v5ma.github.io/wiki/content/sit-history-corpus-svgn.md","4231","4231","5fea4413f99ae3ef25e5f8763aeb3ca4b5f47b3a7de2fec5ec8e093eabf0ec89","5fea4413f99ae3ef25e5f8763aeb3ca4b5f47b3a7de2fec5ec8e093eabf0ec89",""
"sit-hydrogen-first-principles-graphic","Sit Hydrogen First Principles Graphic","pages/sit-hydrogen-first-principles-graphic.md","/v5ma.github.io/wiki/content/sit-hydrogen-first-principles-graphic.md","9779","9779","d76039f34b29e43d9768458f19581c6bec5af8cfa6aa421750e88ea381fdd458","d76039f34b29e43d9768458f19581c6bec5af8cfa6aa421750e88ea381fdd458",""
"sit-hydrogen-part1","Sit Hydrogen Part1","pages/sit-hydrogen-part1.md","/v5ma.github.io/wiki/content/sit-hydrogen-part1.md","5050","5050","58e2a205b773be147e64979d64c00c9d75de6e1c7af36ca4dfd73cfc40edc44c","58e2a205b773be147e64979d64c00c9d75de6e1c7af36ca4dfd73cfc40edc44c",""
"sit-hydrogen-part2","Sit Hydrogen Part2","pages/sit-hydrogen-part2.md","/v5ma.github.io/wiki/content/sit-hydrogen-part2.md","9165","9165","5dbc6abd7cf1926d41f4134727bbdf447dce249edf0d2609cd62b28dadde6ec5","5dbc6abd7cf1926d41f4134727bbdf447dce249edf0d2609cd62b28dadde6ec5",""
"sit-identification-explicit","Sit Identification Explicit","pages/sit-identification-explicit.md","/v5ma.github.io/wiki/content/sit-identification-explicit.md","10442","10442","37fd89863ea22a19d3055ea6630be7070ddc28184bf5bf89a810ce8444920079","37fd89863ea22a19d3055ea6630be7070ddc28184bf5bf89a810ce8444920079",""
"sit-riemann-operator-core-philosophy","Sit Riemann Operator Core Philosophy","pages/sit-riemann-operator-core-philosophy.md","/v5ma.github.io/wiki/content/sit-riemann-operator-core-philosophy.md","8787","8787","0e157ae7410ad8c3ed85a076fc5f595d30f13206d0fcf2a0700554cabc2b13a0","0e157ae7410ad8c3ed85a076fc5f595d30f13206d0fcf2a0700554cabc2b13a0",""
"sit-spin","Sit Spin","pages/sit-spin.md","/v5ma.github.io/wiki/content/sit-spin.md","11522","10990","d1825e478d6db08b7d7a72bc5ec94b9488872b85b853704f08748703179b7057","3fa8251aba6a095ef31119667484022d32936511f421511001833d4f9e3ddd4c","routeBlocksRemoved:1"
"sit-v70","Sit V70","pages/sit-v70.md","/v5ma.github.io/wiki/content/sit-v70.md","8138","8138","8a329cd35f23db6d1bc592b6a8177542e4bc775af9d20c0fe7863b762ee25ad3","8a329cd35f23db6d1bc592b6a8177542e4bc775af9d20c0fe7863b762ee25ad3",""
"sit-v71","Sit V71","pages/sit-v71.md","/v5ma.github.io/wiki/content/sit-v71.md","9865","9865","5d77cc515016e6ffceadabfe9cbfa3c0d153b5040cfbc01fad15a98174a9ce36","5d77cc515016e6ffceadabfe9cbfa3c0d153b5040cfbc01fad15a98174a9ce36",""
"sit-v72","Sit V72","pages/sit-v72.md","/v5ma.github.io/wiki/content/sit-v72.md","9002","8277","fa1a41fe1ed83ab6d73a1fbaf5de2c1cf3b717f6195b5d8b2807346f35eebefd","ca4379f7200676ea05920ba9594f49b6432712965c4ecd2b416923cf7104f08e","routeBlocksRemoved:1"
"sit-v73","Sit V73","pages/sit-v73.md","/v5ma.github.io/wiki/content/sit-v73.md","11672","11672","7b2903831e81c4adef531edebe18c25e4dc8478685a3faeb7e1faa6a68a4d78f","7b2903831e81c4adef531edebe18c25e4dc8478685a3faeb7e1faa6a68a4d78f",""
"sit-v74","Sit V74","pages/sit-v74.md","/v5ma.github.io/wiki/content/sit-v74.md","9063","8338","66325b9e6a9277f19368b1a1b1b4cbbb7f3108184ce52007720d27823ff992ea","8e2f67d0f405a4425aa0599dc2cde72a6c2a70c13087c99ee0e51d1fdb194168","routeBlocksRemoved:1"
"sit-v75","Sit V75","pages/sit-v75.md","/v5ma.github.io/wiki/content/sit-v75.md","9226","8501","2634fc3adf204ca8fd3306fe19bc4014832d411722e8c00bee6c47b2e163d864","d122f1a1059a6b784e2bed3635bba25be1005700d6c70e7798e564b52f840ff9","routeBlocksRemoved:1"
"sit-v76-gap-filling-svgn","SIT V76 Gap Filling (SVGN)","pages/sit-v76-gap-filling-svgn.md","/v5ma.github.io/wiki/content/sit-v76-gap-filling-svgn.md","4282","4282","08adbbf3c2014303868fbce3aa2bcca8c80a2d8d3e790d5c2f1f092b030ed010","08adbbf3c2014303868fbce3aa2bcca8c80a2d8d3e790d5c2f1f092b030ed010",""
"sit-v77-coherence-conservation-law","Sit V77 Coherence Conservation Law","pages/sit-v77-coherence-conservation-law.md","/v5ma.github.io/wiki/content/sit-v77-coherence-conservation-law.md","9948","9948","c7525a27dca0e78b07dad4b4700a6a101cdfcd2f3e42899e4aeb600b1b0cbbb0","c7525a27dca0e78b07dad4b4700a6a101cdfcd2f3e42899e4aeb600b1b0cbbb0",""
"sit-vs-figshare-priority-dispute","Sit Vs Figshare Priority Dispute","pages/sit-vs-figshare-priority-dispute.md","/v5ma.github.io/wiki/content/sit-vs-figshare-priority-dispute.md","9241","9241","e2320a18cd4b75adc277e8340e60505516432c1462293dc55aad1e6b6caa4bf7","e2320a18cd4b75adc277e8340e60505516432c1462293dc55aad1e6b6caa4bf7",""
"sit-vs-van-raamsdonk-1","Sit Vs Van Raamsdonk 1","pages/sit-vs-van-raamsdonk-1.md","/v5ma.github.io/wiki/content/sit-vs-van-raamsdonk-1.md","11067","11067","e7a00880ebee087ce9348bc525fc4d1148a8ce97a642dd260d98f7c27ef58ca7","e7a00880ebee087ce9348bc525fc4d1148a8ce97a642dd260d98f7c27ef58ca7",""
"sit-vs-van-raamsdonk-2","SIT vs Van Raamsdonk (2)","pages/sit-vs-van-raamsdonk-2.md","/v5ma.github.io/wiki/content/sit-vs-van-raamsdonk-2.md","4893","4252","6e45397209d216e0fdec225885d0f5199160d540769c1c1e2d7e12ee87d5661d","12170401e4ee8060bcd6a1bc1c00f69c4528e62bf2a1c474aa92bc2ec4041157","routeBlocksRemoved:1"
"sit-zeta-symbolic-engine-riemann-sphere","SIT Zeta Symbolic Engine — Riemann Sphere","pages/sit-zeta-symbolic-engine-riemann-sphere.md","/v5ma.github.io/wiki/content/sit-zeta-symbolic-engine-riemann-sphere.md","4257","4257","514b37853d96c41899a1300cd9ea14c3099914f58529d337130e6c835d6a6f43","514b37853d96c41899a1300cd9ea14c3099914f58529d337130e6c835d6a6f43",""
"sit","SIT","pages/sit.md","/v5ma.github.io/wiki/content/sit.md","11945","11945","62fe0890d8aaba70315c17692d75728392122487ebfcb25166f376d540cef3cc","62fe0890d8aaba70315c17692d75728392122487ebfcb25166f376d540cef3cc",""
"six-modality-sensory-architecture-seventh-observer","Six-Modality Architecture and the Proposed Seventh Observer","pages/six-modality-sensory-architecture-seventh-observer.md","/v5ma.github.io/wiki/content/six-modality-sensory-architecture-seventh-observer.md","3873","3873","64d4371b5b4fb4f386f0394a7727b305aeb8b1aa1d55a15b71dfa6c131474f4b","64d4371b5b4fb4f386f0394a7727b305aeb8b1aa1d55a15b71dfa6c131474f4b",""
"sleep-spindles-sharp-wave-ripples","Sleep Spindles Sharp Wave Ripples","pages/sleep-spindles-sharp-wave-ripples.md","/v5ma.github.io/wiki/content/sleep-spindles-sharp-wave-ripples.md","11620","11620","e3a37d289992c68721f31664c1973a81b252fa19a69800edcdd5d9f46b2a53c0","e3a37d289992c68721f31664c1973a81b252fa19a69800edcdd5d9f46b2a53c0",""
"slice-projection-theorem","Slice Projection Theorem","pages/slice-projection-theorem.md","/v5ma.github.io/wiki/content/slice-projection-theorem.md","8176","8176","a8b64f4f97c90ebbaf31c910f9a9b676f18baf83e6f0a5a6fa6435b9fe8ffbc9","a8b64f4f97c90ebbaf31c910f9a9b676f18baf83e6f0a5a6fa6435b9fe8ffbc9",""
"slow-cortical-potentials-napot-revision-3","Slow Cortical Potentials Napot Revision 3","pages/slow-cortical-potentials-napot-revision-3.md","/v5ma.github.io/wiki/content/slow-cortical-potentials-napot-revision-3.md","2960","2960","75fe6a464a4af7c09ade5385271f7fc336d95a7f07d3519898cf9b461d068e54","75fe6a464a4af7c09ade5385271f7fc336d95a7f07d3519898cf9b461d068e54",""
"small-world-network","Small World Network","pages/small-world-network.md","/v5ma.github.io/wiki/content/small-world-network.md","10641","10641","16c4578f294534b2fbbf04bf24888fbf81d83d2c662cee2aab5113afe3108296","16c4578f294534b2fbbf04bf24888fbf81d83d2c662cee2aab5113afe3108296",""
"social-neural-network-parallels","Social Neural Network Parallels","pages/social-neural-network-parallels.md","/v5ma.github.io/wiki/content/social-neural-network-parallels.md","4176","4176","9e7dfe535cdfa4063e1f150e0c9b98e6a5347e8b7a192c4d15aa6e8c81390bd2","9e7dfe535cdfa4063e1f150e0c9b98e6a5347e8b7a192c4d15aa6e8c81390bd2",""
"socially-internalized-inner-speech-self-model","From Other-Model to Self-Model: Socially Internalized Inner Speech","pages/socially-internalized-inner-speech-self-model.md","/v5ma.github.io/wiki/content/socially-internalized-inner-speech-self-model.md","5423","5423","744536f0f875ac9b670e3d56e17b76abb481592143f49f01a79a429844a43615","744536f0f875ac9b670e3d56e17b76abb481592143f49f01a79a429844a43615",""
"soliton-mechanical-waves","Soliton Mechanical Waves","pages/soliton-mechanical-waves.md","/v5ma.github.io/wiki/content/soliton-mechanical-waves.md","7296","7296","bc6911a3fac3b8189387624fd2353790148a61db3a3d68977c19e4ad3309b884","bc6911a3fac3b8189387624fd2353790148a61db3a3d68977c19e4ad3309b884",""
"soliton-wave-mechano-neural-signaling","Soliton Wave Mechano Neural Signaling","pages/soliton-wave-mechano-neural-signaling.md","/v5ma.github.io/wiki/content/soliton-wave-mechano-neural-signaling.md","2638","2638","8f7a5fa9ac7ea4d7900513bdb7987f54e218c69e3b570afac329410586ba1877","8f7a5fa9ac7ea4d7900513bdb7987f54e218c69e3b570afac329410586ba1877",""
"source-faithful-correction-intent-recovery-protocol","Source-Faithful Correction and Intent Recovery","pages/source-faithful-correction-intent-recovery-protocol.md","/v5ma.github.io/wiki/content/source-faithful-correction-intent-recovery-protocol.md","6669","6669","2726a80ec86abadc37c0bce29aa1ce58506235df2f9edde36fa2c2567e5b4b8a","2726a80ec86abadc37c0bce29aa1ce58506235df2f9edde36fa2c2567e5b4b8a",""
"source-faithful-correction-retro-audit-register","Source-Faithful Correction Retro-Audit Register","pages/source-faithful-correction-retro-audit-register.md","/v5ma.github.io/wiki/content/source-faithful-correction-retro-audit-register.md","50280","50280","80f28a2b1fa183b2a6c5d6b879d9efe3a8c4434ec9767665667638769df079aa","80f28a2b1fa183b2a6c5d6b879d9efe3a8c4434ec9767665667638769df079aa",""
"source-faithful-retro-audit-grid-reference-wave","Retroactive Correction Audit: Grid and Reference Frames","pages/source-faithful-retro-audit-grid-reference-wave.md","/v5ma.github.io/wiki/content/source-faithful-retro-audit-grid-reference-wave.md","3620","3620","b2e1105aa6600d9639833f89e3e028bfb21fd2969dcb5fb131d63ed0c7b99519","b2e1105aa6600d9639833f89e3e028bfb21fd2969dcb5fb131d63ed0c7b99519",""
"space-as-phasefield","Space As Phasefield","pages/space-as-phasefield.md","/v5ma.github.io/wiki/content/space-as-phasefield.md","11905","11905","dfd372fb6888acba2487efa72d9d9b822d329db8362a64da6a6ba0be3abc1b35","dfd372fb6888acba2487efa72d9d9b822d329db8362a64da6a6ba0be3abc1b35",""
"spacetime-geometry-as-ground-of-being","Spacetime Geometry As Ground Of Being","pages/spacetime-geometry-as-ground-of-being.md","/v5ma.github.io/wiki/content/spacetime-geometry-as-ground-of-being.md","2121","2121","753a3ad18752886b2ce1b826368b576000c76442c09e3c8cdbef25c5667ffaff","753a3ad18752886b2ce1b826368b576000c76442c09e3c8cdbef25c5667ffaff",""
"spacetime-geometry-observer","Spacetime Geometry Observer","pages/spacetime-geometry-observer.md","/v5ma.github.io/wiki/content/spacetime-geometry-observer.md","1916","1916","81e3493a33efecb65dde24b0ba832e0e9fae4e5ef02d0a4f59af89c167276ccf","81e3493a33efecb65dde24b0ba832e0e9fae4e5ef02d0a4f59af89c167276ccf",""
"spacetime-vortex-particle-model","Spacetime Vortex Particle Model","pages/spacetime-vortex-particle-model.md","/v5ma.github.io/wiki/content/spacetime-vortex-particle-model.md","2042","2042","ae666a75bb3213050e20ceecc62a4a90f07f01a0699700ea04a06070febc6553","ae666a75bb3213050e20ceecc62a4a90f07f01a0699700ea04a06070febc6553",""
"spacetime","Spacetime","pages/spacetime.md","/v5ma.github.io/wiki/content/spacetime.md","14719","14719","fa83f97822b510d5771d465c055a71d1cafe32764c001ab16ae21ef8a227ae26","fa83f97822b510d5771d465c055a71d1cafe32764c001ab16ae21ef8a227ae26",""
"sparse-distributed-memory","Sparse Distributed Memory","pages/sparse-distributed-memory.md","/v5ma.github.io/wiki/content/sparse-distributed-memory.md","8741","8741","1b0e8c1e082c1def4ff4aae65711be2a787229c3d4aef90497daefded475938e","1b0e8c1e082c1def4ff4aae65711be2a787229c3d4aef90497daefded475938e",""
"sparse-distributed-representation","Sparse Distributed Representation","pages/sparse-distributed-representation.md","/v5ma.github.io/wiki/content/sparse-distributed-representation.md","19687","19723","ae636d0b4ea67af5878b6f41b3663ee10e289f9193fc308d1cec1d53cfc3625f","e77a94f550af7483701cc4edf92990620a1c33d25cc7a7b28de226ee0777cfcb","privateArchiveNamesGeneralized:2"
"sparse-distributed-representations","Sparse Distributed Representations","pages/sparse-distributed-representations.md","/v5ma.github.io/wiki/content/sparse-distributed-representations.md","11726","11726","f5a1ecf2889f2ed1561fe1ef4133b35f1359e190c7277fcb1e4faa593110a83b","f5a1ecf2889f2ed1561fe1ef4133b35f1359e190c7277fcb1e4faa593110a83b",""
"sparse-sequential-rendering-temporal-binding","Sparse Sequential Rendering and Multimodal Temporal Binding","pages/sparse-sequential-rendering-temporal-binding.md","/v5ma.github.io/wiki/content/sparse-sequential-rendering-temporal-binding.md","5919","5919","c3703ce738edcc947ee71f35f162aea00371790f1573955bea7e07a87c7ded9b","c3703ce738edcc947ee71f35f162aea00371790f1573955bea7e07a87c7ded9b",""
"spatial-information","Spatial Information","pages/spatial-information.md","/v5ma.github.io/wiki/content/spatial-information.md","9948","9948","af301063294fb2fd0dd878acb6769a51c86082b30353cab5deee219ece4f4013","af301063294fb2fd0dd878acb6769a51c86082b30353cab5deee219ece4f4013",""
"spatial-pattern-coding","Spatial Pattern Coding","pages/spatial-pattern-coding.md","/v5ma.github.io/wiki/content/spatial-pattern-coding.md","4439","4439","a62db4ffacd626c9dc22b40c1f57acd964490e895f34946d34e74b7825f5914a","a62db4ffacd626c9dc22b40c1f57acd964490e895f34946d34e74b7825f5914a",""
"spatiotemporal-neural-firing-patterns","Spatiotemporal Neural Firing Patterns","pages/spatiotemporal-neural-firing-patterns.md","/v5ma.github.io/wiki/content/spatiotemporal-neural-firing-patterns.md","778","77","887dee5158b8ccb5ddf36957a13866440ffbe14c109dd1618a543b13640266c8","5899ce9eef3af6bc9dd70cf9cb33593e76c29acf3db2bad39b6eb00c61fec8d7","routeBlocksRemoved:1"
"spatiotemporal-pattern","Spatiotemporal Pattern","pages/spatiotemporal-pattern.md","/v5ma.github.io/wiki/content/spatiotemporal-pattern.md","9981","9981","6072ce24d980b050fcb39f5fd68fbb393e1647d4806d73fb58ea89a268652558","6072ce24d980b050fcb39f5fd68fbb393e1647d4806d73fb58ea89a268652558",""
"spear-hippocampal-phase-offset","Spear Hippocampal Phase Offset","pages/spear-hippocampal-phase-offset.md","/v5ma.github.io/wiki/content/spear-hippocampal-phase-offset.md","2331","2331","390fc210c3f498eb121970bb0ef13aa4c5cd509167385546c2de44537790f8a7","390fc210c3f498eb121970bb0ef13aa4c5cd509167385546c2de44537790f8a7",""
"spectral-graph-temporal-consciousness","Spectral Graph Temporal Consciousness","pages/spectral-graph-temporal-consciousness.md","/v5ma.github.io/wiki/content/spectral-graph-temporal-consciousness.md","1974","1974","4e36bb03cf0503b32dd4cb7c77327f81f7da6a94a7efa316554a61eb2e49a607","4e36bb03cf0503b32dd4cb7c77327f81f7da6a94a7efa316554a61eb2e49a607",""
"spectral-graph-theory-brain-oscillations","Spectral Graph Theory Brain Oscillations","pages/spectral-graph-theory-brain-oscillations.md","/v5ma.github.io/wiki/content/spectral-graph-theory-brain-oscillations.md","2865","2865","476b7f9f1d0846102eba4a1f05d0df635a2cb5484761eab92f7b207152fc9779","476b7f9f1d0846102eba4a1f05d0df635a2cb5484761eab92f7b207152fc9779",""
"speech-reconstruction-auditory-cortex","Speech Reconstruction Auditory Cortex","pages/speech-reconstruction-auditory-cortex.md","/v5ma.github.io/wiki/content/speech-reconstruction-auditory-cortex.md","11162","11162","ae9ceb895c296bd61d94e498a73935d9651e1c0958c183fa6ea3997c14d6d01a","ae9ceb895c296bd61d94e498a73935d9651e1c0958c183fa6ea3997c14d6d01a",""
"spike-frequency-coding","Spike Frequency Coding","pages/spike-frequency-coding.md","/v5ma.github.io/wiki/content/spike-frequency-coding.md","3622","3622","7f3f3b43c7a0227f459ac2bb72ffd23cfff1697063bd5d9a695be5d3735e0f62","7f3f3b43c7a0227f459ac2bb72ffd23cfff1697063bd5d9a695be5d3735e0f62",""
"spike-inhibition-waves","Spike Inhibition Waves","pages/spike-inhibition-waves.md","/v5ma.github.io/wiki/content/spike-inhibition-waves.md","3707","3707","9e8b9632f90776a75555d3a1e202ec0ef1e5ec9d32297c9db728461abba09688","9e8b9632f90776a75555d3a1e202ec0ef1e5ec9d32297c9db728461abba09688",""
"split-brain-modular-observer","Split Brain Modular Observer","pages/split-brain-modular-observer.md","/v5ma.github.io/wiki/content/split-brain-modular-observer.md","2911","2911","ddbcafee0c2f710186eb5052c1955651022262dfc5179c0b6416e8be6965fef0","ddbcafee0c2f710186eb5052c1955651022262dfc5179c0b6416e8be6965fef0",""
"spontaneous-harmonic-synchronization","Spontaneous Harmonic Synchronization","pages/spontaneous-harmonic-synchronization.md","/v5ma.github.io/wiki/content/spontaneous-harmonic-synchronization.md","3998","3998","e9814cda5438e54b3d86e6bcefec26d6c5f2c966c4a1fbff37accfb89c660342","e9814cda5438e54b3d86e6bcefec26d6c5f2c966c4a1fbff37accfb89c660342",""
"start-here","Start Here","pages/start-here.md","/v5ma.github.io/wiki/content/start-here.md","5425","1799","10bccee96d4b2ec4207582cbb2c72908317a6d4124658b70ddfc53cf03d80f8c","79029c446ea630aff86d83805acac27275410977ef04b6df979cacfa8058efce","routeBlocksRemoved:3"
"state-relative-differential-neural-write-in","State-Relative Differential Neural Write-In","pages/state-relative-differential-neural-write-in.md","/v5ma.github.io/wiki/content/state-relative-differential-neural-write-in.md","3891","3891","ff0d0e8faedeed3baa37fce2f1faa933e3d4d98e001ce440464480e027202743","ff0d0e8faedeed3baa37fce2f1faa933e3d4d98e001ce440464480e027202743",""
"static-map-vs-active-render","Static Map vs Active Render","pages/static-map-vs-active-render.md","/v5ma.github.io/wiki/content/static-map-vs-active-render.md","6218","6218","6f4fd8571be5c2b1ee0d8e86b58243ad84b5882a20d283b09cd435dba8e8c00e","6f4fd8571be5c2b1ee0d8e86b58243ad84b5882a20d283b09cd435dba8e8c00e",""
"statistical-mechanics-neocortical-interactions","Statistical Mechanics of Neocortical Interactions","pages/statistical-mechanics-neocortical-interactions.md","/v5ma.github.io/wiki/content/statistical-mechanics-neocortical-interactions.md","4505","4505","cc3f305ee3d96c220511fc95a9de2caf1dc820f815ad0ac70ea38f3d6f950353","cc3f305ee3d96c220511fc95a9de2caf1dc820f815ad0ac70ea38f3d6f950353",""
"stdp","STDP","pages/stdp.md","/v5ma.github.io/wiki/content/stdp.md","8973","8973","9a6fa9e2630580dca0a6852b56ef4f35f7c9d90780f796cbe649ba0aff571414","9a6fa9e2630580dca0a6852b56ef4f35f7c9d90780f796cbe649ba0aff571414",""
"stimulus-history-and-action-potential-waveform","Stimulus History and Action-Potential Waveform","pages/stimulus-history-and-action-potential-waveform.md","/v5ma.github.io/wiki/content/stimulus-history-and-action-potential-waveform.md","9884","9884","2a91a2a9e5d9dc768fd7617e68f7def7344aef220d36ad700a66e75fff2aec0f","2a91a2a9e5d9dc768fd7617e68f7def7344aef220d36ad700a66e75fff2aec0f",""
"stp-gravitational-phase-lock","STP Gravitational Phase Lock","pages/stp-gravitational-phase-lock.md","/v5ma.github.io/wiki/content/stp-gravitational-phase-lock.md","4795","4299","644f64794ae373b1e32bcbdc3eb5ce7322c4bc5f673b19e6c2eafbd65c32e1d6","5e293828750ef792a2e6ac4d9a581b7838d9d39671c759f61ecc80061b34b995","routeBlocksRemoved:1"
"stp-red-team-critique","STP Red-Team Critique","pages/stp-red-team-critique.md","/v5ma.github.io/wiki/content/stp-red-team-critique.md","4147","4147","7710b7431a815496837c00cfdedbafc159b7d4db1c9173417f52a5f165f681b5","7710b7431a815496837c00cfdedbafc159b7d4db1c9173417f52a5f165f681b5",""
"strange-loop-consciousness","Strange Loop Consciousness","pages/strange-loop-consciousness.md","/v5ma.github.io/wiki/content/strange-loop-consciousness.md","4071","4071","b1cdee6ec3be5ee0599cb8252c0ea063735fd2bb9f2fdcff55b698b4da75252b","b1cdee6ec3be5ee0599cb8252c0ea063735fd2bb9f2fdcff55b698b4da75252b",""
"strange-loop","Strange Loop","pages/strange-loop.md","/v5ma.github.io/wiki/content/strange-loop.md","12221","12221","c0bb923ca33bd070f0d7345f4a6fd92d27e65246874cf4dd17404ed3b588e580","c0bb923ca33bd070f0d7345f4a6fd92d27e65246874cf4dd17404ed3b588e580",""
"striking-similarity-doctrine","Striking Similarity Doctrine","pages/striking-similarity-doctrine.md","/v5ma.github.io/wiki/content/striking-similarity-doctrine.md","3801","3801","b1504d8ef8ed39298c75eb458686a1f9fecc97a59f38782d5aace0a9336d25c9","b1504d8ef8ed39298c75eb458686a1f9fecc97a59f38782d5aace0a9336d25c9",""
"strongest-argument-against-miller","Strongest Argument Against Miller","pages/strongest-argument-against-miller.md","/v5ma.github.io/wiki/content/strongest-argument-against-miller.md","9812","9812","26655745409c80b178c851510e42545f5e6e679ab6f7bd055c481e015e1caf83","26655745409c80b178c851510e42545f5e6e679ab6f7bd055c481e015e1caf83",""
"stuart-hameroff","Stuart Hameroff","pages/stuart-hameroff.md","/v5ma.github.io/wiki/content/stuart-hameroff.md","5343","5343","9b2b8e414ad97bae77a74e8ef41feb9f5fd8cbcb433aaa7bd9fe10dd6f10ae11","9b2b8e414ad97bae77a74e8ef41feb9f5fd8cbcb433aaa7bd9fe10dd6f10ae11",""
"subjective-objective-distinction","Subjective Objective Distinction","pages/subjective-objective-distinction.md","/v5ma.github.io/wiki/content/subjective-objective-distinction.md","2080","2080","7cc4709a55aec138f63b61e6ee3615e6be916b9e94b31db756022de65e9f97af","7cc4709a55aec138f63b61e6ee3615e6be916b9e94b31db756022de65e9f97af",""
"substrate-independence-intelligence","Substrate Independence Intelligence","pages/substrate-independence-intelligence.md","/v5ma.github.io/wiki/content/substrate-independence-intelligence.md","2530","2530","2e03a0c1ce06cf4198258478569e11246534c4b22a1b21c254e09a80cf53ef54","2e03a0c1ce06cf4198258478569e11246534c4b22a1b21c254e09a80cf53ef54",""
"substrate-independence-neural-computation","Substrate Independence Neural Computation","pages/substrate-independence-neural-computation.md","/v5ma.github.io/wiki/content/substrate-independence-neural-computation.md","1743","1743","1e3b196b6016705045736a308c3ddccb075b9fceed9a572621321a1e317375c3","1e3b196b6016705045736a308c3ddccb075b9fceed9a572621321a1e317375c3",""
"substrate-independence-of-mind","Substrate Independence Of Mind","pages/substrate-independence-of-mind.md","/v5ma.github.io/wiki/content/substrate-independence-of-mind.md","2706","2706","2f77c85ae7f449010c14306949dbeb58299dc56467200f6010a4038c400fec4f","2f77c85ae7f449010c14306949dbeb58299dc56467200f6010a4038c400fec4f",""
"super-dark-time","Super Dark Time","pages/super-dark-time.md","/v5ma.github.io/wiki/content/super-dark-time.md","3287","3287","9d50115643ac2f731f7368b5d84849961e827604ebc2819e204838b8da91366a","9d50115643ac2f731f7368b5d84849961e827604ebc2819e204838b8da91366a",""
"super-evolution-theory","Super Evolution Theory","pages/super-evolution-theory.md","/v5ma.github.io/wiki/content/super-evolution-theory.md","4185","4185","ee5652e22c87719c30dd40047f315772a456094ccee9edc413298a782c26f2c6","ee5652e22c87719c30dd40047f315772a456094ccee9edc413298a782c26f2c6",""
"super-information-theory-v76","Super Information Theory V76","pages/super-information-theory-v76.md","/v5ma.github.io/wiki/content/super-information-theory-v76.md","1953","1953","50f436ea849d217eb4a3b87e45f077a91267af347ab870e7ce4008a69f95bacb","50f436ea849d217eb4a3b87e45f077a91267af347ab870e7ce4008a69f95bacb",""
"super-information-theory","Super Information Theory","pages/super-information-theory.md","/v5ma.github.io/wiki/content/super-information-theory.md","2607","2607","193df6e634d4c47b8f510c724e28a82e1964e050b1776ba2fadbf8148d9e82fc","193df6e634d4c47b8f510c724e28a82e1964e050b1776ba2fadbf8148d9e82fc",""
"super-time-position","Super Time Position","pages/super-time-position.md","/v5ma.github.io/wiki/content/super-time-position.md","10063","10063","91bca4bdf9a2f4059626835ac251c4184da40f21969ed220eb6d9d732ac3e222","91bca4bdf9a2f4059626835ac251c4184da40f21969ed220eb6d9d732ac3e222",""
"supertimeposition","Supertimeposition","pages/supertimeposition.md","/v5ma.github.io/wiki/content/supertimeposition.md","2965","2965","3c154c86569dc91b42bb829abe35820e71d5bf7a8833309b29f911225f79540a","3c154c86569dc91b42bb829abe35820e71d5bf7a8833309b29f911225f79540a",""
"support-expansion-enablement-layer","Support Expansion Enablement Layer","pages/support-expansion-enablement-layer.md","/v5ma.github.io/wiki/content/support-expansion-enablement-layer.md","8667","8667","28e0eafaae4f1345c2e648b8860dfb6fcdc37cc9a9a06cc78b19c0bfda5ec817","28e0eafaae4f1345c2e648b8860dfb6fcdc37cc9a9a06cc78b19c0bfda5ec817",""
"suprachiasmatic-nucleus","Suprachiasmatic Nucleus","pages/suprachiasmatic-nucleus.md","/v5ma.github.io/wiki/content/suprachiasmatic-nucleus.md","7116","7116","22d7e33f3140bf65e46cdf332417922f6eb61e3f82353fdf4bf7a85a623de1f3","22d7e33f3140bf65e46cdf332417922f6eb61e3f82353fdf4bf7a85a623de1f3",""
"swarm-agi","Swarm Agi","pages/swarm-agi.md","/v5ma.github.io/wiki/content/swarm-agi.md","2531","2531","288eca4be9df3716ca6b34d371f46f0189113324970e228a516c14927cac2fbc","288eca4be9df3716ca6b34d371f46f0189113324970e228a516c14927cac2fbc",""
"synapse-as-quantum-event","Synapse As Quantum Event","pages/synapse-as-quantum-event.md","/v5ma.github.io/wiki/content/synapse-as-quantum-event.md","9147","8699","975c57b30db977cc8cc8300a7698b91592ffd5efc6d914672e4c044b629cf052","fc76b869f52676528ca5405aaaa73fee464508c764a49bcfcc8f63f9a3be441b","routeBlocksRemoved:1"
"synapse-as-signal","Synapse As Signal","pages/synapse-as-signal.md","/v5ma.github.io/wiki/content/synapse-as-signal.md","9369","9369","8515d0d9303f26c07850e919f069c4a50a8534e8a48529891ddf18a656d3e095","8515d0d9303f26c07850e919f069c4a50a8534e8a48529891ddf18a656d3e095",""
"synapse","Synapse","pages/synapse.md","/v5ma.github.io/wiki/content/synapse.md","8660","8660","88f62e6481509d7a83b8a574a55c29ffce6ceec02753c67a4fd14132d1a22d58","88f62e6481509d7a83b8a574a55c29ffce6ceec02753c67a4fd14132d1a22d58",""
"synaptic-cleft","Synaptic Cleft","pages/synaptic-cleft.md","/v5ma.github.io/wiki/content/synaptic-cleft.md","15733","15733","43a0a92d8c06e55fb36ffe0310b49d055c6ee06c05d807fc0e9b3bcb34ccba81","43a0a92d8c06e55fb36ffe0310b49d055c6ee06c05d807fc0e9b3bcb34ccba81",""
"synaptic-computation-ltp","Synaptic Computation Ltp","pages/synaptic-computation-ltp.md","/v5ma.github.io/wiki/content/synaptic-computation-ltp.md","2934","2934","fbe0ded2cc8974c06142b4b8a5b91443e2f05446124a71a47ff3117bdcd0c075","fbe0ded2cc8974c06142b4b8a5b91443e2f05446124a71a47ff3117bdcd0c075",""
"synaptic-computation","Synaptic Computation","pages/synaptic-computation.md","/v5ma.github.io/wiki/content/synaptic-computation.md","13667","13667","837c9a924eed0cc0f8001b422814b3c91b5dd6cd2e873b2eb9f3dd45f070761e","837c9a924eed0cc0f8001b422814b3c91b5dd6cd2e873b2eb9f3dd45f070761e",""
"synaptic-configuration","Synaptic Configuration","pages/synaptic-configuration.md","/v5ma.github.io/wiki/content/synaptic-configuration.md","9904","9904","b04eb145ee71da3a08d81894cdcc573dad3ec1fde15acf853b58c0acaa71241b","b04eb145ee71da3a08d81894cdcc573dad3ec1fde15acf853b58c0acaa71241b",""
"synaptic-connections","Synaptic Connections","pages/synaptic-connections.md","/v5ma.github.io/wiki/content/synaptic-connections.md","19173","19173","a24ae0cdeae95e4db993b974d7ae77431b7647cdda10a247905d19369d3cf3d3","a24ae0cdeae95e4db993b974d7ae77431b7647cdda10a247905d19369d3cf3d3",""
"synaptic-connectivity-dynamics","Synaptic Connectivity Dynamics","pages/synaptic-connectivity-dynamics.md","/v5ma.github.io/wiki/content/synaptic-connectivity-dynamics.md","1284","1284","4c66b71d2c6993c9f9ad65add51b4e7d72d4997e8ef8d640e60ce456d30e9a85","4c66b71d2c6993c9f9ad65add51b4e7d72d4997e8ef8d640e60ce456d30e9a85",""
"synaptic-frequency","Synaptic Frequency","pages/synaptic-frequency.md","/v5ma.github.io/wiki/content/synaptic-frequency.md","9450","9450","becdab82385a3bb37bf95c607f7d0b3f86316550aaf7bb161619a8c518f60a41","becdab82385a3bb37bf95c607f7d0b3f86316550aaf7bb161619a8c518f60a41",""
"synaptic-ion-channel-tone","Synaptic Ion Channel Tone","pages/synaptic-ion-channel-tone.md","/v5ma.github.io/wiki/content/synaptic-ion-channel-tone.md","4152","4152","a2d2c2a988772eda8e008a0f8963225c11059ffaac7486f3f1793db252cb1c29","a2d2c2a988772eda8e008a0f8963225c11059ffaac7486f3f1793db252cb1c29",""
"synaptic-molecular-complexity-ltp","Synaptic Molecular Complexity Ltp","pages/synaptic-molecular-complexity-ltp.md","/v5ma.github.io/wiki/content/synaptic-molecular-complexity-ltp.md","2798","2798","4635ad6b17741587ca4575f229f3854e0b2aceb795f5ad75d6207fcc5709ea66","4635ad6b17741587ca4575f229f3854e0b2aceb795f5ad75d6207fcc5709ea66",""
"synaptic-plasticity","Synaptic Plasticity: Timing, Oscillation, and SAN's Coherence-Dispersion Hypothesis","pages/synaptic-plasticity.md","/v5ma.github.io/wiki/content/synaptic-plasticity.md","14161","14161","7ab45b859d778aa18400f156dc362e297485138c23e37fb96fec8b34a1afe941","7ab45b859d778aa18400f156dc362e297485138c23e37fb96fec8b34a1afe941",""
"synaptic-unreliability-mvr-2021","Synaptic Unreliability, MVR, and the Ionotropic Information Channel","pages/synaptic-unreliability-mvr-2021.md","/v5ma.github.io/wiki/content/synaptic-unreliability-mvr-2021.md","7723","7723","83b4c3df441ac58fea5e7718d221314eb08237ec5360296f5499d4e5e34d7505","83b4c3df441ac58fea5e7718d221314eb08237ec5360296f5499d4e5e34d7505",""
"synaptic-unreliability","Synaptic Unreliability and Multivesicular Release","pages/synaptic-unreliability.md","/v5ma.github.io/wiki/content/synaptic-unreliability.md","4793","4793","3ffad626f888a3cf81a584ab6c718a575f60a5d4fbb93aad7ad636741cd8072b","3ffad626f888a3cf81a584ab6c718a575f60a5d4fbb93aad7ad636741cd8072b",""
"synaptic-vesicle-release","Synaptic Vesicle Release","pages/synaptic-vesicle-release.md","/v5ma.github.io/wiki/content/synaptic-vesicle-release.md","8352","8352","dd6d3c6d509273eca45e760024527778e2baa7e949330157decadcc0045b212c","dd6d3c6d509273eca45e760024527778e2baa7e949330157decadcc0045b212c",""
"synaptic-weight-update","Synaptic Weight Update","pages/synaptic-weight-update.md","/v5ma.github.io/wiki/content/synaptic-weight-update.md","9842","9334","ccee451afa14dc22d0e79c52d76d21ec81df3ce09fa287912efad471534f9c7b","245abce2a63069c65c9b80ab7150a737ca3833598077f03ee533ccefbd5bebef","routeBlocksRemoved:1"
"synaptic-weight","Synaptic Weight","pages/synaptic-weight.md","/v5ma.github.io/wiki/content/synaptic-weight.md","11969","11969","b3e0c9f846f56a222b722d1d9303222f6056bb94ac7659c70890269566995c35","b3e0c9f846f56a222b722d1d9303222f6056bb94ac7659c70890269566995c35",""
"sync-and-memory","Sync And Memory","pages/sync-and-memory.md","/v5ma.github.io/wiki/content/sync-and-memory.md","10228","10228","a17d803e7d6b92db11c8eb33afe8d0bef1303b5f281bcb73a3acfe9c464964e8","a17d803e7d6b92db11c8eb33afe8d0bef1303b5f281bcb73a3acfe9c464964e8",""
"synchronized-firing-patterns","Synchronized Firing Patterns","pages/synchronized-firing-patterns.md","/v5ma.github.io/wiki/content/synchronized-firing-patterns.md","6714","6714","b9e4c5714a1b48bbc3c4470e26119304d6ed144b206b6869a2ec49e049321e41","b9e4c5714a1b48bbc3c4470e26119304d6ed144b206b6869a2ec49e049321e41",""
"synchrony","Synchrony","pages/synchrony.md","/v5ma.github.io/wiki/content/synchrony.md","15862","15862","0d75b79d31023ace8faf81f751e7cae6c712dd3c0a594f3b8db1e44f52feae3e","0d75b79d31023ace8faf81f751e7cae6c712dd3c0a594f3b8db1e44f52feae3e",""
"tcnr","TCNR","pages/tcnr.md","/v5ma.github.io/wiki/content/tcnr.md","13555","13555","6d700829b9045a95a43f4ae74548784d3fc5f44fc3fcf3c43e4320267f408f59","6d700829b9045a95a43f4ae74548784d3fc5f44fc3fcf3c43e4320267f408f59",""
"tcnr1","TCNR1","pages/tcnr1.md","/v5ma.github.io/wiki/content/tcnr1.md","3915","3915","b021085f5ba5af180e3ad9165d61c754330e6f1a6a3c5ff27b50e97dc994f10d","b021085f5ba5af180e3ad9165d61c754330e6f1a6a3c5ff27b50e97dc994f10d",""
"teleonomic-principle","Teleonomic Principle","pages/teleonomic-principle.md","/v5ma.github.io/wiki/content/teleonomic-principle.md","8629","8629","d2891cb69c5c1deafe14cd8a412432ee1e7351ad2d6821359300d2e1d3cee3c7","d2891cb69c5c1deafe14cd8a412432ee1e7351ad2d6821359300d2e1d3cee3c7",""
"telescoping-network-neighborhood-reinstatement","Telescoping Network-Neighborhood Reinstatement","pages/telescoping-network-neighborhood-reinstatement.md","/v5ma.github.io/wiki/content/telescoping-network-neighborhood-reinstatement.md","10367","10367","a54c1687db46ffda0cc4793cd8aa7ceafce7bef521ba906a7da9da8a08764640","a54c1687db46ffda0cc4793cd8aa7ceafce7bef521ba906a7da9da8a08764640",""
"tempo-spatial-patterns","Tempo Spatial Patterns","pages/tempo-spatial-patterns.md","/v5ma.github.io/wiki/content/tempo-spatial-patterns.md","8915","8915","d8e609a121957210ee6b0bcc5144ad22071c474ac6886c26645a96658ec66557","d8e609a121957210ee6b0bcc5144ad22071c474ac6886c26645a96658ec66557",""
"tempo-spatial-phasic-coincidence","Tempo Spatial Phasic Coincidence","pages/tempo-spatial-phasic-coincidence.md","/v5ma.github.io/wiki/content/tempo-spatial-phasic-coincidence.md","9786","9786","1a79ef03d3778527a86f6bd72a6d3ec19eb8773bd91312481612216b27d318b7","1a79ef03d3778527a86f6bd72a6d3ec19eb8773bd91312481612216b27d318b7",""
"temporal-context-coding","Temporal Context Coding","pages/temporal-context-coding.md","/v5ma.github.io/wiki/content/temporal-context-coding.md","8765","8765","fefc8b6081e26d9e823e1acd621209d0745fa951b8f03f0bb127fe2e25d2b576","fefc8b6081e26d9e823e1acd621209d0745fa951b8f03f0bb127fe2e25d2b576",""
"temporal-dynamics-of-awareness","Temporal Dynamics of Awareness","pages/temporal-dynamics-of-awareness.md","/v5ma.github.io/wiki/content/temporal-dynamics-of-awareness.md","13915","13915","21a25dece71d3fbaa9c5728539a06cc4d5445f913553212e645bffa7f7110ed5","21a25dece71d3fbaa9c5728539a06cc4d5445f913553212e645bffa7f7110ed5",""
"temporal-interference-patterns","Temporal Interference Patterns","pages/temporal-interference-patterns.md","/v5ma.github.io/wiki/content/temporal-interference-patterns.md","10734","10734","42f88ef8d68494fa2cbaf74aa910bd14594cf2de32dfce929e43cdb3ad5e4898","42f88ef8d68494fa2cbaf74aa910bd14594cf2de32dfce929e43cdb3ad5e4898",""
"temporal-oscillation-phase","Temporal Oscillation Phase","pages/temporal-oscillation-phase.md","/v5ma.github.io/wiki/content/temporal-oscillation-phase.md","8558","8558","81f4254be182245884a902b976d8ed5fc8ec18ef88d56d6c0457717cdb520bd4","81f4254be182245884a902b976d8ed5fc8ec18ef88d56d6c0457717cdb520bd4",""
"temporal-parietal-junction","Temporal Parietal Junction","pages/temporal-parietal-junction.md","/v5ma.github.io/wiki/content/temporal-parietal-junction.md","11122","11122","927774a6852d6cfa6c07cc6dc5094fa575b89ddd9f64da489d325cc77b4109e7","927774a6852d6cfa6c07cc6dc5094fa575b89ddd9f64da489d325cc77b4109e7",""
"temporal-pattern-coding","Temporal Pattern Coding","pages/temporal-pattern-coding.md","/v5ma.github.io/wiki/content/temporal-pattern-coding.md","9265","9265","126de31cde695acd4f92136aec6ff2acaf00ed89afdc80e56bd5f41632c69911","126de31cde695acd4f92136aec6ff2acaf00ed89afdc80e56bd5f41632c69911",""
"temporal-phase-coding","Temporal Phase Coding","pages/temporal-phase-coding.md","/v5ma.github.io/wiki/content/temporal-phase-coding.md","9869","9869","d80eebc0375993ce5f7c89452bb973576668c28d737de464b410ccb6df4ef3c5","d80eebc0375993ce5f7c89452bb973576668c28d737de464b410ccb6df4ef3c5",""
"temporal-spatial-coincidence-detection","Temporal Spatial Coincidence Detection","pages/temporal-spatial-coincidence-detection.md","/v5ma.github.io/wiki/content/temporal-spatial-coincidence-detection.md","9507","9507","ea0ae91be888b6594f16d336038bf82c78360b3660162697d36f0f6a3a1b3456","ea0ae91be888b6594f16d336038bf82c78360b3660162697d36f0f6a3a1b3456",""
"temporal-spatial-frequency","Temporal Spatial Frequency","pages/temporal-spatial-frequency.md","/v5ma.github.io/wiki/content/temporal-spatial-frequency.md","9869","9869","3d2ee1ff155090d8f33ff132016f61c5d2a04d54a6429415adb0f084dfdc67ba","3d2ee1ff155090d8f33ff132016f61c5d2a04d54a6429415adb0f084dfdc67ba",""
"temporal-spatial-scale-tuning","Temporal Spatial Scale Tuning","pages/temporal-spatial-scale-tuning.md","/v5ma.github.io/wiki/content/temporal-spatial-scale-tuning.md","9276","9276","91b4226866ef3f1722ad43ff001a875711cca267359b8b8d8ef1b2b96e9760f6","91b4226866ef3f1722ad43ff001a875711cca267359b8b8d8ef1b2b96e9760f6",""
"temporal-synchronicity","Temporal Synchronicity","pages/temporal-synchronicity.md","/v5ma.github.io/wiki/content/temporal-synchronicity.md","8486","8486","576530d1663f8f2c2c13266907c882e339b7437a81a420568e1e667413bfb76a","576530d1663f8f2c2c13266907c882e339b7437a81a420568e1e667413bfb76a",""
"temporal-tracking","Temporal Tracking","pages/temporal-tracking.md","/v5ma.github.io/wiki/content/temporal-tracking.md","8465","8465","c23a8b3342d11966a29442f187d7dc21986c1fd0d5521b15aaec0493ba506c7f","c23a8b3342d11966a29442f187d7dc21986c1fd0d5521b15aaec0493ba506c7f",""
"temporal-undersampling","Temporal Undersampling","pages/temporal-undersampling.md","/v5ma.github.io/wiki/content/temporal-undersampling.md","11134","11134","833134e6f01b101d5b4df85a5d221b8cceb10bf86f9e7df842cbc9b37aa30229","833134e6f01b101d5b4df85a5d221b8cceb10bf86f9e7df842cbc9b37aa30229",""
"temporoparietal-junction","Temporoparietal Junction","pages/temporoparietal-junction.md","/v5ma.github.io/wiki/content/temporoparietal-junction.md","10060","10060","72ae88fbbb1030351e53b03154d0509b93bdec8262fe4c2888bee40ec70bcfc6","72ae88fbbb1030351e53b03154d0509b93bdec8262fe4c2888bee40ec70bcfc6",""
"tensegrity-memory","Tensegrity Memory","pages/tensegrity-memory.md","/v5ma.github.io/wiki/content/tensegrity-memory.md","5182","5182","759b6866f322af494a1a457fbe9cb5695f1a8ee210e0cc94808801555452719a","759b6866f322af494a1a457fbe9cb5695f1a8ee210e0cc94808801555452719a",""
"tensegrity","Tensegrity","pages/tensegrity.md","/v5ma.github.io/wiki/content/tensegrity.md","10426","10426","85bc7d55f11214e5fba8a0e6766d6df41f5b45266e8bd1e82c820f3c524467e7","85bc7d55f11214e5fba8a0e6766d6df41f5b45266e8bd1e82c820f3c524467e7",""
"thalamic-bridge-consciousness-portal","Thalamic Bridge Consciousness Portal","pages/thalamic-bridge-consciousness-portal.md","/v5ma.github.io/wiki/content/thalamic-bridge-consciousness-portal.md","2989","2989","5bfffb56f5f6c8c36023d6f22075ceb4d1f6209071e971e984b304766b3bdd2c","5bfffb56f5f6c8c36023d6f22075ceb4d1f6209071e971e984b304766b3bdd2c",""
"thalamic-bridges","Thalamic Bridges","pages/thalamic-bridges.md","/v5ma.github.io/wiki/content/thalamic-bridges.md","8626","8626","45d1977d5b5c5986824fcf063aea452c59e87155a6dcb15b50f3eb938a42193f","45d1977d5b5c5986824fcf063aea452c59e87155a6dcb15b50f3eb938a42193f",""
"thalamic-convergence-zone","Thalamic Convergence Zone","pages/thalamic-convergence-zone.md","/v5ma.github.io/wiki/content/thalamic-convergence-zone.md","5941","5941","c680b7ef42c9f5af672542004f4a4948dcde5dffff1e3b52535702007a1a07e2","c680b7ef42c9f5af672542004f4a4948dcde5dffff1e3b52535702007a1a07e2",""
"thalamic-cortical-loop","Thalamic Cortical Loop","pages/thalamic-cortical-loop.md","/v5ma.github.io/wiki/content/thalamic-cortical-loop.md","4865","4865","32f227db2fac5e192246a5945e3de93f2f202eef104138f90909c6553abf58dc","32f227db2fac5e192246a5945e3de93f2f202eef104138f90909c6553abf58dc",""
"thalamic-cortical-loops","Thalamic Cortical Loops","pages/thalamic-cortical-loops.md","/v5ma.github.io/wiki/content/thalamic-cortical-loops.md","10190","10190","d9c66373d439ef0336f945385c725956bd35182f51927a7ed8bb2ea6019696c9","d9c66373d439ef0336f945385c725956bd35182f51927a7ed8bb2ea6019696c9",""
"thalamic-gating","Thalamic Gating","pages/thalamic-gating.md","/v5ma.github.io/wiki/content/thalamic-gating.md","7812","7812","3e307fb389514397d0f1735e3a866e005df74e180dfba3ef04adbca1ae98c991","3e307fb389514397d0f1735e3a866e005df74e180dfba3ef04adbca1ae98c991",""
"thalamic-nuclei","Thalamic Nuclei","pages/thalamic-nuclei.md","/v5ma.github.io/wiki/content/thalamic-nuclei.md","12303","12303","ef16b4a4efd0374d43944cf713d20ec09375a1a9e5ce0b357eeb688a0a0079fb","ef16b4a4efd0374d43944cf713d20ec09375a1a9e5ce0b357eeb688a0a0079fb",""
"thalamo-cortical-information-flow","Thalamo Cortical Information Flow","pages/thalamo-cortical-information-flow.md","/v5ma.github.io/wiki/content/thalamo-cortical-information-flow.md","2639","2639","5a42881812a0cb3add237261a9e975b6832c2c4153b6131f8022ec3149413810","5a42881812a0cb3add237261a9e975b6832c2c4153b6131f8022ec3149413810",""
"thalamocortical-network","Thalamocortical Network","pages/thalamocortical-network.md","/v5ma.github.io/wiki/content/thalamocortical-network.md","3271","3271","9806c2c46ab0550fff78db929fe2d12b6e1150d710c59083ffb21a798772b181","9806c2c46ab0550fff78db929fe2d12b6e1150d710c59083ffb21a798772b181",""
"thalamus-alpha-omega","Thalamus Alpha Omega","pages/thalamus-alpha-omega.md","/v5ma.github.io/wiki/content/thalamus-alpha-omega.md","5541","5541","beb568420ab029e59af87a633a7182e8a16aeef7360c9cb8a6073771053032af","beb568420ab029e59af87a633a7182e8a16aeef7360c9cb8a6073771053032af",""
"thalamus-as-display-screen","Thalamus as Display Screen","pages/thalamus-as-display-screen.md","/v5ma.github.io/wiki/content/thalamus-as-display-screen.md","2268","2268","ef7ce5cb35a15d9cea367a78066ef7045f00256b1a8b44e5607e6d40126f1354","ef7ce5cb35a15d9cea367a78066ef7045f00256b1a8b44e5607e6d40126f1354",""
"thalamus-as-relay-station","Thalamus As Relay Station","pages/thalamus-as-relay-station.md","/v5ma.github.io/wiki/content/thalamus-as-relay-station.md","6165","6165","cc98fee6b60ca01465b7126c7061c63e5693a4967370f5c1d7e2621cf26f57a8","cc98fee6b60ca01465b7126c7061c63e5693a4967370f5c1d7e2621cf26f57a8",""
"thalamus-as-relay","Thalamus As Relay","pages/thalamus-as-relay.md","/v5ma.github.io/wiki/content/thalamus-as-relay.md","5041","5041","fe3fce45c7b8da2ae04fffa9b015ef4a3f7910323c44a3ed11fc4479e96129fe","fe3fce45c7b8da2ae04fffa9b015ef4a3f7910323c44a3ed11fc4479e96129fe",""
"thalamus-as-router","Thalamus As Router","pages/thalamus-as-router.md","/v5ma.github.io/wiki/content/thalamus-as-router.md","5113","5113","fb1090b061f2d7eaf1f0c4e914e1609b37d9316c871442368bb9cd63402940af","fb1090b061f2d7eaf1f0c4e914e1609b37d9316c871442368bb9cd63402940af",""
"thalamus-modular-agi-architecture","Thalamus Modular Agi Architecture","pages/thalamus-modular-agi-architecture.md","/v5ma.github.io/wiki/content/thalamus-modular-agi-architecture.md","2563","2563","02963ebce97bc24e9fab8c9c543866a623e75c6bdb438798ed47f0cc81f92b14","02963ebce97bc24e9fab8c9c543866a623e75c6bdb438798ed47f0cc81f92b14",""
"thalamus","Thalamus","pages/thalamus.md","/v5ma.github.io/wiki/content/thalamus.md","13614","13614","0bae296ace7f3beff1e76dc08ba6282cf5b052355820c14afc4abe2c489a7027","0bae296ace7f3beff1e76dc08ba6282cf5b052355820c14afc4abe2c489a7027",""
"theory-of-mind","Theory Of Mind","pages/theory-of-mind.md","/v5ma.github.io/wiki/content/theory-of-mind.md","11189","11189","8c125c14ebf3a61e835bb97c3554531046ca8fbfe28d964e1c68b170bb9c09c1","8c125c14ebf3a61e835bb97c3554531046ca8fbfe28d964e1c68b170bb9c09c1",""
"theory-of-redness","Theory of Redness","pages/theory-of-redness.md","/v5ma.github.io/wiki/content/theory-of-redness.md","9642","9642","65f61eae8c59d9f5c35a201dc807d49da5e27260c783dfa7f1a885a7632edcea","65f61eae8c59d9f5c35a201dc807d49da5e27260c783dfa7f1a885a7632edcea",""
"theory","Theory","pages/theory.md","/v5ma.github.io/wiki/content/theory.md","18606","18606","9dd133e7d7097d8a2df1599cba9cffa62bbaa123fe04f2b0f102954f9ca27232","9dd133e7d7097d8a2df1599cba9cffa62bbaa123fe04f2b0f102954f9ca27232",""
"theta-brainwaves","Theta Brainwaves","pages/theta-brainwaves.md","/v5ma.github.io/wiki/content/theta-brainwaves.md","7996","8104","b7faf7188f7b271907a5783504883e8e54239e5d5f475f385661f3e5ecd293c9","029951d0ac105d3c3e4d9968ee3292e95dc98011d3be51974aea09bf9e5e59f2","privateArchiveNamesGeneralized:6"
"theta-oscillation","Theta Oscillation","pages/theta-oscillation.md","/v5ma.github.io/wiki/content/theta-oscillation.md","13270","13270","a8be33e446bd45e8a93cb1f684c3fda3345281f0001de422653d29a550084dc2","a8be33e446bd45e8a93cb1f684c3fda3345281f0001de422653d29a550084dc2",""
"theta-oscillations-background-scripts","Theta Oscillations Background Scripts","pages/theta-oscillations-background-scripts.md","/v5ma.github.io/wiki/content/theta-oscillations-background-scripts.md","1948","1948","b9471602471e0a3efd6cae8e158099e349ecc0ec4fe4614f3a0e71eb445b4516","b9471602471e0a3efd6cae8e158099e349ecc0ec4fe4614f3a0e71eb445b4516",""
"theta-oscillations","Theta Oscillations","pages/theta-oscillations.md","/v5ma.github.io/wiki/content/theta-oscillations.md","9317","9317","271931c79aac3a7a8d6812e042a55fbf03d79a866b7b332f22e656c9cd088a6d","271931c79aac3a7a8d6812e042a55fbf03d79a866b7b332f22e656c9cd088a6d",""
"theta-wave-reality-generator","Theta Wave Reality Generator","pages/theta-wave-reality-generator.md","/v5ma.github.io/wiki/content/theta-wave-reality-generator.md","2707","2707","a477629bd6af191499b8a855e3a66ba02653bd987390ee43262b21eda00db504","a477629bd6af191499b8a855e3a66ba02653bd987390ee43262b21eda00db504",""
"thought-is-physical","Thought Is Physical","pages/thought-is-physical.md","/v5ma.github.io/wiki/content/thought-is-physical.md","7256","7256","0ac031edcd2c59d3f8b4c39fe877db1846280ab6c17afb949084b0fea108f588","0ac031edcd2c59d3f8b4c39fe877db1846280ab6c17afb949084b0fea108f588",""
"thought-patterns-as-em-patterns","Thought Patterns As Em Patterns","pages/thought-patterns-as-em-patterns.md","/v5ma.github.io/wiki/content/thought-patterns-as-em-patterns.md","5928","5928","8140d583320139bb8266fc0a5261ade6c7fdf38a156a5a6eadfcee3b0eb57a1f","8140d583320139bb8266fc0a5261ade6c7fdf38a156a5a6eadfcee3b0eb57a1f",""
"thousand-brains-theory","Thousand Brains Theory","pages/thousand-brains-theory.md","/v5ma.github.io/wiki/content/thousand-brains-theory.md","9921","9921","472db23cb5993d66010d96c1712d0d4e45d76801cfa68c8826d804fdb06db758","472db23cb5993d66010d96c1712d0d4e45d76801cfa68c8826d804fdb06db758",""
"three-dimensional-protein-structures","Three Dimensional Protein Structures","pages/three-dimensional-protein-structures.md","/v5ma.github.io/wiki/content/three-dimensional-protein-structures.md","5580","5580","b14940fac566b494a8346c949f5089ffdcea7b1042431cf1f3a9f96e80d4e734","b14940fac566b494a8346c949f5089ffdcea7b1042431cf1f3a9f96e80d4e734",""
"three-dimensional-time","Three Dimensional Time","pages/three-dimensional-time.md","/v5ma.github.io/wiki/content/three-dimensional-time.md","2619","2619","1355389eb7122f8f85c7fe7185c81937f5570fcebda906b01063da3c7858a366","1355389eb7122f8f85c7fe7185c81937f5570fcebda906b01063da3c7858a366",""
"three-network-neural-lace-architecture","Three Network Neural Lace Architecture","pages/three-network-neural-lace-architecture.md","/v5ma.github.io/wiki/content/three-network-neural-lace-architecture.md","3105","3105","0402d47b7b654c776aeb1282de7419c902d1e16a99901891e5fa0e45661172d7","0402d47b7b654c776aeb1282de7419c902d1e16a99901891e5fa0e45661172d7",""
"three-tier-spatial-consciousness-model","Three Tier Spatial Consciousness Model","pages/three-tier-spatial-consciousness-model.md","/v5ma.github.io/wiki/content/three-tier-spatial-consciousness-model.md","3523","3523","cabb3f7b286b8270259f9fba8a082e88b01dfeadf29898e5bd2a05dd748055ae","cabb3f7b286b8270259f9fba8a082e88b01dfeadf29898e5bd2a05dd748055ae",""
"threshold-state","Threshold State","pages/threshold-state.md","/v5ma.github.io/wiki/content/threshold-state.md","5887","5887","260dfa487d2578608276cafdcbf005ddfb769bb8bceb8cd2b2fe04de3257f5e7","260dfa487d2578608276cafdcbf005ddfb769bb8bceb8cd2b2fe04de3257f5e7",""
"time-crystal","Time Crystal","pages/time-crystal.md","/v5ma.github.io/wiki/content/time-crystal.md","10309","10309","9aebe30dd316144a0b97d506c2f165b73b7014a45e0c7b66db8039b7ac30bdd7","9aebe30dd316144a0b97d506c2f165b73b7014a45e0c7b66db8039b7ac30bdd7",""
"time-crystals","Time Crystals","pages/time-crystals.md","/v5ma.github.io/wiki/content/time-crystals.md","12206","12206","a208fcfc2f95b8c87d69e9d63023347991ffbecbfe0ac028b07604f02af3e6eb","a208fcfc2f95b8c87d69e9d63023347991ffbecbfe0ac028b07604f02af3e6eb",""
"time-density-field","Time Density Field","pages/time-density-field.md","/v5ma.github.io/wiki/content/time-density-field.md","10591","10591","574ce209367b3091fcd8e159fe506f0e800c0efa0324b601b1a8079532fa8714","574ce209367b3091fcd8e159fe506f0e800c0efa0324b601b1a8079532fa8714",""
"time-density","Time Density","pages/time-density.md","/v5ma.github.io/wiki/content/time-density.md","10113","10113","f21b86097364d0efabb5a4bbc3dddb64d65b4fef1e4a0530f76b250943a65014","f21b86097364d0efabb5a4bbc3dddb64d65b4fef1e4a0530f76b250943a65014",""
"tomographic-map-of-reality","Tomographic Map Of Reality","pages/tomographic-map-of-reality.md","/v5ma.github.io/wiki/content/tomographic-map-of-reality.md","6504","6504","41db68e5cb8b91e52c4f1f6a18b332b1e34f3ef6635cd0938026c2f11b2f1490","41db68e5cb8b91e52c4f1f6a18b332b1e34f3ef6635cd0938026c2f11b2f1490",""
"tomographic-phase-wave","Tomographic Phase Wave","pages/tomographic-phase-wave.md","/v5ma.github.io/wiki/content/tomographic-phase-wave.md","4706","4706","b0d230357a75b88c48c934b34da695c3d5559514116718a3d20428b8cb5d0e21","b0d230357a75b88c48c934b34da695c3d5559514116718a3d20428b8cb5d0e21",""
"tomography","Tomography","pages/tomography.md","/v5ma.github.io/wiki/content/tomography.md","12585","12585","3a27383e9a7fd92c81ddad0f7fdc0ab12389fbd685115047433ecd2f5e2dcfa1","3a27383e9a7fd92c81ddad0f7fdc0ab12389fbd685115047433ecd2f5e2dcfa1",""
"tonic-canvas-phasic-paint","Tonic Canvas, Phasic Paint","pages/tonic-canvas-phasic-paint.md","/v5ma.github.io/wiki/content/tonic-canvas-phasic-paint.md","1412","1412","84f6c11b7d4afbeb14fef451e3711200f84106b32a19d4dce6cb7f5eb452be01","84f6c11b7d4afbeb14fef451e3711200f84106b32a19d4dce6cb7f5eb452be01",""
"tonic-context-rare-deviation-tomographic-language","Tonic Context, Rare Deviations, and Tomographic Language","pages/tonic-context-rare-deviation-tomographic-language.md","/v5ma.github.io/wiki/content/tonic-context-rare-deviation-tomographic-language.md","12389","12389","441fe731d48bc06555b1ba800703924e3ee8dcba2808e80311232e8c4f40109b","441fe731d48bc06555b1ba800703924e3ee8dcba2808e80311232e8c4f40109b",""
"tonic-oscillation-as-predictive-reference-frame","Tonic Activity as a Candidate Predictive Reference Context","pages/tonic-oscillation-as-predictive-reference-frame.md","/v5ma.github.io/wiki/content/tonic-oscillation-as-predictive-reference-frame.md","3069","3069","0a270ef5f1fae53bcb33aaeef8823bd9a55eb5794986e12977f41e72e8ae6d1f","0a270ef5f1fae53bcb33aaeef8823bd9a55eb5794986e12977f41e72e8ae6d1f",""
"tonic-oscillation-bridging","Tonic Oscillation Bridging","pages/tonic-oscillation-bridging.md","/v5ma.github.io/wiki/content/tonic-oscillation-bridging.md","5001","5001","bd1771ca61965dba55679960dba6799d146caab9213b0b54d4a7cecb792d9176","bd1771ca61965dba55679960dba6799d146caab9213b0b54d4a7cecb792d9176",""
"tonic-oscillation-canvas","Tonic Oscillation as Canvas","pages/tonic-oscillation-canvas.md","/v5ma.github.io/wiki/content/tonic-oscillation-canvas.md","1440","1440","3d09582d7d0653a2ddd7335d24500b2fac59466adc22072718f8ffaff9ea35ca","3d09582d7d0653a2ddd7335d24500b2fac59466adc22072718f8ffaff9ea35ca",""
"tonic-oscillation-framework","Tonic Oscillation Framework","pages/tonic-oscillation-framework.md","/v5ma.github.io/wiki/content/tonic-oscillation-framework.md","5642","5642","122eef43ba2755041e0b4b4cc0b466903ddd1d8f8636904938bb576b19497c12","122eef43ba2755041e0b4b4cc0b466903ddd1d8f8636904938bb576b19497c12",""
"tonic-oscillation","Tonic Oscillation","pages/tonic-oscillation.md","/v5ma.github.io/wiki/content/tonic-oscillation.md","2632","2632","bc623b9c8c239107d6350d7a4728400f932542fbc7243fe7afb6189e654d4d1f","bc623b9c8c239107d6350d7a4728400f932542fbc7243fe7afb6189e654d4d1f",""
"tonic-phasic-canvas-of-consciousness","Tonic-Phasic Canvas of Consciousness","pages/tonic-phasic-canvas-of-consciousness.md","/v5ma.github.io/wiki/content/tonic-phasic-canvas-of-consciousness.md","2041","2041","47ec9a02fc3f0b43c215f1d8decb4527eeb7a634c27bfa7264067221f84ba635","47ec9a02fc3f0b43c215f1d8decb4527eeb7a634c27bfa7264067221f84ba635",""
"tonic-phasic-canvas","Tonic and Phasic Roles: Canvas and Ink","pages/tonic-phasic-canvas.md","/v5ma.github.io/wiki/content/tonic-phasic-canvas.md","6144","6144","444ee6c26b7b85ff8f8bf9b520c9d16d083241cf5ec1a49fa3dda435d0c16a36","444ee6c26b7b85ff8f8bf9b520c9d16d083241cf5ec1a49fa3dda435d0c16a36",""
"tonic-phasic-firing","Tonic Phasic Firing","pages/tonic-phasic-firing.md","/v5ma.github.io/wiki/content/tonic-phasic-firing.md","7024","7024","318235c774b65547b6bb6709a316703d3dcd43002d9c4e82e417d98924d980f2","318235c774b65547b6bb6709a316703d3dcd43002d9c4e82e417d98924d980f2",""
"tonic-phasic-neural-oscillation","Tonic-Phasic Neural Oscillation","pages/tonic-phasic-neural-oscillation.md","/v5ma.github.io/wiki/content/tonic-phasic-neural-oscillation.md","1547","1547","3f37292d7b33f4df0e93a103993a4d80ecf29c56d593344608fc3a987c0609c6","3f37292d7b33f4df0e93a103993a4d80ecf29c56d593344608fc3a987c0609c6",""
"tonic-phasic-oscillation","Tonic Phasic Oscillation","pages/tonic-phasic-oscillation.md","/v5ma.github.io/wiki/content/tonic-phasic-oscillation.md","6095","6095","6b93db4f0f46820daaa62e7fdc6c186ddba0ac6e8cfec03d4b3048994200fbc6","6b93db4f0f46820daaa62e7fdc6c186ddba0ac6e8cfec03d4b3048994200fbc6",""
"tonic-phasic-phase-wave-differential","Tonic Baseline, Phasic Update, and Phase-Wave Differential","pages/tonic-phasic-phase-wave-differential.md","/v5ma.github.io/wiki/content/tonic-phasic-phase-wave-differential.md","14362","14362","c87f1454db8a1c111601ded683d807c9abeb5878f20abc38c09f054fef259963","c87f1454db8a1c111601ded683d807c9abeb5878f20abc38c09f054fef259963",""
"tonic-phasic-signaling","Tonic-Phasic Signaling","pages/tonic-phasic-signaling.md","/v5ma.github.io/wiki/content/tonic-phasic-signaling.md","1526","1526","6d45061d914d91c45ab6fb05bc2d0144f3945df8e6992b2227b11a791f89633a","6d45061d914d91c45ab6fb05bc2d0144f3945df8e6992b2227b11a791f89633a",""
"tonic-powerband-reference-frames","Tonic Powerbands and Reference-Frame Hypotheses","pages/tonic-powerband-reference-frames.md","/v5ma.github.io/wiki/content/tonic-powerband-reference-frames.md","2856","2856","3885b527cab91e13d02afda8ce53a9e09261ee9a79434c7af8e4ba677a2671f3","3885b527cab91e13d02afda8ce53a9e09261ee9a79434c7af8e4ba677a2671f3",""
"toxoplasmosis-behavior-alteration","Toxoplasmosis Behavior Alteration","pages/toxoplasmosis-behavior-alteration.md","/v5ma.github.io/wiki/content/toxoplasmosis-behavior-alteration.md","2882","2882","bdb08849386d58bd12289392190dc0f04e9331e8eed4e9ff24ac25b973c69a4d","bdb08849386d58bd12289392190dc0f04e9331e8eed4e9ff24ac25b973c69a4d",""
"transcranial-magnetic-stimulation","Transcranial Magnetic Stimulation","pages/transcranial-magnetic-stimulation.md","/v5ma.github.io/wiki/content/transcranial-magnetic-stimulation.md","9315","9315","e82f18aae8f93cd7b748679effd4ebfd6eedd55015dcfac37d254eda9e07158a","e82f18aae8f93cd7b748679effd4ebfd6eedd55015dcfac37d254eda9e07158a",""
"transcript-riemann-papers-extended","Transcript Riemann Papers Extended","pages/transcript-riemann-papers-extended.md","/v5ma.github.io/wiki/content/transcript-riemann-papers-extended.md","5029","5029","bce6bf79dd24aa684d6b7a6eecbed07e170b7ea7ffed1d7b6db1037f1a093d0e","bce6bf79dd24aa684d6b7a6eecbed07e170b7ea7ffed1d7b6db1037f1a093d0e",""
"transcript-riemann-papers","Transcript Riemann Papers","pages/transcript-riemann-papers.md","/v5ma.github.io/wiki/content/transcript-riemann-papers.md","5032","5032","6d720b18498a01ce5baa85617221b3c19d2286950c5bb347e4074ce8ddcd7e52","6d720b18498a01ce5baa85617221b3c19d2286950c5bb347e4074ce8ddcd7e52",""
"traveling-waves-neural-oscillations","Traveling Waves in Neural Oscillations","pages/traveling-waves-neural-oscillations.md","/v5ma.github.io/wiki/content/traveling-waves-neural-oscillations.md","6721","6721","e5b7f4a0327fb729177f59cc5506410d2531c079c155b71005aebde791de4123","e5b7f4a0327fb729177f59cc5506410d2531c079c155b71005aebde791de4123",""
"traveling-waves-phase-arrays","Traveling Waves Phase Arrays","pages/traveling-waves-phase-arrays.md","/v5ma.github.io/wiki/content/traveling-waves-phase-arrays.md","8099","8099","32e8cb11f0103f40f796de6507ff6ad36bb6e75d322ef15ec257b55ae74dfcf6","32e8cb11f0103f40f796de6507ff6ad36bb6e75d322ef15ec257b55ae74dfcf6",""
"traveling-waves","Traveling Waves","pages/traveling-waves.md","/v5ma.github.io/wiki/content/traveling-waves.md","11199","11199","141affaa5221dd71050343f4a3c5dcca866a7a52c223649e1868700c94eab205","141affaa5221dd71050343f4a3c5dcca866a7a52c223649e1868700c94eab205",""
"tripoiesis","Tripoiesis","pages/tripoiesis.md","/v5ma.github.io/wiki/content/tripoiesis.md","6284","6284","8deb15c835c8d84c51f7282d3bff1652dbc62a72b29a95dfa0d576face61bc6f","8deb15c835c8d84c51f7282d3bff1652dbc62a72b29a95dfa0d576face61bc6f",""
"triune-harmonic-dynamics","Triune Harmonic Dynamics","pages/triune-harmonic-dynamics.md","/v5ma.github.io/wiki/content/triune-harmonic-dynamics.md","2670","2019","b282cb6b25d1783a3d829ea38365b7d2b216d876364a5b3d13a48e3902f5d596","b6984372b00fff3a4d238862f48e467da3b1966bbcaa5e7d671b33b157553ccf","routeBlocksRemoved:1"
"umami-multi-receptor-coincidence-detection","Umami Multi Receptor Coincidence Detection","pages/umami-multi-receptor-coincidence-detection.md","/v5ma.github.io/wiki/content/umami-multi-receptor-coincidence-detection.md","2606","2606","9a76c8a10cda4129a3ad172f064061c336836d1996abc56b5997c8070a3d7947","9a76c8a10cda4129a3ad172f064061c336836d1996abc56b5997c8070a3d7947",""
"undecidability-does-not-kill-simulation","Undecidability Does Not Kill Simulation","pages/undecidability-does-not-kill-simulation.md","/v5ma.github.io/wiki/content/undecidability-does-not-kill-simulation.md","2151","2151","3b656d6eccf4d7ed4c09e6546008c1b77dfe26c5d5a50de0c18ed732ed4ae449","3b656d6eccf4d7ed4c09e6546008c1b77dfe26c5d5a50de0c18ed732ed4ae449",""
"undecidability-simulation","Undecidability Simulation","pages/undecidability-simulation.md","/v5ma.github.io/wiki/content/undecidability-simulation.md","6788","6788","b80398da1e5af90e1a73b7f728263674a0a14df07d4638b287ca2552ffc60d62","b80398da1e5af90e1a73b7f728263674a0a14df07d4638b287ca2552ffc60d62",""
"universe-pixel-count-graphic","Universe Pixel Count Graphic","pages/universe-pixel-count-graphic.md","/v5ma.github.io/wiki/content/universe-pixel-count-graphic.md","4947","4947","10e62779edb70eb8a9936acdbbbac2cb8926e5974f11c1ae9da39e80f32a2907","10e62779edb70eb8a9936acdbbbac2cb8926e5974f11c1ae9da39e80f32a2907",""
"vector-embeddings","Vector Embeddings","pages/vector-embeddings.md","/v5ma.github.io/wiki/content/vector-embeddings.md","16814","16814","1f9464b04ff0a68cd379f64878fcd1c55467ba7c43d26bcc4b0a22288bf193f3","1f9464b04ff0a68cd379f64878fcd1c55467ba7c43d26bcc4b0a22288bf193f3",""
"vesicle-sacks","Vesicle Sacks","pages/vesicle-sacks.md","/v5ma.github.io/wiki/content/vesicle-sacks.md","10101","10101","09df0bf8d5ff8b66c5a86159839597213e13bc49bb86485c03b632a58d43c256","09df0bf8d5ff8b66c5a86159839597213e13bc49bb86485c03b632a58d43c256",""
"virtual-being-pattern","Virtual Being Pattern","pages/virtual-being-pattern.md","/v5ma.github.io/wiki/content/virtual-being-pattern.md","7789","7789","410667222e2c856c3354a94a59ecf5bb277802c09ce163f1116f65dc57bba19e","410667222e2c856c3354a94a59ecf5bb277802c09ce163f1116f65dc57bba19e",""
"virtual-models-consciousness","Virtual Models Consciousness","pages/virtual-models-consciousness.md","/v5ma.github.io/wiki/content/virtual-models-consciousness.md","2985","2985","3234923ee18767e00e2581b18856d1f86f38610bddfa604f0e57a5761f5e7a41","3234923ee18767e00e2581b18856d1f86f38610bddfa604f0e57a5761f5e7a41",""
"virtual-models-theory","Virtual Models Theory","pages/virtual-models-theory.md","/v5ma.github.io/wiki/content/virtual-models-theory.md","2246","2246","3093fbbc82f045d43cb8e05fcc76983098f2fc5ae59c93a4658d86c3a150d507","3093fbbc82f045d43cb8e05fcc76983098f2fc5ae59c93a4658d86c3a150d507",""
"virtual-particle-dissipation","Virtual Particle Dissipation","pages/virtual-particle-dissipation.md","/v5ma.github.io/wiki/content/virtual-particle-dissipation.md","8044","8044","19dae9b5f6b3f30a12886a62ae380f6e009ca237b6a14a8d5204b4fade97a5ac","19dae9b5f6b3f30a12886a62ae380f6e009ca237b6a14a8d5204b4fade97a5ac",""
"virtual-patterns-in-the-brain","Virtual Patterns In The Brain","pages/virtual-patterns-in-the-brain.md","/v5ma.github.io/wiki/content/virtual-patterns-in-the-brain.md","8165","8165","ad20d37e5e803ab7af21e05917821e888187edfd9f5a1b766db880d8e29979ba","ad20d37e5e803ab7af21e05917821e888187edfd9f5a1b766db880d8e29979ba",""
"virtual-reality-neuroscience-convergence","Virtual Reality Neuroscience Convergence","pages/virtual-reality-neuroscience-convergence.md","/v5ma.github.io/wiki/content/virtual-reality-neuroscience-convergence.md","6459","5914","697b71ec69807b5df626e27268622573bcd797fd3f8fa61c51fe29e814980997","ea80ae1181f981f89dd78148a9a593074bd23e5cf1ec2b61ea2557eea1e4cef1","routeBlocksRemoved:1"
"virtual-reality","Virtual Reality","pages/virtual-reality.md","/v5ma.github.io/wiki/content/virtual-reality.md","6423","6423","bbef0b7841481aa3c3087257c4e9598aaca83e51147608876b46e36313ac69e8","bbef0b7841481aa3c3087257c4e9598aaca83e51147608876b46e36313ac69e8",""
"visual-cortex","Visual Cortex","pages/visual-cortex.md","/v5ma.github.io/wiki/content/visual-cortex.md","6622","6622","b811dc450de2f246d874d444e443dac197aa58d50c2354ecfa0c5c2213c38b7c","b811dc450de2f246d874d444e443dac197aa58d50c2354ecfa0c5c2213c38b7c",""
"volition","Volition","pages/volition.md","/v5ma.github.io/wiki/content/volition.md","9878","9878","83cc6b801b6b286c37ae5118aed4996c8071dfe245fa01b197e1dc995be38d49","83cc6b801b6b286c37ae5118aed4996c8071dfe245fa01b197e1dc995be38d49",""
"volume-recognition","Volume Recognition","pages/volume-recognition.md","/v5ma.github.io/wiki/content/volume-recognition.md","9473","9473","1fa53d6b8691e8f6a534ce4db4768367ae982866ac73da8e2442586d697f2cab","1fa53d6b8691e8f6a534ce4db4768367ae982866ac73da8e2442586d697f2cab",""
"volumetric-3d-internal-screen","Volumetric 3d Internal Screen","pages/volumetric-3d-internal-screen.md","/v5ma.github.io/wiki/content/volumetric-3d-internal-screen.md","7026","7026","674746627d8a618fc47bdfa78024e984ee58ab96f0d1ded1fa34aa5d812e12cb","674746627d8a618fc47bdfa78024e984ee58ab96f0d1ded1fa34aa5d812e12cb",""
"volumetric-predictive-rendering","Volumetric Predictive Rendering","pages/volumetric-predictive-rendering.md","/v5ma.github.io/wiki/content/volumetric-predictive-rendering.md","5736","5736","fcb888d39db7108d7f60727d555f44092b58b0c176350f7611c34dd62da69751","fcb888d39db7108d7f60727d555f44092b58b0c176350f7611c34dd62da69751",""
"voluntary-shared-cognitive-environment-retained-personhood","Voluntary Shared Cognitive Environments and Retained Personhood","pages/voluntary-shared-cognitive-environment-retained-personhood.md","/v5ma.github.io/wiki/content/voluntary-shared-cognitive-environment-retained-personhood.md","8084","8084","bc5a51a758860f94ead0dcb551941da67247829a503edde94d604c5ba4f7f781","bc5a51a758860f94ead0dcb551941da67247829a503edde94d604c5ba4f7f781",""
"wave-dissipation-universality","Wave Dissipation Universality","pages/wave-dissipation-universality.md","/v5ma.github.io/wiki/content/wave-dissipation-universality.md","3496","3496","685c9f13e6354f8a0120a55217a2cd6248df50ca6868703db17a4cc585f66ac0","685c9f13e6354f8a0120a55217a2cd6248df50ca6868703db17a4cc585f66ac0",""
"wave-interference-attractive-repulsive-forces","Wave Interference Attractive Repulsive Forces","pages/wave-interference-attractive-repulsive-forces.md","/v5ma.github.io/wiki/content/wave-interference-attractive-repulsive-forces.md","2851","2851","e49736b08555f12f9d5fe815a887060166062364dda0f9a91470920c2ced328d","e49736b08555f12f9d5fe815a887060166062364dda0f9a91470920c2ced328d",""
"wave-particle-duality","Wave Particle Duality","pages/wave-particle-duality.md","/v5ma.github.io/wiki/content/wave-particle-duality.md","8193","8193","f028f0e9928e84b4b17a732a6ff78beb28479ba5b912f2579376153598177284","f028f0e9928e84b4b17a732a6ff78beb28479ba5b912f2579376153598177284",""
"wave-phase-dissipation","Wave Phase Dissipation","pages/wave-phase-dissipation.md","/v5ma.github.io/wiki/content/wave-phase-dissipation.md","5753","5753","ccbf3af296e872b04a87a9132da736564d01f6326d07c3b8e0b5783fe767eba2","ccbf3af296e872b04a87a9132da736564d01f6326d07c3b8e0b5783fe767eba2",""
"wave-synchronization","Wave Synchronization","pages/wave-synchronization.md","/v5ma.github.io/wiki/content/wave-synchronization.md","18952","18952","c52c23fa727c9691d6fc0e7f11bd82f967f5c1cad7148c7b0e3e2e96a63b4a1c","c52c23fa727c9691d6fc0e7f11bd82f967f5c1cad7148c7b0e3e2e96a63b4a1c",""
"wavefront-collision","Wavefront Collision","pages/wavefront-collision.md","/v5ma.github.io/wiki/content/wavefront-collision.md","3355","3355","ec293826c996c8aab132a921707b3b25d98a48e3c25b7e3788b558ad9392b17a","ec293826c996c8aab132a921707b3b25d98a48e3c25b7e3788b558ad9392b17a",""
"waveparticle-duality","Waveparticle Duality","pages/waveparticle-duality.md","/v5ma.github.io/wiki/content/waveparticle-duality.md","5751","5751","df7ea7f84ffbb77d76f0bb1c434a553cd92f5dbb4dd7fbf32680584e84d89f29","df7ea7f84ffbb77d76f0bb1c434a553cd92f5dbb4dd7fbf32680584e84d89f29",""
"webxr-bci-integration","Webxr Bci Integration","pages/webxr-bci-integration.md","/v5ma.github.io/wiki/content/webxr-bci-integration.md","5169","5169","e470be47595093734921021cae1ea7b1237d30b7c3eef14417c98900209ecc0b","e470be47595093734921021cae1ea7b1237d30b7c3eef14417c98900209ecc0b",""
"whitepaper-2019","Whitepaper 2019","pages/whitepaper-2019.md","/v5ma.github.io/wiki/content/whitepaper-2019.md","5521","5521","b3b0f2e33c4e47aa042a6e4eeef08c55ad4557fe51c59ed9953dd7ec99d1975f","b3b0f2e33c4e47aa042a6e4eeef08c55ad4557fe51c59ed9953dd7ec99d1975f",""
"working-memory","Working Memory","pages/working-memory.md","/v5ma.github.io/wiki/content/working-memory.md","14761","14761","196f8f79755a1d065922ceae52ea13abf2eaae6b7cfdec3c5baeeaca3f52b599","196f8f79755a1d065922ceae52ea13abf2eaae6b7cfdec3c5baeeaca3f52b599",""
"world-body-brain-semantic-coregistration","World-Body-Brain Co-Registration: From 3D Scene Models to Neural Read/Write","pages/world-body-brain-semantic-coregistration.md","/v5ma.github.io/wiki/content/world-body-brain-semantic-coregistration.md","14557","14557","d4c2cd3f484bba093dcfa7dd551b7618726f25087c4cd20f0e98250470131fa4","d4c2cd3f484bba093dcfa7dd551b7618726f25087c4cd20f0e98250470131fa4",""
"xmark-theory","Xmark Theory","pages/xmark-theory.md","/v5ma.github.io/wiki/content/xmark-theory.md","3901","3901","76fdd9b136711282dbcf3ea0be3673d94ead443f3b13929856368c0258b0522d","76fdd9b136711282dbcf3ea0be3673d94ead443f3b13929856368c0258b0522d",""
"zeta-curriculum","Zeta Curriculum","pages/zeta-curriculum.md","/v5ma.github.io/wiki/content/zeta-curriculum.md","4886","4886","b6ecc954e633b57895f521972ce6c364a535a8215978039cab689af211dd1204","b6ecc954e633b57895f521972ce6c364a535a8215978039cab689af211dd1204",""
